:1000000060420020F9330000936E0100E5330000E8
:10001000E5330000E5330000E53300000000000098
:10002000000000000000000000000000313400006B
:10003000E533000000000000C9350000E533000092
:1000400035360000C9F300003536000035360000B3
:1000500035360000353600003536000035360000F4
:1000600035360000353600003536000035360000E4
:1000700035360000353600003536000035360000D4
:1000800035360000353600003536000035360000C4
:1000900035360000353600003536000035360000B4
:1000A00035360000353600003536000035360000A4
:0800B000353600003536000072
:1000B80080F0004002E000BF81F0004142001FBF15
:1000C8005FEA410392EA030F7FEA226C7FEA236C1E
:1000D8006AD04FEA1262D2EB1363C1BFD218414013
:1000E80048404140B8BF5B42192B88BF704710F0A9
:1000F800004F40F4000020F07F4018BF404211F04C
:10010800004F41F4000121F07F4118BF494292EAB3
:10011800030F3FD0A2F1010241FA03FC10EB0C00DF
:10012800C3F1200301FA03F100F0004302D549426C
:1001380060EB4000B0F5000F13D3B0F1807F06D319
:1001480040084FEA310102F10102FE2A51D2B1F111
:10015800004F40EBC25008BF20F0010040EA030006
:100168007047490040EB0000013A28BFB0F5000F86
:10017800EDD2B0FA80FCACF1080CB2EB0C0200FA3C
:100188000CF0AABF00EBC25052421843BCBFD0408B
:100198001843704792F0000F81F4000106BF80F405
:1001A80000000132013BB5E74FEA41037FEA226CC8
:1001B80018BF7FEA236C21D092EA030F04D092F093
:1001C800000F08BF0846704790EA010F1CBF0020C7
:1001D800704712F07F4F04D1400028BF40F0004024
:1001E800704712F100723CBF00F50000704700F044
:1001F800004343F0FE4040F4000070477FEA22626B
:1002080016BF08467FEA23630146420206BF5FEA3B
:10021800412390EA010F40F4800070474FF000033B
:1002280004E000BF10F0004348BF40425FEA000C02
:1002380008BF704743F0964301464FF000001CE0AA
:1002480050EA010208BF70474FF000030AE000BF00
:1002580050EA010208BF704711F0004302D540423E
:1002680061EB41015FEA010C02BF844601460020B0
:1002780043F0B64308BFA3F18053A3F50003BCFACB
:100288008CF2083AA3EBC25310DB01FA02FC634478
:1002980000FA02FCC2F12002BCF1004F20FA02F27F
:1002A80043EB020008BF20F00100704702F1200272
:1002B80001FA02FCC2F1200250EA4C0021FA02F2D3
:1002C80043EB020008BF20EADC7070474FF0FF0CD8
:1002D8001CEAD0521EBF1CEAD15392EA0C0F93EAD3
:1002E8000C0F6FD01A4480EA010C400218BF5FEA75
:1002F80041211ED04FF0006343EA501043EA5111E8
:10030800A0FB01310CF00040B1F5000F3EBF4900E1
:1003180041EAD3715B0040EA010062F17F02FD2AE5
:100328001DD8B3F1004F40EBC25008BF20F00100C8
:10033800704790F0000F0CF0004C08BF49024CEADF
:10034800502040EA51207F3AC2BFD2F1FF0340EA71
:10035800C250704740F400004FF00003013A5DDCE2
:1003680012F1190FDCBF00F000407047C2F1000223
:10037800410021FA02F1C2F1200200FA02FC5FEA10
:10038800310040F1000053EA4C0308BF20EADC705A
:10039800704792F0000F00F0004C02BF400010F4CC
:1003A800000F013AF9D040EA0C0093F0000F01F079
:1003B800004C02BF490011F4000F013BF9D041EA9B
:1003C8000C018FE70CEAD15392EA0C0F18BF93EA9D
:1003D8000C0F0AD030F0004C18BF31F0004CD8D1C7
:1003E80080EA010000F00040704790F0000F17BF4E
:1003F80090F0004F084691F0000F91F0004F14D094
:1004080092EA0C0F01D142020FD193EA0C0F03D1EB
:100418004B0218BF084608D180EA010000F00040EE
:1004280040F0FE4040F40000704740F0FE4040F4C9
:10043800400070474FF0FF0C1CEAD0521EBF1CEA68
:10044800D15392EA0C0F93EA0C0F69D0A2EB030286
:1004580080EA010C49024FEA402037D04FF0805320
:1004680043EA111143EA10130CF000408B4238BFE5
:100478005B0042F17D024FF4000C8B4224BF5B1AF3
:1004880040EA0C00B3EB510F24BFA3EB510340EA41
:100498005C00B3EB910F24BFA3EB910340EA9C00EF
:1004A800B3EBD10F24BFA3EBD10340EADC001B015F
:1004B80018BF5FEA1C1CE0D1FD2A3FF650AF8B4203
:1004C80040EBC25008BF20F0010070470CF0004C10
:1004D8004CEA50207F32C2BFD2F1FF0340EAC2503B
:1004E800704740F400004FF00003013A37E792F0FC
:1004F800000F00F0004C02BF400010F4000F013A5A
:10050800F9D040EA0C0093F0000F01F0004C02BF54
:10051800490011F4000F013BF9D041EA0C0195E7BD
:100528000CEAD15392EA0C0F08D142027FF47DAF56
:1005380093EA0C0F7FF470AF084676E793EA0C0F46
:1005480004D14B023FF44CAF08466EE730F0004C44
:1005580018BF31F0004CCAD130F000427FF45CAFD4
:1005680031F000437FF43CAF5FE700BF4FF0FF3C42
:1005780006E000BF4FF0010C02E000BF4FF0010C95
:100588004DF804CD4FEA40024FEA41037FEA226C5E
:1005980018BF7FEA236C11D001B052EA530C18BF80
:1005A80090EA010F58BFB2EB030088BFC81738BFE5
:1005B8006FEAE17018BF40F0010070477FEA226CD3
:1005C80002D15FEA402C05D17FEA236CE4D15FEACF
:1005D800412CE1D05DF8040B704700BF8446084603
:1005E8006146FFE70FB5FFF7C9FF002848BF10F1C4
:1005F800000F0FBD4DF808EDFFF7F4FF0CBF012009
:1006080000205DF808FB00BF4DF808EDFFF7EAFF92
:1006180034BF012000205DF808FB00BF4DF808ED4D
:10062800FFF7E0FF94BF012000205DF808FB00BF42
:100638004DF808EDFFF7D2FF94BF012000205DF8C8
:1006480008FB00BF4DF808EDFFF7C8FF34BF0120D5
:1006580000205DF808FB00BF7BB972B90029BEBF56
:1006680000204FF0004106E008BF00281CBF6FF0D3
:1006780000414FF0FF3000F057B8ADF1080C6DE9BC
:1006880004CE002909DB002B1ADB00F057F8DDF84F
:1006980004E0DDE9022304B07047404261EB410108
:1006A800002B1BDB00F04AF8DDF804E0DDE902234B
:1006B80004B0404261EB4101524263EB430370478F
:1006C800524263EB430300F039F8DDF804E0DDE95A
:1006D800022304B0404261EB41017047524263EB90
:1006E800430300F02BF8DDF804E0DDE9022304B051
:1006F800524263EB4303704753B94AB9002908BF14
:1007080000281CBF4FF0FF314FF0FF3000F00CB84D
:10071800ADF1080C6DE904CE00F010F8DDF804E046
:10072800DDE9022304B07047704700BF034613F8A1
:10073800012B002AFBD1181A013870472DE9F04720
:100748008C468E46089E154604461946002B40F0F6
:10075800D080724547D9B2FA82F74FB1C7F120036A
:100768000EFA07FC20FA03F3BD4043EA0C0CBC4028
:100778004FEA154EA8B2BCFBFEF8230C0EFB18CCB2
:1007880008FB00F943EA0C43994528D9EB1808F10E
:10079800FF3204D2994502D9A8F102022B44A3EBF7
:1007A8000903A4B2B3FBFEFC0EFB1C330CFB00F0E8
:1007B80044EA0344A04214D92C190CF1FF3304D2A3
:1007C800A04202D9ACF102032C44241A43EA0240A5
:1007D8001EB1FC40002334607360BDE8F0874246D8
:1007E800DDE76346F1E7002A79D0B2FA82F3002BFD
:1007F8003FD01946C1F1200302FA01F52EFA03F29F
:100808000EFA01FE20FA03F343EA0E034FEA154EEF
:1008180000FA01F4B2FBFEFCAFB20EFB1C201A0C6E
:100828000CFB07F842EA004290455AD9AA180CF185
:10083800FF3004D2904502D9ACF102002A44A2EB61
:1008480008029BB2B2FBFEFC0EFB1C220CFB07F756
:1008580043EA02439F4246D9EB180CF1FF3204D217
:100868009F4202D9ACF102022B44DB1B42EA004250
:1008780002E0AEEB020301224FEA154EAFB2B3FB22
:10088800FEFC200C0EFB1C330CFB07F840EA03436C
:1008980098452AD9EB180CF1FF3004D2984502D9B3
:1008A800ACF102002B44A3EB0803A4B2B3FBFEFC9B
:1008B8000EFB1C330CFB07F744EA0344A74216D986
:1008C8002C190CF1FF3304D2A74202D9ACF1020370
:1008D8002C44E41B43EA00400F46114678E71F21E9
:1008E80088E76046ABE76246BFE76046DBE76346FA
:1008F800EFE7734506D916B9002108466DE7C6E942
:10090800000EF9E7B3FA83F787B9734501D382423A
:1009180007D8841A6EEB030301209C461EB90021F8
:100928005BE73846FAE7C6E9004CF8E7C7F1200C60
:10093800BB4022FA0CF51D4320FA0CF12EFA0CF3F9
:100948000EFA07FE41EA0E014FEA154900FA07F4CC
:10095800B3FBF9F81FFA85FE09FB18300B0C08FBEE
:100968000EFA43EA00439A4502FA07F240D9EB1817
:1009780008F1FF3004D29A4502D9A8F102002B44AD
:10098800A3EB0A0389B2B3FBF9F809FB183308FB98
:100998000EFE41EA03418E452CD9691808F1FF3350
:1009A80004D28E4502D9A8F10203294443EA004043
:1009B800A0FB0298A1EB0E014145CE46434602D367
:1009C80006D14C4504D2B9EB020E68EB0503013899
:1009D800002EA4D0B4EB0E0261EB030101FA0CFC6B
:1009E80022FA07F34CEA0303F940C6E9003196E717
:1009F8004046C5E74346D9E72DE9F843D0E906382C
:100A0800456903EB08042F34A5420F46164619D84A
:100A1800DFF86C80A3FB080117A3D3E90023FFF7D5
:100A28006BFE0346601BA0FB080123F07F4412A362
:100A3800D3E90023FFF760FE20F07F403C60306080
:100A4800BDE8F883DFF838900BA3D3E90023A5FBB2
:100A58000901FFF751FE20F07F440A480A2106A346
:100A6800D3E90023E8FB0901FFF746FE20F07F40A9
:100A78003C603060BDE8F8838D49FD1A070000002E
:100A880000CA9A3B00166BF1002800F039812DE965
:100A9800F04FC14C94F85E30DA078DB000F12C812C
:100AA800627F94F8293004EB820204EB8303166A10
:100AB800DF6A0EB3354615F8020BC0F3801008F054
:100AC800F7F90368C6F802308388AB8033785B0691
:100AD80006D50621284606F06BFE002800F0428164
:100AE8003D4615F8020BC0F3801008F0E1F90368E1
:100AF800C7F802308388AB80337813F00E0F40F0CC
:100B0800878063691BB10C200DB0BDE8F08F08F039
:100B18004FFE8146002800F02E8108F055FE8246DF
:100B2800002800F025810AF0B5FE0546002800F0EF
:100B38002881C06E4FF6FF73AB8405F1100B0028B7
:100B480000F01B8105F1600205F15C0106F03CFE36
:100B5800B5F8583023F4EF6323F0070343F48C739C
:100B680043F00103A5F8583095F8373003F03F03F8
:100B780063F07F0385F8373095F8723023F0070368
:100B880085F8723095F83C3023F00F034FF00008D9
:100B980085F83C300623A5F828312846C5E912888F
:100BA800C5F86C80A5F8708085F83980A5F82A808A
:100BB800C5F82E80C5F85080A5F80081A5F82C81CD
:100BC8000BF0FAFF85F80481C5F808910BF074F86A
:100BD80095F8343160F3020385F834310BF072F87C
:100BE80095F8343160F3C50385F8343105F1800098
:100BF8000BF03CFEC4E9159AC4F814B0C5E90288A4
:100C080085F800802D610FF06FF8002840F0AC8067
:100C1800237E0121C3F342030DF12B008DF82B3005
:100C280006F074FF024600286CD0394630460AF0B8
:100C38005BFA5A4A5A4BB4F85C800721E0FB023150
:100C480000251846C4E9025551A3D3E900232570AD
:100C5800FFF752FD606008F0EFF800F10907B8F1FE
:100C6800000F07D1357805F00F05A5F10105B5FA94
:100C780085F56D09207E636865F3000010F00105B5
:100C8800207646D0474A0992002010600225464A3D
:100C9800DFF8188104930BAE019305920321CDE987
:100CA8000200069400903B46CDF81C8008962A4620
:100CB8000B9507F0E5FF314608F010FE10BB3C49E4
:100CC80005914AF2D8330093CDE90300CDE901003C
:100CD800CDF81C80089606943B46012203210B950B
:100CE80007F0B2FF314608F0F9FD58B994F85E30C4
:100CF80043F0010384F85E3000200DB0BDE8F08FAA
:100D08000AF08CB96369002B3FF4FDAE0AF05CF978
:100D1800F9E6244A2748049303F2471306940295F8
:100D280091211360A8FB000301FB08311F4B0793B7
:100D38001D4B05934FF6FF7309924FF0020803937A
:100D48000BAE13A3D3E90023CDF82C800896FFF748
:100D5800D3FC3B46CDE9005042462846032107F024
:100D68008FFFBFE71220CFE60AF02EF90320CBE66B
:100D7800484608F023FD0720C6E605F16400E8664A
:100D8800E0E6504608F026FD484608F017FDF2E771
:100D98008D49FD1A07000000B41B002000CA9A3BC9
:100DA8008C49FD1AA81B002069B100003D8F000086
:100DB8008DAE0000002AE78470B5037E8AB0C3F3C5
:100DC80042030D46044601210DF1230016468DF815
:100DD800233006F09BFE3146024628460AF084F985
:100DE8001D4A1E4B0721E0FB0231184618A3D3E920
:100DF8000023FFF781FC63689842054621D21B1A3D
:100E080000220192164A0293164BA21AA3FB023241
:100E18000221920900230A4409AE09911249059159
:100E2800CDE9033303210696D2B20093184607F0A2
:100E38007DFF314608F052FD38B9656000200AB0E0
:100E480070BDFBD9C21A0023DBE70C200AB070BDC5
:100E58008D49FD1A0700000000CA9A3B8C49FD1A0B
:100E6800B41B0020ABAAAAAA3D8F00000000000016
:100E78002DE9F04F05468BB08B460120022199469B
:100E8800144610F031FA002202218246012006F0B1
:100E9800EFFC2F494FF49C72284606F075FCC61CDF
:100EA8002C4B0093F6B201954B46324601210020A7
:100EB80007F08AFF10F0FD0F42D1274BA4FB03482F
:100EC800204621A3D3E900234146FFF715FC0895E6
:100ED80006956B680493214B20F07F47A7FB0331ED
:100EE800E01A1F4B07934FF007021E4B059302FBB6
:100EF80007114FF6FE7368EB010103934FF47A7202
:100F08000023FFF7F9FBCDF800B0CDE901704B469F
:100F180032460121002007F097FE10F0FD0F0DD199
:100F2800BAF1000F02D10BB0BDE8F08F0122022107
:100F380010460BB0BDE8F04F06F09ABC00DEEFE7B4
:100F480000DEBAE7AFF300808D49FD1A0700000004
:100F5800980B002075B7000000CA9A3B8D49FD1A0E
:100F68005DB70000BDEF00002DE9F0418468A28C58
:100F78004FF6FF739A428CB000F0B78005462046C2
:100F88000CF016F894F80461002E40F006812B8AC4
:100F9800E78D94F93720CDE90A66002B00F0A88088
:100FA800002AC0F201810023A4F82831AB7CA18D6E
:100FB80003F003030131012B89B200F0B580B4F8C6
:100FC8002C31002B00F0C6808B4240F216815B1A50
:100FD8009DB2062D94F83C30A4F82C518CBF002209
:100FE800012262F3820384F83C300023E3850DF18B
:100FF800270220460BF016FE743000F0F880062D0C
:10100800E38D98BF012600F2A0805D1CADB294F874
:10101800723013F008070AD1DDE90AC3002B4FD15B
:10102800BCF1000F00F0DC801F46194649E094F936
:10103800372023F00803002A84F87230C0F2A48015
:1010480094F85800C0F3C00100F007000EF0CEFC81
:10105800014694F8583094F8597003F00302283286
:10106800C3F34003D200DA40E38B03F23F10B2F53A
:10107800A07F2CBF801800F5A07007F0030228326B
:10108800D200C7F34007FA40B2F5A07F2CBF8318FF
:1010980000F5A0735818764A764B0721E0FB023119
:1010A800184671A3D3E90023FFF726FB616820F0F7
:1010B8007F408142DDE90AC380F08C80471A606076
:1010C8000021A28C24690694CDE9035603326A4DA7
:1010D8000291CDE900C7D2B201210020059507F0A1
:1010E80025FE10F0FD0F40F08D800CB0BDE8F081BA
:1010F800002AB8BF84F87560AB7CA18D03F00303A8
:101108000131012B89B20FD0B4F82831002B3FF4FC
:1011180056AF8B427DD95B1AA4F82831B4F82C312C
:10112800002B7FF451AF02E00023A4F82C3194F88F
:101138003C3023F0040384F83C300DF127022046AC
:101148000BF070FD743052D0E38DBB427FF45DAF7D
:1011580000255CE7E38C052B8BBF40F2E2424FF49D
:10116800FA725A4303FB0222B4F82A3142F2107091
:1011780000FB0323013BB3FBF2F39BB2A4F82C3131
:10118800002B7FF421AFD2E794F85900012100F039
:1011980007000EF02DFC01465BE7314620460CB0F7
:1011A800BDE8F0410AF03ABE94F87530002B37D00C
:1011B800013B84F8753004F1800840460BF098FB39
:1011C80000284AD040460BF093FB002837D0002374
:1011D800E385E8E6091A60607BBB51EA0C021DD181
:1011E8000DB9002E81D0002739463B4669E79DF8A6
:1011F800271020460AF012FE77E7082120460AF059
:101208000DFE72E708F094FB84423FF46EAF00DEF7
:101218006BE73E2120460AF001FE66E71F4650E7CD
:101228000AAA0BA92846FFF7E7FBDDE90A231343BF
:10123800C1D0237884F87530BDE7002741E702461E
:10124800D4E9170106F0D8FA0028C0D194F83C3048
:101258001B0744BF238DE385A5E6FF200AF0A0FD08
:10126800B0E700BFAFF300808D49FD1A070000000A
:1012780000CA9A3B8C49FD1AB5B70000000000006F
:101288002DE9F04F87B0B0F80071BDF84C9000918F
:10129800CDE90423B0F8C430BDF840A01F44BFB264
:1012A8000446A7EB090390F85800D4F8BC809EB216
:1012B800BDF844300193C0F3C001BDF8483003962F
:1012C80000F0070002930EF091FBE58C052D40F22B
:1012D800AC8015FB06F5ADB240F2E24BBAF1050F52
:1012E80040F2978094F8592094F8581002F00303BC
:1012F8002833C2F34002DB00D34001F00302283256
:10130800B3F5A47FC1F340014FEAC20222FA01F209
:1013180038BF4FF4A473B2F5A47F2CBF9B1803F514
:10132800A47303F2D51318446D4A6E4B0721E0FBF2
:10133800023118464FF09613E3619623238466A37F
:10134800D3E90023FFF7D8F9564620F07F4040F252
:10135800E2430BFB05F103FB06F64B1E3344B3FBDC
:10136800F6F31FFA83FB06FB0BF3994260605D46B8
:1013780041D25B48591AA1FB000157A3D3E90023C6
:10138800FFF7BAF920F07F408044B4F8C420B4F8DD
:101398000031A9EB07094D44ADB213442B44A4F81E
:1013A8000031638D13441D4494F837306585DB099B
:1013B80043D100DE00273546019B2385029BA4F814
:1013C8002A31A4F826A0314620460BF057FC009B92
:1013D80013B10023A4F82C3143462A463946204647
:1013E800FFF746FD94F8023143F0010384F8023117
:1013F80007B0BDE8F08F3A48C91AA1FB000136A32F
:10140800D3E90023FFF778F920F07F40A8EB000824
:10141800BBE74FF096130AF10106E3619623238494
:10142800B6B20A204FF4FA7393E7039B013515FB14
:1014380003F5ADB24FF4FA7B50E7216CA36C284F4B
:1014480001FB0233039A01FB1233A3640023E36711
:101458000EF09CFC054694F87400C0F342000EF0B0
:1014680097FC054406FB05F51F4B1E4805F574253A
:1014780005F23F25A3FB0535AD0CA36C25640BFBDA
:1014880005FB72085B44963A934228BF1346C4E9A9
:101498001123049B40F2E24909FB03F3072123656A
:1014A800EBFB07010CA3D3E90023FFF725F90F4B4A
:1014B800059AA8EB0008A3FB0230800A09FB00F09C
:1014C800A0FB070104A3D3E90023FFF715F9751B57
:1014D80020F07F4770E700BF8D49FD1A0700000024
:1014E80000CA9A3B8C49FD1A83DE1B435917B7D1B2
:1014F8002DE9F04F154693B00B6852F8087BB0F809
:101508002EC0D3F80090044682460E4690F830105C
:10151800D0F81E0094F81C805AF81CBB1090608C00
:10152800A5F808C09170D4F82A206A60D4F83A2047
:10153800C5F8222094F83E10ADF8440085F826102E
:1015480012AB13E9030005F122020E90ADF83C102E
:101558001046052106F0DAFA95F8272000F03F003A
:1015680060F3050285F8272094F83F20C2F30401B0
:1015780085F82810A18EE9820128C8F380180DD9B2
:1015880002F01F021B3202F01F020B2A06D889B292
:10159800063989B240F67A42914217D90022C9F831
:1015A800082095F82C3062F3000385F82C300126CA
:1015B800584621462671E46808F012F92068267119
:1015C800214613B0BDE8F04F08F016B93268002183
:1015D8005160E28EEB8A2A8340F2E24202FB03F377
:1015E8000B93628E0C9238460BF05CFB94F83F101C
:1015F80097F87400490961F3430087F874000EF006
:10160800C5FB0D9097F87400C0F342000EF0C0FBC4
:101618000D990B9B084403FB00F0974900F57420D3
:1016280000F23F20A1FB00105908800C963928636E
:10163800696394F8311040F2E24201FB02F26A64F5
:10164800228FA7F82A21194638460BF017FB8B4A38
:10165800C7F83021227F1AF0010FC2F3401240F080
:10166800FC80BDF83C30A4F823300E9884F81E8026
:101678004FF48073C4F81F00A383EB8AE3842B8B99
:101688002385B7F82A31638597F874300D92C3F330
:10169800420384F82C3038460AF008F92146A8821B
:1016A800E0805846746808F09BF80D9AA98AD4F827
:1016B8000080E1801C232371002A40F0BA80227741
:1016C8002146404608F098F895F8498095F848B0C2
:1016D80008F0070801210BF0070B40460EF088F9C7
:1016E8000BF00303283308F00302DB00CBF3400BB5
:1016F80023FA0BF32832B3F5A47FC8F340084FEA66
:10170800C20238BF4FF4A47322FA08F2B2F5A47FDC
:101718002CBF9B1803F5A47303F2D513DFF860817F
:101728000344044657480721E3FB08014FF096138A
:10173800C5E903334EA3D3E90023FEF7DDFF20F00C
:101748007F4078602A6B0B9B0C98A3EB020AF36826
:1017580040F2E24101FB003101F2B341891A0C1B4E
:1017680000220221012006F083F8484609F088FE8D
:101778003FA3D3E900230546A4FB0801FEF7BCFFFD
:10178800CDF80490B3684049009120F07F48AA1C26
:10179800363BD2B243440121002007F015FB012853
:1017A8005DD099F81830DB074FD438460AF07EF838
:1017B800334CAAFB044A2EA3D3E90023054651461D
:1017C8002046FEF799FF314BB668314A079220F060
:1017D8007F49A9FB0331E01A2E4B05934FF4F873A8
:1017E800069708937B6804934FF0070303FB0911DE
:1017F8006AEB010100244FF47A7200230394FEF788
:101808007BFF0335363EEDB2CDE90190CDF800807F
:1018180033462A460121204607F016FA10F0FD0F3C
:1018280023D101220221104613B0BDE8F04F06F083
:101838001FB895F8273043F0400385F82730281D56
:101848000DF094FC0122288539E70023012200933A
:101858001846114607F082FAA7E700DE01E708F00C
:1018680067F881459DD000DE9BE700DED9E700BF21
:101878008D49FD1A0700000083DE1B43404B4C00D6
:1018880000CA9A3B8C49FD1A45F000008D49FD1AA3
:1018980095EF0000BDEF00002DE9F04F8DB0484EE8
:1018A800484D824607F0C8FAF168074607F0C6FABD
:1018B8007168F76040A3D3E900230446A1FB050142
:1018C800FEF71AFF20F07F439C4257D30DF12F01FA
:1018D8000DF12E0007F0EEFFDFF8E8803568A5FB74
:1018E800085935A3D3E9002328464946FEF704FFE3
:1018F800CDF818A004467068334B0593A0FB080187
:101908002DA3D3E900234FF00008CDE90788FEF79F
:10191800F3FE2E4BCDF80C8024F07F44A4FB03315A
:1019280020F07F40072202FB04110490E81A69EBBB
:1019380001014FF47A720023FEF7DEFE9DF82FB006
:101948009DF82EA0CDF80080CDE901403B465A46CF
:101958005046032107F078F910F0FD0404D06FF029
:101968008B000DB0BDE8F08F19481A4A002312F019
:10197800DDFD90B930690DB0BDE8F08F30680EA379
:10198800D3E90023A0FB0501FEF7B6FE20F07F4156
:10199800384607F053FA074698E79DF82F209DF838
:1019A8002E0000942346032107F0D8F96FF0730046
:1019B800D7E700BFAFF300808D49FD1A070000008C
:1019C800E00C002000CA9A3B61F300008D49FD1A23
:1019D800E81E0020447B0B0038B50F4D044607F085
:1019E8002BFAA96807F02AFA696803460B48B3FB83
:1019F800F4F4A1FB00011C4405A3D3E90023FEF77E
:101A08007BFE20F07F40844294BF0020012038BD37
:101A18008D49FD1A07000000E00C002000CA9A3B1F
:101A2800F0B5C468636883B00546002B40D10FF059
:101A380033F900200FF054F9002108460FF042F95D
:101A48000022252108200FF0A7F9374B019301A8A0
:101A58000FF08EF9354940F25B600FF03FFA237AB8
:101A6800C3F3420262F30613237220460EF014FBFE
:101A780027682E6838460DF073FF06446A6806F139
:101A8800090101200FF04EFB0FF00EFC204609F073
:101A980003FD811C3246C9B238460DF063FF054686
:101AA80098B920460DF038FF68B9002003B0F0BDA2
:101AB80093F82C309B07BAD01D4821460FF0C0F888
:101AC8000FF0B6F9F1E700DEEFE71A4A1A491B48AA
:101AD80040F2114314F005FC194B0721A5FB030341
:101AE80001FB05310EA3D3E90023FEF705FE1549D6
:101AF8000246154814F0F5FB002585F31188BFF35D
:101B08006F8F0323184602DF104821460FF098F81C
:101B18000FF08EF96FF08B00C8E700BFAFF30080BD
:101B280000CA9A3B00000000D6BE898E5555550064
:101B3800A9FA000028B5010074B50100F0B401004D
:101B48008D49FD1ABCB6010078B50100A5FD00005D
:101B58002DE9F043C468A28A4FF6FF739A4283B016
:101B680000F0FD8006460EF0B7FC3389628B208CAE
:101B780094F82710A3831A4492B2104480B2431CED
:101B880023840023638301F03F034906E28300F1C5
:101B9800A48094F82810009304F1290004F122038A
:101BA8000DF0A6FA0546D4E90C31A26BA08BA3630D
:101BB80003FB0022E36B8A4294BF9B185B188B429D
:101BC80028BF0B46626CE363236C94F849101A44EF
:101BD80094F82C3061F306130021C4E9101294F82C
:101BE800622084F82C3012F0040200F089800FF093
:101BF80053F800200FF074F8201D0FF0B9F823896E
:101C0800A17A40F25B6043EA01410FF067F9284688
:101C18000DF0B8FE214658480FF012F8A0890FF0D1
:101C280075FA94F8482094F84900C2F3C0030021DB
:101C380002F0070200F007000FF0B2F920460EF09C
:101C4800D9FCD4F80080376840460DF089FE074477
:101C5800726807F1090100200FF064FA81460FF05D
:101C6800F7FA00200FF00EFBE36B94F8490003F13C
:101C78002F02636C012100F0070003EB42050FF00F
:101C8800C9F84D44054494F8490000F007000228BB
:101C980034D004280CBF4FF4BC73282301211D4401
:101CA8000FF0BAF828440FF0C5FAA18A03313A4672
:101CB800C9B240460DF056FE0546A8B1B37A13F0F6
:101CC80002062BD000252D4821460EF0B9FF0FF053
:101CD800AFF8284603B0BDE8F083218D04F1220255
:101CE8000DF048FA05465EE720460DF015FE00287F
:101CF8003CD10025284603B0BDE8F0831823CDE782
:101D0800D4E9130105F078FD00287FF470AF94F84A
:101D1800623043F0040384F8623068E7184A1949CE
:101D280019484FF4AC7314F0DCFA18480721A5FBE6
:101D3800000301FB05310EA3D3E90023FEF7DCFC09
:101D480013490246134814F0CCFA86F31188BFF3FE
:101D58006F8F0323184602DF6FF08B05B3E70E4839
:101D680021460EF06DFF0FF063F8C2E700DEC0E712
:101D780000CA9A3B000000009D07010089FA000094
:101D8800A4B5010074B50100F0B401008D49FD1A35
:101D9800C8B6010078B50100A9FA000002484FF45E
:101DA8002472002312F016BE000000202DE9F04F27
:101DB8001D4C2778B3B0AFB9202102A814F0A8F8B9
:101DC800031E01930CDBDFF8648098F8005002AC26
:101DD800BB46019B9B4508D127B188F8005001E01C
:101DE8000123237033B0BDE8F08F114EA1460327BD
:101DF80039F9020BFEF716FA03465DB1D6F800A0D2
:101E08005146FEF759F90B49FEF760FA5146FEF7BD
:101E180055F90346013F46F8043BE9D101250BF18A
:101E2800010B06342F46D4E79A2200209C2200207A
:101E3800680F002014AEC73E2DE9F74F434B1A78C0
:101E4800434B1B7843EA4203DBB20093414B1878BB
:101E5800002875D0DFF80091DFF80081D9F8046018
:101E6800D8F80840D9F80850D8F804702146304608
:101E7800FEF72CFA394682462846FEF727FA01462D
:101E88005046FEF719F9D8F80080D9F80090824634
:101E980041462846FEF71AFA494683462046FEF789
:101EA80015FA01465846FEF707F9494601903846A3
:101EB800FEF70CFA414683463046FEF707FA01461C
:101EC8005846FEF7F9F8514683465046FEF7FEF9A4
:101ED800019982460846FEF7F9F901465046FEF791
:101EE800EDF8594682465846FEF7F0F90146504645
:101EF800FEF7E4F818F048FE494682464046FEF7E9
:101F0800E5F9394680463046FEF7E0F90146404695
:101F1800FEF7D4F8294606462046FEF7D7F90146CB
:101F28003046FEF7CBF80146504613F0DBFD0C496E
:101F3800FEF7CCF90B49FEF7C9F918F07DFE00B29F
:101F4800009903B0BDE8F04F00F02CBC9A220020A5
:101F58009B2200209C22002030020020680F0020D5
:101F6800E12E65420000204130B514228BB00021DB
:101F78000DEB020018F08DFD0DF106030793022307
:101F88000893012306930C238DF82430264885688E
:101F980005A96B68984740BB2B89BDF9064002A983
:101FA80084FB0332CDE902320FF0C6FAF8B12346BA
:101FB80040F6B732934235DC1C4C012234F92250EA
:101FC8009D4204EB820128DC013A887804EB820107
:101FD80034F9222089785B1B091A4B43521B93FB67
:101FE800F2F31844C0B213F0E3FF0BB030BDDDE9E3
:101FF80002321B0B43EA02531213CDE902324FF0AF
:10200800FF3113F1004342F100029942904102D29C
:10201800074814F066F9029BCAE70132082ACDD1B5
:102028000020E0E76420DEE7B4AD0100B8B70100A6
:1020380058B80100044B1968002903DB034883687A
:10204800DB681847704700BF3C0200207CAD0100E8
:1020580010B40B4B9A68946984B1020205D51B69C8
:102068001B68002BB8BF80F0C060064B00F0B07250
:102078000340A446024810BC1F21604710BC7047AB
:1020880044AD010040000006F8B506460F46144668
:10209800002501221E21094813F0F9FE384613F0E5
:1020A80021FF0135054800221E2113F0F0FEB5423C
:1020B80003D0204613F016FFEBE7F8BD44AD01004E
:1020C800F0B585B0FFF772FE2B4B1F685E689D6800
:1020D80039463846FEF7FAF8314604463046FEF7E8
:1020E800F5F801462046FDF7E9FF2946044628464B
:1020F800FEF7ECF801462046FDF7E0FF18F044FD36
:102108001E4B1B78044603B31D4B1B78EBB91D49C6
:10211800FEF77AFAC8B91C492046FEF793FAA0B927
:1021280021463846FEF786F9214601903046FEF7EB
:1021380081F9214602902846FEF77CF901AC03900C
:10214800204600F0A5FB034630B150222821032089
:10215800FFF79AFF05B0F0BD94E807000B4D85E83E
:1021680007000B4A012010703C211A46FFF78CFF2C
:10217800FFF762FEEEE700BF680F00209C220020F8
:102188009A22002000002F440080A2443002002040
:102198009B22002008B51F21034813F056FE002893
:1021A800D4BF0020012008BD44AD010007B5014699
:1021B80040F2E7304FF47A72002300EBC130490C4B
:1021C800FEF79AFA02460B46CDE90001024813F0E1
:1021D800A9F903B05DF804FB5006002008B50446D1
:1021E800144813F0D7F9144813F0D4F94FF4001039
:1021F800FFF72EFF114B1B780BB100F0B5FA00F07A
:1022080045FA24B1962211460220FFF73DFFFFF759
:10221800C1FF40B9322013F065FE4FF09860FFF718
:1022280017FF14F06BF8FFF705FF142013F05AFEA0
:10223800EDE700BF50060020180600209D22002070
:1022480007B58DF80700002200230DF107010348A8
:1022580018F05AF803B05DF804FB00BFDC06002054
:1022680008B50A481F2113F0F0FD00280CDB084BC5
:102278001A68824208D018600028BDE808400CBFE0
:1022880002200120FFF7DCBF08BD00BF44AD0100FC
:10229800800F00202DE9F04F4FF0804389B0D3F82C
:1022A8000044C3F80044874A87481E2113F0FFFD05
:1022B80085484FF480321F2113F0F9FDE30361D5FF
:1022C80040F2DC5413F0D5FDA04271F100015CDB53
:1022D800102200210DEB020018F0DBFB022541F271
:1022E800883305938DF81C50784C204617F061FF11
:1022F800002852D100224FF4FA710120FFF7C4FEE2
:10230800FFF748FFDFF8C8A1724A734BCAF800000C
:1023180007466D4853604FF0004393608368DB695C
:10232800002B48D14FF0E860FFF792FE00234FF4EE
:1023380024726A4812F04EFB694800F089FA694B2A
:10234800187030B9664A0023136053604FF07E530B
:10235800936000F04BF938B1634B01221A702821C1
:1023680078220520FFF790FE6048614983681B6862
:10237800984713F01AFE064608B3502228210A206F
:10238800FFF782FE0020FFF729FFFFF703FF002871
:10239800F8D00A2013F0A6FD94E7A66804A9B3684C
:1023A80020469847534B00281860A3DB336829461A
:1023B800204698479EE7474901229847B2E74E4B87
:1023C80001221A70FFF7D0FD13F053FDCDE9020189
:1023D80000F0B4F913F04DFD80464FF47A70894649
:1023E800FFF7E4FEB3464FF0FF334FF0FF3204A986
:1023F800424811F00DFF13F03CFD9DF810300446E3
:102408000D46072BEFD8DFE803F004273443404A92
:102418005053FFF70FFEFFF7C9FCFFF70DFD029BB6
:10242800E11A039B4EF6602265EB0303914273F1B8
:10243800000303DBFFF798FDCDE9024500F0AAF998
:102448000028D0D12E4BB4EB080465EB0905A34254
:10245800A841C8DA012096E700220023CDE900232D
:1024680028484FF44042002313F05CF82646AB4658
:10247800B9E7244813F08EF80FBBA41B65EB0B05D6
:10248800B4F5487F75F10005ADDAFFF719FEAAE744
:10249800DAF80030002BA6D0002FA4D1DAE7C82044
:1024A800FFF784FEA046A9469DE74FF47A70F7E748
:1024B80000F070F9002896D100F040F993E7002762
:1024C80091E700BF0100160044AD01007CAD01009A
:1024D800800F0020740F0020A51D000000000020C0
:1024E800300200209B2200209A220020B4AD010077
:1024F8000EB001003C0200209D220020DC060020D6
:10250800BF27090018060020800000F1A040044BF6
:10251800D0F80027134043F00203C0F80037704793
:10252800F0F8FCFF10B5012A8CB00CBF6FF07F03E8
:102538006FF03F0318430DF107038DF8070002936E
:1025480002A80123CDE904030020CDE90803039381
:1025580008AB06930223CDE90A12079304480549FC
:10256800836804AA1C6806ABA0470CB010BD00BF66
:10257800ECAD010028B00100F0B403460A46197911
:10258800DB88006813430A4A0669876834689A43F7
:1025980008BF83F4402301258D4023F48012DB0714
:1025A8004CBF2C43AC4334603B68F0BC184700BFB9
:1025B8000100100010B586B001AB0293022303930B
:1025C80002AB049301238DF804008DF805100593E0
:1025D80004480549836804AA1C680023A04706B07C
:1025E80010BD00BFECAD010028B0010013B50023F9
:1025F8008DF80730224817F0DCFD18B96FF012008B
:1026080002B010BD1F4817F0D4FD0028F6D01D48B1
:1026180017F0CFFD0028F1D01B484FF4D011FFF779
:10262800ABFF00214FF4A47018F006F901220DF158
:1026380007010F20FFF776FF0028E1D19DF807304A
:10264800332BDBD101462E20FFF7B4FF8821044647
:102658002320FFF7AFFF402104432420FFF7AAFF00
:10266800802104432E20FFF7A5FF372104432020B3
:10267800FFF7A0FF204318BF6FF00400C0E700BFBA
:10268800ECAD010044AD01001CB0010008B500210B
:102698002020FFF78FFF0A484FF4B011FFF76CFFB7
:1026A80008480021FFF768FF0520FFF72DFF0220EB
:1026B800FFF72AFFBDE808400320FFF725BF00BF4A
:1026C8001CB0010030B001004B1E59425941014B6A
:1026D800197070479E2200201FB503240294044CF1
:1026E8000194BDF81840009416F06EF804B010BDBF
:1026F8009F22002010B5074C206818B102F07AFE1E
:1027080000232360044B00221A70BDE81040062005
:10271800FFF796BD840F00209E22002008B521B146
:102728000720BDE80840FFF78BBD15F05CF9024BA8
:1027380018600520F5E700BF840F002007B50123C6
:1027480000930649064B0748022202F057FB10F196
:10275800780F08BF002003B05DF804FB60B00100EB
:1027680058B0010044B0010038B5094D02F006FD2B
:10277800286860B1132115F052F932242B6833B15F
:102788004FF4A470002118F057F8013CF6D138BD79
:10279800840F0020024B1868003818BF01207047CA
:1027A800840F002030B50F4B0F4C1D6887B0207088
:1027B800C0F307206070A1708DB10C4B1B7873B10A
:1027C80000211822684618F064F9094B6946CDE9DA
:1027D800013428460323ADF80C3004F029FE07B075
:1027E80030BD00BF840F00209F2200209E220020C1
:1027F80098B0010030B5134D2B7885B0E3B9124C71
:102808001248A06217F0D5FCC0B14FF43831A06A65
:10281800216001AA16F0A9FA60B9029AE26020467E
:102828004FF40053B3FBF2F3238200F0DBF908B94D
:1028380001232B7005B030BD0020FBE76FF01200BC
:10284800F8E700BFA2220020880F0020D0AD0100C9
:102858001FB50446FFF7CEFF10B1002004B010BD2D
:10286800094810236A46012114F0B5FA1028F4D15A
:10287800064B009A9A42F0D101AB03CB206018684E
:10288800A06061600120E9E7880F0020314C414BCE
:102898001FB50023CDE9013303930B4B0093044686
:1028A800FFF7A8FF68B92068616801AB03C3A06897
:1028B80018606A4605481023012114F05BF900EA04
:1028C800E07004B010BD00BF314C414B880F0020B0
:1028D800014B1B68184700BF6802002030B504464A
:1028E80085B00D4610220021684618F0D2F8022360
:1028F8008DF802302A46044B01932146684612F0AF
:10290800ADFE05B030BD00BFD928000080B5054632
:102918000E461746984612F019FB034600F098FE3B
:10292800DFF81890044649F80030424630463946E8
:10293800A84754F8090000F02DFE00BF0800000069
:102948002DE9F047058B0446280717460CD50129C1
:102958000CBF45F0100545F02005258387F3118845
:10296800BFF36F8FBDE8F087022905F0070540F037
:102978009480204613F0E7FC052864D801A353F897
:1029880020F000BF65290000A32A00004F2A00009C
:10299800112A00002B2A00003D2A000001F007033D
:1029A8005A1F012A1FD8002221F00701062BD4F84C
:1029B800008089B2C4E9002209D1434603E0628B52
:1029C800013262831B68002BF9D141F00201218397
:1029D800204613F0B8FC4FF0000900286DD041F0F4
:1029E8002001218369E0042B0AD121F0070189B273
:1029F8002183204613F0A7FC10B141F02001218368
:102A08004FF00008C14658E02369D3F80090238BA3
:102A180023F0070343F0060323834FF000084646DC
:102A28004BE02369D3F80490238B23F0070343F08A
:102A38000403F1E72369D3F80890238B23F00703F5
:102A480043F00503E8E74FF00008C146E7E7012235
:102A580043F00803238387F31188BFF36F8F002A9D
:102A68003BD1B8F1000F4AD1B9F1000F02D02D497E
:102A78002046C847EFF31187202383F31288BFF35A
:102A88006F8F238B23F008039BB22383D9063FD58E
:102A980023F01002228303F007056669218B002EBC
:102AA800BFF67CAF0023D4F8008021F00701C4E909
:102AB800003341F0010121839946238B03F0070A73
:102AC800AA4502D0A268002AC1D1B8F1000F02D1EC
:102AD800B9F1000FDAD00022BAE7A1680029C0D006
:102AE8000D680029BDD04F68334652462046B84786
:102AF8001DB12B6829461D46F3E72B46FAE74146E8
:102B0800334652462046D8F8008013F048FCA8E720
:102B18009A067FF523AF23F02002228303F00705EE
:102B280027E700BFD363010037B504460821C06A10
:102B3800124D13F020FE00234FF6FF72ADF804305B
:102B48006368ADF800208DF80620E26819182B405C
:102B58001344181A60606846ADF8021013F063FD5C
:102B68006946204613F026FE211D204613F035FD48
:102B780063682B40A36003B030BD00BF0000FFFFB7
:102B88002DE9F7430F4681460821C06A144D13F01A
:102B9800F2FD3C68241A80463C6004EA0506B4420B
:102BA8001CD3A0B210B903B0BDE8F08308236A466D
:102BB8002146484613F0D8FC0028F4D16946A0B253
:102BC80013F0C5FD38B1BDF80230BDF804203C60F3
:102BD8002E4013441E44A4EB0804E0E70020E2E77B
:102BE8000000FFFF2DE9F047044688B000F1140704
:102BF800384617F098FBA06A8368DB689847E0625C
:102C080028B96FF01505284608B0BDE8F087A06A16
:102C18008368DB6898470368013B1F2BF1D8E3689A
:102C2800B3F5803FEDD8A06A216805AA16F09DF893
:102C38000028E6D1E568002DE3D0069BB5FBF3F24A
:102C480003FB1255002DDCD1238A012BD9D9E36A65
:102C5800009593F805804FF0FF334FF0FF32384668
:102C680011F038FBE06A082113F085FDA9460646F5
:102C7800238A1FFA85FA534544D8238A4B4500F026
:102C8800FF809A450BD1009908234246891B2046AC
:102C980013F078FC18B96946204613F09EFC694683
:102CA8002046FFF76DFF0546002840F0EB800099AD
:102CB80061604FEA11494FEA0949C4F80890A368CE
:102CC8008B420DD8082301AA204613F04DFCB8B951
:102CD80001AB13F8012B904532D101300828F8D107
:102CE800636869466FF30F032046009313F075FC81
:102CF800E36800994246204613F044FC00283CDA79
:102D08000546BFE0E1682B04891B13FA81F14246AE
:102D180008232046009113F035FC78B16946204617
:102D280013F05BFC09F1010900990823424620468B
:102D38001FFA89F913F026FC00289ED0013597E781
:102D4800A08801A913F003FD626810B9911B6160A6
:102D5800B5E7BDF808A0BDF80610E06AC4F8089009
:102D6800514413F008FD48448242A060EED1BAF104
:102D7800000FEBD06FF01C0584E05DD063684FF660
:102D8800FF7906EB0308E368CDF800801FFA88F2A4
:102D98009B1B9A421CD34FF000086168B8F1000FE2
:102DA80030D06FF30F0100912046694613F015FCEF
:102DB8000099204613F01EFC0028A1D1E368A288E0
:102DC800A3EB46039A425DD1204613F010FD97E726
:102DD800082303AA4146204613F0C6FB00288FD1DA
:102DE80003A91FFA88F013F0B2FC30B1BDF80C301B
:102DF8004B4502D1BDF810300BB1B044C3E74FF0DA
:102E08000108CAE7204613F0F5FB00287FF478AFE5
:102E18006368214AE16813400B44A3EB46036360EF
:102E28001340A3604146204613F065FDC4E7E26AFB
:102E3800A36812681344A360D4E901318B4208D90E
:102E48005B1A4246204613F09DFB0028FFF658AF58
:102E5800EDD16168E36801EB46029A42AED10E4BB0
:102E6800A06801EA03029042A8D0204613F0C2FBF2
:102E780000287FF445AF6268074B1A40A2609DE7BF
:102E88006FF02C05384611F097FA002D7FF4BBAE91
:102E98000123A374B7E600BF0000FFFF014B0360E6
:102EA8000020704710B1010010B5DFF824C086B0CB
:102EB8004FF0C874CDE904C40824029404AC01940A
:102EC800BDF82040009415F07FFC06B010BD00BF8F
:102ED8009000A00010B5084C86B024788DF81740F3
:102EE800012402940DF117040194BDF820400094C8
:102EF80015F06AFC06B010BD0106002000B589B0C7
:102F080064288DF80700C2B219D80E4B00211A7038
:102F180002A8182217F0BDFD0B4B03930DF1070310
:102F2800049302A901230020ADF8143004F080FABC
:102F380010F1800F08BF002009B05DF804FB6FF0A6
:102F48001500F9E701060020B0B1010008B50348F3
:102F5800034A0021121A13F090FF08BD2008002030
:102F6800CC2200200748084A084908B5121A13F06D
:102F780086FF0748074A0849BDE80840121A13F0B7
:102F88007EBF00BF000000202008002028BF0100ED
:102F9800000000200000002028BF010038B50546C9
:102FA8000C4699B1D1E901230F48096813F08CF94F
:102FB800D4E90423E1680D4813F086F9E1690C4867
:102FC80013F082F9A1690B4813F07EF9012D05D1A0
:102FD800EFF305810848103913F076F921462846A1
:102FE800BDE8384010F034BF8FB80100BFB8010009
:102FF800EFB80100FFB801002EB9010030BFFFF79C
:10300800FDBF00BF2DE9F0410B4EDFF8308006EB25
:103018000807CC1B054632460949204617F012FD21
:10302800A01942460021083C17F033FD2C6707F130
:103038000800BDE8F08100BF0000000004000000A7
:10304800D8AF010010B51D4C1D4813F03DF9A36A17
:10305800990130D51B4813F037F91E20A36ADA010D
:1030680003D5194813F030F91F20144CA36A1B0329
:1030780003D5164813F028F92120A36A590303D56C
:10308800134813F021F922200C4CA36A9A0303D5A4
:10309800104813F019F92320A36ADB0303D50E485F
:1030A80013F012F92420054A936A6FEA03436FEA82
:1030B8001343936210BD1D20D0E700BF00ED00E070
:1030C80042B901005BB901006FB901008AB901007A
:1030D800A9B90100CFB90100EAB9010070B5204CC7
:1030E800064620480D4613F0EFF8A36AD90435D5F3
:1030F8001D4813F0E9F81720A36A1A0503D51B48E1
:1031080013F0E2F81820164CA36A9B050FD518484F
:1031180013F0DAF8A16BA36A180407D5154813F061
:10312800D3F81EB1A36A23F40043A36219200C4C00
:10313800A36A5A0503D5104813F0C6F81A20A36AE3
:10314800DB0503D50D4813F0BFF81B20044A936A2A
:1031580043F47F43936200232B7070BD1620CBE7A6
:1031680000ED00E016BA01002DBA01003FBA0100D7
:1031780053BA01006DBA010083BA01009FBA010079
:1031880070B51F4C06461F480D4613F09DF8A36AFC
:10319800D90632D51C4813F097F81120A36A1A07EC
:1031A80003D51A4813F090F81220154CA36A9B0710
:1031B8000FD5174813F088F8616BA36A180607D56E
:1031C800144813F081F81EB1A36A23F08003A362A8
:1031D80013200B4CA36ADA0703D50F4813F074F8D1
:1031E8001420A36A064ADB0658BFA36A936A43F011
:1031F800FF03936200232B7070BD1020CEE700BF41
:1032080000ED00E0B8BA0100CFBA01003FBA0100F2
:1032180003BB01001CBB010033BB01002DE9F041D9
:103228005D4B5F688AB00446C7F30806002585F33E
:103238001188BFF36F8F02F07F43B3F17F4F06D140
:1032480002F00C03082B13D1544813F03DF8002565
:103258002C464FF00008F31E8DF80780092B00F26A
:103268008B80DFE803F00A7F837B898989898987D6
:1032780010074CBF0C460125EBE74948464E13F0B2
:1032880023F88DF80780F36A9A0704D5454813F0A8
:103298001BF800232AE0F36A002B01DA4248F6E71C
:1032A800F36A5B00F5D5414813F00EF87369A2691B
:1032B80043F480737361BFF34F8FBFF36F8F32F89E
:1032C800023C726922F480727261BFF34F8FBFF3C0
:1032D8006F8F03F47F42B2F55F4F27D1DBB2022B29
:1032E80024D12168324812F0EFFF23689DF80720A7
:1032F800CAB902AE04F1200720686168324603C2E9
:103308000834BC421646F7D1099A002D40D0C2F3C2
:10331800080121B96FEA52226FEA4222099202A9F2
:103328001846FFF73BFE0AB0BDE8F0811A4B9A6ACF
:10333800D2B22AB10DF107010120FFF721FF0FE0FA
:103348009A6A12F47F4F05D00DF107010120FFF7AB
:10335800C5FE05E09B6AB3F5803F9AD3FFF772FE7E
:103368000346C3E70DF107010020E6E70DF1070169
:103378000020ECE70F488AE70F4B1049104817F474
:10338800F87FA6F1100208BF194612F09DFF80E7EA
:103398006FF30802C2E700BF00ED00E081BB010047
:1033A800ADBB0100C5BB0100E7BB0100F6BB0100D6
:1033B80016BC010033BC010053BB010068BB01000F
:1033C80058BC0100044B5A6942F010025A615A690C
:1033D80022F008025A61704700ED00E0EFF3088020
:1033E800EFF3098101B57246FFF718FF01BD00BF71
:1033F8000B4880F308880FF0E9FC202080F311883F
:1034080008484FF40061401880F30988EFF31480EE
:103418000221084380F31488BFF36F8F13F040FD37
:1034280060420020603100201EF0040F0CBFEFF353
:103438000880EFF30980816911F8021C0229FFD086
:1034480001B5724613F01DFD01BD00BF40B2002852
:1034580007DB044A4109012300F01F00834042F8BA
:103468002130704700E100E040B200280CDB43093E
:10347800064900F01F0020330122824041F8232032
:10348800BFF34F8FBFF36F8F704700BF00E100E0BD
:10349800054B420900F01F0053F82220012303FACC
:1034A80000F01040704700BF00E100E040B2002883
:1034B800A8BF00F1604001F10101B8BF064B4FEA17
:1034C8004111ACBF00F5614000F00F00C9B2B4BFB4
:1034D800195480F80013704714ED00E0044B054AB6
:1034E80023F07F039360BFF34F8FBFF36F8F704755
:1034F8000000000000ED00E042F8203C009B42F88C
:103508001C3C0A49019B42F8183C029B42F8143CB7
:1035180021F001014FF0807342F8043C42F8081C86
:103528000023203A02654367704700BF1529000051
:1035380000B50B4B98600B4B1546026F1A600E4690
:103548002C4686F309880020034B98472046002123
:1035580000220023014C2047C56E010015290000F8
:103568004C220020B80F0020014B10221A6170472E
:1035780000ED00E0054B5A699B689A421FBF044A58
:10358800536843F080535360704700BF4C220020BB
:1035980000ED00E0084B9B6883420BD1EFF30583F5
:1035A80043B1064B5A6842F080525A605A6A22F474
:1035B80000425A6211F0D0BC4C22002000ED00E01D
:1035C80011498A684FF030001044EFF3098C80E805
:1035D800F01F202080F31288BFF36F8F0B4F4FF03E
:1035E80000664A698A603E60106F094C2060506F1F
:1035F8000023536780F3118802F1300090E8F01F30
:103608008CF30988704700004C22002004ED00E08C
:10361800B80F0020044800232021C21801331E2BB4
:1036280082F80013F9D1704700E100E008B5EFF324
:103638000583064A103B02EBC30152F83300496880
:103648008847BDE80840FFF795BF00BF08AE0100F6
:103658000148006870470000B80F0020024B034A79
:103668000348012100F066B8006000200000002037
:1036780000B20100084AC2F898000B6823F01F0343
:10368800034343F01003C2F89C308B6843F00103F6
:10369800C2F8A030704700BF00ED00E02DE9F0430C
:1036A800DFF8608085B00E461F4604464FF00009DB
:1036B800B14523DA6068D8B13FB1411E08421BD139
:1036C8001F2819D92368194216D12368019313F0CA
:1036D80018FCA36803430393D8F89050C5F3072553
:1036E800D0B2013DA84207D801A9FFF7C3FF421C89
:1036F80009F101090C34DBE76FF01502104605B03B
:10370800BDE8F08300ED00E0044B0522C3F89420E7
:10371800BFF34F8FBFF36F8F704700BF00ED00E01E
:10372800BFF35F8F024B0022C3F89420704700BF9D
:1037380000ED00E010B5034C01232278FFF7AEFF3F
:10374800207010BDA32200202DE9F0435A4B5B4D99
:10375800D3F890302C68C3F307239C4285B000F25D
:10376800A780FFF7DDFF00200C2684421AD1544EB3
:10377800DFF8449134706846FFF790FB514C524D86
:1037880080460027B84514D133784B490020D1F83A
:103798009020C2F307229342C0F28480FFF7B4FF5F
:1037A800002045E0696806FB0011FFF763FF013060
:1037B800DBE7009800EB07114FEA071CCB682340B2
:1037C800B3F5000F4DD00AD8B3F5001F33D0B3F5C9
:1037D800800F3BD0B3F5801F13D00137D2E7B3F188
:1037E800007F47D0B3F1805F4DD0B3F1807FF4D133
:1037F80050F80C3088684A6813F083FB40F08870F2
:1038080009E050F80C3088684A6813F07AFB40F0F9
:10381800885040F43020CDE901230390D9F8903046
:103828003078C3F30723013B984234D96FF0150071
:1038380005B0BDE8F08350F80C3088684A6813F08A
:1038480060FB40F0885040F40020E4E750F80C306A
:1038580088684A6813F055FB40F0007040F4003067
:10386800D9E750F80C3088684A6813F04AFB40F0F2
:103878008270D0E750F80C3088684A6813F041FB32
:1038880040F48020C7E750F80C3088684A6813F085
:1038980038FB2843BFE701A9FFF7ECFE3378013373
:1038A80033709AE7C1F89830C1F8A00001336EE789
:1038B8004FF0FF30BCE700BF00ED00E00CB20100A4
:1038C800A32200200000F0FF0000021108B50649FD
:1038D800064821F00701C1F1005202F5C04212F07A
:1038E800B0FC002008BD00BFFF4F0020BC0F002027
:1038F80070B54169867A0B4D044659B1437ADB07A6
:1039080006D4242303FB0653DB691B689B6898478E
:10391800002363612420214600FB0650BDE8704067
:1039280016F0B5BD24070020024B242202FB00300C
:10393800704700BF24070020827A064B242101FB30
:1039480002331A6A1B7D1B33801A23F00303B0FB72
:10395800F3F070472407002038B5074B827A2424F7
:1039680004FB0233DB69D3E901240C601568FFF717
:10397800E3FF04FB005038BD240700202DE9F04385
:1039880085B005466846039190461C4617F001F835
:10399800DDE90067EFF31189202383F31288BFF371
:1039A8006F8F6B8A002B41D02A8A9A4225D9002230
:1039B8000023284610F050FD0446F0B189F3118821
:1039C800BFF36F8F039B002B41D032463B466846BE
:1039D80017F004F8A27A264B242101FB0233204673
:1039E800DB691B6803A91D68DDE90023A84760613E
:1039F80070BB2046FFF77CFF24E0698A4B1E6B8270
:103A080089F31188BFF36F8F2B7D2A8A2C6A1B33A9
:103A180023F00303521A02FB0344154B154AEB1A11
:103A28009B105343A3722B7DE372CBE789F3118874
:103A3800BFF36F8F23464246284610F00DFD04461B
:103A48000028BFD10024204605B0BDE8F08363619B
:103A5800012300252381039B6382E27A656029465E
:103A680004F1180017F015F863692582E360EAE7A6
:103A780024070020398EE338F8B5124D0024242697
:103A880000B9F8BD00F108024768BFF35B8F52E840
:103A9800003F591E42E8001CBCF1000FF7D1BFF3EC
:103AA8005B8FDBB2012BECD1837AC46006FB035336
:103AB80044609B6913B198473846E1E7FFF718FF60
:103AC800FAE700BF2407002048B1054B054A1B68E8
:103AD800B3FBF2F35843044B43F001031847704714
:103AE800DC05002040420F0000B0010030B503782B
:103AF800012B11D0022B21D06BB9154B0A4603F1CB
:103B0800100453F8045B42F8045BA342F9D14388DC
:103B18001A0A8A70CB7030BD0D4B0A4603F11004A7
:103B280053F8045B42F8045BA342F9D143681A0CCA
:103B3800180E4A700870C3F30722EAE700F1100371
:103B4800013913F8012901F8012F9842F9D1E2E768
:103B5800A9BE010010B513F02BFB16F0A8FD044612
:103B680008B911F02FF9BFF35B8F064B1B68BFF341
:103B78005B8F0BB10A2098471CB9BDE8104011F0C3
:103B880035B910BDC80F002038B50446084813F0F1
:103B9800DAF9054648B1631EDBB21F2B96BF054A0A
:103BA8000021D15C0C3013F04DFA284638BD00BF17
:103BB800D8070020B9BE01000F2810B50CD80D2871
:103BC8000CD90A4813F0BFF9044618B104210C3087
:103BD80013F038FA204610BD1328F2D009B1044872
:103BE800F0E7BDE810400220FFF7CEBFFC07002039
:103BF8006C07002038B5C5682B7893B9B5F8014033
:103C08000F21204601F0E4FCEB78054650B90A4A3A
:103C1800118831B96FEA04506FEA10501080074AD2
:103C2800137038BD4372012101F03AFC2846BDE803
:103C3800384001F0DFBB00BF80220020A422002012
:103C480010B586B003AB00240093074907480594D4
:103C58004FF0FF334FF48062CDE9034410F01CFEAF
:103C6800204606B010BD00BFD0220020200800204A
:103C780010B5084C0146062294F86F0001F044FF85
:103C880038B994F86F000449BDE81040052201F0E6
:103C98003BBF10BD300000208FBE010010B50121D0
:103CA80004460C3013F0EFF92146034A0078BDE8CA
:103CB8001040002313F03DBB04B3010010B50121EF
:103CC80004460C3013F0DFF92146034A0078BDE8BA
:103CD8001040062313F02DBBD4B2010070B5314853
:103CE80013F04AF9044600285AD000F10C0528467A
:103CF80013F0D1F9022805D004282FD02046FFF769
:103D0800BBFE21E0238A032BF8D90421284613F0AF
:103D1800BAF9FF22438806882276228AC6F30B0066
:103D28009A426083EAD10F2101F052FC054600282F
:103D3800E4D001F069FC320B20762146284613F0C6
:103D480002FE284601F056FB174BD3F834313BB33B
:103D5800BDE870401549164816F059BC284602219E
:103D680013F091F9054600783E2812D013F07DFA39
:103D780010F002060DD10F4A0F49104840F69A4339
:103D880012F0AFFA86F31188BFF36F8F032318463A
:103D980002DF0B4A28780423214613F0CAFAADE75C
:103DA80070BD00BF64010020300000202403002003
:103DB800C00800207BBC0100AFBC0100DDBC0100D5
:103DC800B4B2010010B5012104460C3013F05BF9C0
:103DD8002146034A0078BDE81040022313F0A9BA2F
:103DE800A4B201002DE9F0470C4610F0EBFFE5689E
:103DF8002B78022B67D0042B05D02046FFF73CFE1A
:103E08006FF0150408E0B4F81080B8F1020F08D874
:103E18002046FFF731FE002410F0E8FF2046BDE8F9
:103E2800F08768783E2809D1B8F1030FF0D0EB7815
:103E3800012B01D00A2B46D1032704E013F015FA11
:103E48000746F8073FD504F10C0601213046D4F89F
:103E580014A013F010F90221304613F014F981462A
:103E680000783E2807D1E3681B78012B01D00A2B84
:103E780006D1032614E013F0F8F9C10706460FD45B
:103E8800174A1849184841F2681312F02AFA002311
:103E980083F31188BFF36F8F0323184602DF0226CE
:103EA800124A99F800000623214613F042FAB20795
:103EB80012D56369A4F81080A5EB0A0513FA85F5F5
:103EC800E560BB07A7D52146094813F040F8094922
:103ED800094816F09CFB9EE72046FFF7CDFDF0E76A
:103EE8007BBC0100FABC0100DDBC010074B201001A
:103EF8006401002024030020C00800202DE9F047B9
:103F0800884616468246002870D0BFF35B8FDFF8DC
:103F1800E090002359E8004F49E80032002AF9D11F
:103F2800BFF35B8F002C61D02046FFF705FD314DB4
:103F38000C2303FB005027464388534511D0BFF399
:103F48005B8F59E8003F49E80072002AF9D1BFF3B6
:103F58005B8F002B4AD01F463846BDE8F047FFF775
:103F68008BBDA64208D0204612F0E8FF328AF168DD
:103F780004F10C0013F05DF82046FFF7DDFC0C2679
:103F880006FB00504368ABB1B8F1000F12D12046D0
:103F9800FFF7D2FC06FB005001214268536803F08A
:103FA8001F00814010685B0900EB8300137ACBB1D6
:103FB80013F08EF92046FFF7BFFC0C2606FB0050D5
:103FC8008368002BC8D02046FFF7B6FC704305F87D
:103FD80000802046FFF7B0FC06FB0055A86810F0EB
:103FE80071FAB9E7C94313F0BBF9E3E7BDE8F08715
:103FF80060010020CC0F0020094BBFF35B8F1A68CB
:10400800BFF35B8F02F00B02BFF35B8F53E8001F17
:1040180043E800200028F9D1BFF35B8F704700BF49
:104028000401002010B5C1E900239DF808300B7287
:104038000C46FFF781FC034B0C2202FB00335C604B
:1040480010BD00BFCC0F0020F8B502460B46104843
:1040580012F079FF0446C0B104210C3012F0D8FFE9
:104068002046FFF769FC0B4D0C2707FB0050002684
:1040780046802046FFF760FC07FB0050866020461C
:10408800FFF75AFC07FB00556E602046F8BD00BFDD
:10409800B4070020CC0F0020034B0146D3F84C0195
:1040A80082689268104700BF300000200148042150
:1040B80013F00EB904010020004870477CB80100D5
:1040C8000149024816F0A3BA140300202008002072
:1040D80070B505460C4639B1CB684A699B1A032B63
:1040E8000ED86FF0150509E04FF0FF304FF0FF31A3
:1040F800FFF7AAFF044618B96FF06805284670BD97
:104108002046FFF719FC144B0C2202FB0033A618BB
:10411800032130465D8012F09DFF0580238A033B12
:1041280083700121304612F09DFF40F635439D42D1
:1041380009D12046FFF7B0FF05460028DED020460B
:10414800FFF79AFCDAE70548214616F095F90025AD
:10415800FFF7B6FFD2E700BFCC0F00206C010020AC
:104168002DE9F043064685B017460C4669B94FF06D
:10417800FF304FF0FF31FFF767FF044658B96FF083
:104188006805284605B0BDE8F083887AFFF7CCFBC0
:10419800304B834258D101220021684616F093F92A
:1041A8002046FFF7C9FBDFF8B0900C2303FB009013
:1041B800C0F808D0204612F0F5FE01463046FFF759
:1041C80087FF054618B12046FFF756FCD9E74FF49C
:1041D800A0220023684610F0A9F9804690B14FF458
:1041E800F1731E4A1E491F4812F07BF81E484246CA
:1041F800314612F076F885F31188BFF36F8F0323E9
:10420800184602DF2046FFF797FB0C23584319F89E
:104218000060AEB12046093EFFF72EFC092E0CD8EF
:10422800DFE806F0050B0B08150B0B0B0B126FF0F4
:104238006E05A6E76FF00C05A3E76FF00405A0E78D
:10424800002FC0D03C609CE76FF0150599E76FF030
:104258000B0596E7B4070020CC0F00207BBC0100BB
:1042680013BD0100DDBC01001CBD01002DE9F043B8
:104278004F4BB0F80180198848F4704291424FF0D2
:10428800000685B002BF1E804A4B1E78C378012BFA
:1042980008BF494B00F10404054620460CBF93F8BB
:1042A8006F904FF0000912F07FFF02AF2146B0B1C6
:1042B800384612F06EFFD5F81130CDF80130B5F858
:1042C8001530ADF805304FF00109EB78012B1BD004
:1042D8001321404613F056F905B0BDE8F08348466F
:1042E80013F02DFA0346006802909A889B79686853
:1042F800BA80BB71A288A37995F804900090ADF8B4
:1043080004208DF80630E0E73846FFF7B1FC044694
:104318000028DDD00346B5F8012023F8702B029859
:10432800BA79B98820679A719980B5F8173040F240
:10433800E2425343C4F88830B5F81930A4F89030F5
:10434800B5F81B30A4F89230EB78E3700022012B0B
:1043580062721CD18DF80090BDF804209DF80630DB
:104368000098A4F87B2084F87D30C4F8770000F02A
:1043780041FD237A1049C3EBC3035A18CB58C4F83C
:104388007E309388A4F88230937984F884300721AA
:10439800204601F085F826B166720121204601F019
:1043A8007FF8204601F062F9204601F023F893E7F0
:1043B80080220020A42200203000002000B5C3681D
:1043C8001A7889B032B13C2A32D109B05DF804EBD1
:1043D80013F09CB88DF80020B3F80120ADF8012047
:1043E800DA788DF80320B3F80B20ADF81720B3F86E
:1043F8000D20ADF81920B3F80F20ADF81B205A7C1A
:104408008DF81D20586801901A899B7A8DF80A301A
:10441800094BADF8082068461A689B88CDF80B2030
:10442800ADF80F30CDF81120ADF81530FFF71EFFAD
:1044380009B05DF804FB00BFA3BE0100F7B5002278
:10444800114640F60340FFF78BFE0446002853D17F
:10445800FFF7D2FD214601AA41F20300FFF780FED3
:104468000446002848D1019ABD4DD168D1F8010011
:10447800D1F8051005F1780303C31046FFF7FCFADD
:10448800214601AA41F20100FFF76AFE044698BBE3
:104498000198C3685A7885F870205A88A5F8722060
:1044A8001A7985F87120B3F80720A5F87420B3F8B5
:1044B8000530A5F87630FFF7DFFA214601AA41F268
:1044C8000200FFF74DFE0446B0B9019FFA6805F1F6
:1044D8008006531C413218685968344603C40833AF
:1044E80093422646F7D13846FFF7C6FA95F87C304E
:1044F8005E0604D46FF01204204603B0F0BD01AA92
:10450800002142F20300FFF72BFE04460028F3D1F6
:10451800019B944EDA68D2F80100D2F8051003C660
:104528001846FFF7A9FA214601AA42F20200FFF74E
:1045380017FE04460028DFD1019CE368B3F8012088
:1045480091B249B1D97839B1A5F8FC20DA78114689
:1045580006F1200015F0B7FF2046FFF78DFA95F811
:104568007C601F2316F02006A5F8103119D14FF0F2
:10457800FF304FF0FF31FFF767FD0446002800F0D9
:10458800EC8002210C3012F04EFD012303704670BE
:104598002146324640F66D40FFF7E2FD044600280A
:1045A800AAD195F89C301C0712D501AA002142F225
:1045B8001C00FFF7D5FD044600289DD10198C3686B
:1045C800D3F80120D3F80530C5E93823FFF754FAAA
:1045D8004FF0FF304FF0FF31FFF736FD044600285B
:1045E80000F0BB8008210C3012F01DFD95F8D83082
:1045F80095F8D92013F0020F14BF2F230F2312F0C0
:10460800090F18BF43F40063002203701B0A4370AC
:104618008270C270027142718271C271214642F287
:104628000100FFF79DFD044600287FF465AF95F86B
:104638007C30B5F8FC1098067BD4C9B901AA41F2C0
:104648000500FFF78DFD044600287FF455AFB5F847
:10465800FC30019C4BB9E368B3F80120A5F8FC20B5
:104668009A884148114615F02EFF2046FFF704FAB4
:104678004FF0FF304FF0FF31FFF7E6FC044600280B
:104688006BD008210C3012F0CEFC10230370882365
:10469800437002230022C37020238270027142718A
:1046A8008271C371214640F60140FFF759FD044667
:1046B80000287FF421AF014601AA4FF60140FFF719
:1046C8004FFD044620BB0198FFF7D6F9214601AA01
:1046D8004FF60240FFF744FD0446C8B90198C36885
:1046E800B3F80130A5F8C130FFF7C6F995F8C13025
:1046F8005A070DD501AA21464FF60340FFF730FDB2
:1047080030B90198C3685B7885F8C030FFF7B4F911
:10471800EB799BB900F02AFB044600287FF4ECAE45
:1047280001F0C8FA044600287FF4E6AEFFF7BEFCA5
:10473800E2E600299CD16FF00404DDE62E78002E15
:10474800E8D195F8C1309B0624D54FF0FF304FF0E3
:10475800FF31FFF779FC044640B96FF06804CBE6F7
:1047680030000020080100203001002006210C3014
:1047780012F059FCD5F801300360084B9B88838000
:10478800214632464FF60640FFF7EAFC0446002869
:10479800C0D0B1E66FF08504AEE600BF310000205E
:1047A80010B5FFF74BFE034B1B6813B1BDE8104073
:1047B800184710BDE40F002073B5254D0646D5F8FF
:1047C8004C0115F0F6FC00283BD06FF0020105F112
:1047D800D40012F0C5FD012112F07AFD10EA01049F
:1047E80032D11C4B1E600A4605F5907015F06BFE21
:1047F80005F59E7015F012FE174815F033FF17499E
:10480800154800946FF007034FF4966210F044F8CF
:104818001349114815F051FFD5F84C011149836827
:104828001B689847044648B926B902B0BDE87040ED
:10483800FFF704BE05F1C40010F028F8204602B0C6
:1048480070BD6FF01204F9E76FF07704F6E700BF68
:1048580030000020E40F0020C0080020D0260020EF
:1048680061BD0100ED3D000038B5032104460C3060
:1048780012F009FC0346B0F8010040F635429042B8
:104888000DD01D78E36822461978FFF737FB35B15C
:1048980003480FF017FEBDE83840FFF711BC38BDDC
:1048A8005001002038B510F08DFA284DD5F83C316C
:1048B800002B48D00022002305F590700FF036FE3B
:1048C800002840D10022002305F59E700FF0C4FD9A
:1048D800044668B91E4A1F491F4840F6AA4311F00A
:1048E80000FD84F31188BFF36F8F0323184602DF9E
:1048F800D5F8300120B1FFF7BFF80023C5F83031F3
:10490800204612F04FFBC5F830012046FFF7C4FBE4
:1049180098B112480FF0D6FD2046FFF70DF8104B5E
:104928000C2202FB00301F2140882246FFF7E6FADE
:104938002046FFF7A1F8FFF7C3FBFFF7C1FBBDE86F
:10494800384010F053BA00F0A1FEF8E7300000201C
:104958007BBC01006ABD0100DDBC010050010020E4
:10496800CC0F002038B5042104460C3012F08BFB24
:104978004578017840882246FFF7C0FA35B10448E7
:104988000FF0A0FDBDE83840FFF79ABB38BD00BF67
:104998005001002070B54FF0FF320D464FF0FF3345
:1049A80000210646FFF708F9044660B90A4A0B4990
:1049B8000B481A2311F095FC84F31188BFF36F8F0D
:1049C8000323184602DF022104F10C0012F02BFB2E
:1049D80006704570204670BD6EBD01006ABD0100BD
:1049E800DDBC0100F8B50A4DEF7906460024E3B2B4
:1049F8009F4202D86FF0010007E02946304612F0C6
:104A080096FE0735631C08B12046F8BD1C46EEE744
:104A18003000002070B5144E06223146044616F0C8
:104A280040F8E0B14FF0FF304FF0FF31FFF70CFBDB
:104A38000546A8B1062221460C3012F0FAFA0022E7
:104A4800294642F20500FFF78BFB40B9334622683E
:104A580043F86929A288B280012283F8682070BDD2
:104A68006FF06800FBE700BF9900002073B50446AB
:104A78000D4689B11749284612F059FE60B9164A01
:104A88002968C4EBC404A3181151AA889A80AA798A
:104A98009A71002002B070BD6E46304612F06BFB72
:104AA8000028F7D13046FFF79DFF0028F5DA0A4ABB
:104AB8000098B179C4EBC404A3181051B088988049
:104AC8009971002DE5D012592A609A88AA809B799D
:104AD800AB71DEE796BE01003000002070B50446D9
:104AE80011B16FF0150070BDF0B1234912F01FFE2F
:104AF800D0B92046FFF776FF002837DA237863B964
:104B08001E4AD37993BB20681060A179A08891715F
:104B180001219080D1711846E5E7012BE1D1A379F5
:104B280003F0C003C02BDCD1144DEB79012B20D04E
:104B3800BFF35B8FD5F8D430BFF35B8FDB0707D4A7
:104B4800002CCED00C49204612F0F1FD0028C8D127
:104B5800EE792146731C3046EB71FFF787FF08B9E1
:104B68003046C0E7EB79013BEB71BCE76FF07700AB
:104B7800B9E76FF00B00B6E796BE010030000020E1
:104B88002DE9F3410446D8B101AA002141F20900F8
:104B9800FFF7E6FA054698B9019E1249D6F80C8047
:104BA80008F101070622384615F07BFF28B10E49A7
:104BB8000622384615F075FF30B93046FEF75CFF1F
:104BC800002002B0BDE8F081D8F80130C4F8013007
:104BD800BB88A4F8053030462570FEF74DFF01204C
:104BE800EFE700BFA3BE01009DBE010007B5684600
:104BF800FFF7C6FF044BD87118B169460020FFF7CC
:104C080035FF03B05DF804FB30000020F0B5294DF6
:104C1800EE7989B0002E46D195F8C230DB0722D54F
:104C28006A4631464FF60940FFF79AFAD8B9DDF8D7
:104C380000C0DCF80C406378012B1E4628BF012613
:104C480073B1A31C02AA123418685968174603C71F
:104C58000833A3423A46F7D1186838609B88BB806E
:104C68006046FEF709FFEE71002416260127EB794E
:104C7800E0B2984202D3B3B1002012E008AB06FBC1
:104C88000033694653F8182C33F8143CCDF801204A
:104C9800ADF805308DF80070FFF7E8FE0134002804
:104CA800E5D009B0F0BD0021084609B0BDE8F040E4
:104CB800FFF714BF300000202DE9F0411D460E46D5
:104CC80017460346002849D0002D47D00A0307D5C8
:104CD8004C0743D412F040FD10BB01232B701FE09A
:104CE800B10704781ED020492FB1B20603D591F838
:104CF800D820500635D5C4EBC40411F80480B8F1A7
:104D0800010F08D101342144184612F01DFD38B9AD
:104D180085F8008002E0B8F1000FF9D0A7B90020AB
:104D2800BDE8F081720716D50F49C4EBC4040F5DC6
:104D3800012F07D10134214412F006FD0028EFD1DC
:104D48002F7001E0002FFBD0B306E8D52B7843F095
:104D580002032B70E3E712F0FFFCBEE76FF01500CB
:104D6800DEE76FF08500DBE73000002010B50A4C65
:104D7800E3790BB1002010BDFFF738FF0028FAD106
:104D8800E379002BF6D1FFF741FF0028F3D1601C2F
:104D9800BDE81040FFF73EBE30000020F7B5CDE972
:104DA8000001694642F208009DF8207016461D462B
:104DB80012F0EDFC044668B97FB9BFF35B8F0C4B6A
:104DC80053E8001F41F0040143E80012002AF7D11C
:104DD800BFF35B8F204603B0F0BD694642F209007D
:104DE800CDE9006512F0D3FC0028E6D00446F1E7CF
:104DF8005800002000487047480000202DE9F04F77
:104E0800D0F81090DFF878A289B0B9F1000405460F
:104E180002919346039318BF0124BFF35B8FDAF81E
:104E28000030BFF35B8F5A0740F1858146687305F0
:104E38000CD56FF01504029B002240F20110934537
:104E480040F08281204609B0BDE8F08FD0F810808C
:104E5800B8F1000F01D0B707EBD08A4F2878FB795B
:104E68008342E6D9C0EBC00087490722384415F0D1
:104E780018FE0028DDD0B00706D197F87030082B4F
:104E880002D8AB689F2BD4D916F0300F74D0B8F184
:104E9800000FCED0F10672D406F46036B6F5603F46
:104EA800C7D0284612F06FFC80460028C1D0774E44
:104EB800BFF35B8F3268BFF35B8FC2F30023D20569
:104EC80000F13C816A68CDE90533CDF81B30AB6849
:104ED800ADF8103012F4004FEB68ADF8123014BF83
:104EE80006230723D00348BF03F00503910348BFF7
:104EF80003F0FB038DF81D30BFF35B8F5AE8003FCA
:104F080023F480734AE80032002AF7D1BFF35B8F9D
:104F18002B783B7687F86F30224669685C480DF13C
:104F28001503FFF7C9FE0446002884D1594BB9F18F
:104F3800000F30D02A6911684AF8B31C918899800B
:104F480092799A716B689A0727D0B9F1000F2BD024
:104F580013F0100F0CBF012304238DF814302B69B4
:104F68001A68CDF816209A88ADF81A209B798DF822
:104F78001C304FF000081AE0B8F1000F8CD1D5E9C9
:104F880002239A423FF655AF1F2A7FF652AFB3F578
:104F9800804F81D94DE73C4ACDE79B0502D4039B5E
:104FA800002B37D0022300E04B468DF814304FF029
:104FB800FF304FF0FF31FFF747F80446002800F0B4
:104FC800C0800F2204A90C3012F033F821460022C9
:104FD80042F20600FFF7C4F8044600287FF42BAF1E
:104FE800B9F1000F1AD0686810F0030022D1074603
:104FF8002748012112F025FC044600284ED0002F36
:105008003FF419AF3846002100F04AFA384600F05C
:10501800F1F910E703238DF81430AAE7129B039ADD
:105028000298CDF800805946FFF7B8FE04460028DC
:10503800D9D000E73C7E1449164887F86F4007220C
:1050480015F02FFD60B91449204600F019FD0746F8
:1050580010B96FF00B04EEE6052100F021FAC7E75E
:105068000C49204612F01BFD00287FF4E2AE387E82
:10507800084900F005FD07460028EAD00621ECE7BC
:10508800040100203000002096BE010058000020D6
:1050980048000020510000208FBE010017B138469B
:1050A80000F0A8F96B68BFF35B8F9F0728D056E81C
:1050B800003F43F4007346E80032002AF7D1BFF3FB
:1050C8005B8FBFF35B8FB8F1000F22D056E8003F2B
:1050D80043F4806346E80032002AF7D1BFF35B8FC0
:1050E8006B68BFF35B8F58071CD556E8003F43F445
:1050F800805346E80032002AF7D1BFF35B8F9AE667
:1051080056E8003F23F4007346E80032002AD6D060
:10511800F6E756E8003F23F4806346E80032002AA9
:10512800DCD0F6E756E8003F23F4805346E8003227
:10513800002AE2D0F6E76FF00A047CE66FF0770405
:1051480079E66FF0680476E61988814204D15968D7
:1051580011B10978C90702D4013208336FE605494D
:10516800054815F085FA4FF47022002302480FF025
:1051780031FC67E69D7801006000002010B51B4CEB
:10518800204612F084FBBFF35B8F2369BFF35B8F6C
:10519800DA05C3F3002027D5BFF35B8F2369BFF37C
:1051A8005B8F9B0516D504F109001149072215F0FC
:1051B80078FC034614F8180993B90E49052200F043
:1051C800A3FC044630B10021417200F069F9204681
:1051D80000F010F9BDE810400448002112F031BB7E
:1051E800062204F12101EAE710BD00BF48000020B3
:1051F80096BE01008FBE010070B50C4B1C680546B9
:1052080044B154F8143C143C13B1697A28469847C1
:105218006469F5E7064C074EB44200D370BD2368B5
:1052280013B1697A284698471834F5E71C1000200E
:10523800A0AF0100B8AF010010B50446FEF77CFB33
:10524800044901EB0011204611F0EFFFBDE81040C2
:10525800FEF736BFE80F002070B5D1E901560022ED
:105268000446C1E90122064815F006F93DB1314668
:1052780020462B466FF06D02BDE87040184770BDA0
:105288001407002070B505460F48002200230FF0D0
:105298004DF9B8B90D4B1C6834B154F80C3C143CAA
:1052A80003B198476469F7E7094C0A4EB44204D33E
:1052B8002846BDE870400FF0E9BAA36803B19847E3
:1052C8001834F3E770BD00BF040700201C1000204D
:1052D800A0AF0100B8AF01002DE9F0410446202736
:1052E8000025EFF3118287F31288BFF36F8FE1690E
:1052F80029B1206A0B68E361814208BF236282F307
:105308001188BFF36F8F71B1D1E901680748C1E90E
:10531800015515F0B1F81EB1002241462046B047AC
:10532800FEF7CEFEDDE7BDE8F08100BF14070020E0
:105338000448B0F8FC30002B00F5807008BF00204E
:10534800704700BF3000002030B50446FEF780F9F2
:105358000D4A0D460D490858D2F88010884289B088
:1053680005D1204609B0BDE83040FFF7B5BF243469
:105378002146104615F04BF91DB16946204615F037
:1053880056F909B030BD00BF280E00200800000003
:1053980038B5002204468A4202D10024204638BD8E
:1053A80004F1C8030120BFF35B8F53E8005F002DB1
:1053B80004D143E8000CBCF1000FF6D1BFF35B8FBA
:1053C80002D0D0340244E6E7002CE6D0C8220021FF
:1053D800204615F05EFB04F14000044915F048F939
:1053E800034904F1240015F0F6F8D7E7C15B000083
:1053F8000179010008B500F1C803BFF35B8F53E8DA
:10540800002F013A43E800210029F8D1BFF35B8F50
:10541800AAB90B4B984212D303F1D00290420ED294
:10542800C01AD023B0FBF3F203FB120038B90548C9
:105438000FF048F8BDE8084003480FF027BA08BD48
:1054480060090020040700204403002010B504462A
:1054580012F0C9FA0FF0B6FC104AD2F8141104F190
:10546800BC0361B9C4F8BC10D2F8181159B9C2E923
:1054780045330FF0BBFCBDE81040FEF721BE8B4260
:1054880005D00968EDE70B60C2F81831F1E70FF0B5
:10549800ADFC2046FFF7AEFFEDE700BF300000206F
:1054A80070B5857A8D42044613D081720DB912F019
:1054B8009AFAA37A012B09D1344D05F580766169F2
:1054C800002950D1BDE87040FEF7FABD072B01D086
:1054D800ABB170BD0023C4E90D33E378012BF8D1DB
:1054E800A378012B04BF032384F8983004F140000B
:1054F8004FF42032BDE8704000230FF037BA082D72
:10550800E7D801A353F825F0DB5400003555000017
:105518005B550000655500006555000065550000A5
:105528005B550000DB540000DB54000004F140052B
:10553800284615F0A9F820460121FFF705FF204667
:1055480012F0F8F928460022BDE8704000230FF059
:1055580041BA637A13B12046FFF74EFE2046BDE8F4
:105568007040FFF747BFA2690B686361914208BFAB
:10557800A3612046FFF770FEB5F8FC30002B14BF7E
:10558800304600200EF09EFF99E700BF3000002053
:10559800F8B5074609480D46164612F024FA04469F
:1055A80050B183781F4203D1BDE8F840FFF722BF0E
:1055B8003146A8472046F7E7F8BD00BF600900203C
:1055C800024900220120FFF7E3BF00BFC1780100B4
:1055D80038B505460B480C4612F005FA034670B17B
:1055E800827A012A02D0073A012A06D81A88AA42E2
:1055F80002D19A78144203D11846FFF7FBFE002324
:10560800184638BD60090020034BC01A034B00112F
:105618005843C0B2704700BF60090020C54EECC4B3
:1056280070B51C46144305460E4608D0FEF710F820
:105638000B4908580B49D1F88010884201D1002243
:1056480013460949002D14BF2846084611F07BFC73
:10565800044618B1711D0C3011F0DAFC204670BDFB
:1056680008000000280E00202407002010B504467A
:1056780005480FF00BF9204600F0D4FB2046BDE8A2
:105688001040FFF7B9BD00BF340300202DE9F04FEB
:1056980087B0002303930593AD4B5A8A32B1AD4DC1
:1056A800D5F8144134B907B0BDE8F08F1B68002B5A
:1056B800F5D1F8E754F8BC3903B1BC3BA64900263C
:1056C80001E01C461346B5F8FC20002A00F03D8195
:1056D800D5F808214AB904F1BC06002BE3D0D3F869
:1056E800BC20002AEDD0BC3AEBE70A68002AF2D0C9
:1056F800D4F8A820002AEED0D4F8AC20002AEAD0AA
:10570800D4F8B020002AE6D0A37A072B68D1204627
:105718009047002864D0BFF35B8FD4F8C030BFF344
:105728005B8F022B5CDC204612F05DF904460028F2
:10573800B9D0A37A072B40F0FF80D4F8A830B5F889
:10574800FC1004AA204698470746002800F0D48099
:10575800B5F8FC20049B9A4206D30146D4F8AC6005
:1057680005AB03AA2046B047059B01933B8ADDF8A9
:105778000C90002B00F0E3803846DDF810A011F003
:105788006AFD8046002840F0DD80B5F8FC30DFF87F
:10579800CCB1002B14BF58460020002200230EF085
:1057A800C5FE78B96C48002200230EF055FE064667
:1057B80000283BD1B5F8FC30002B18BF5E463046B8
:1057C8000EF080FE6FF00B053846FEF755F9B9F17B
:1057D800000F00F08D8001992A462046C84787E0CF
:1057E800D4F8BC3004F1BC02C6B9D5F81811C5F814
:1057F80014318A4201D1C5F818310023C4F8BC30ED
:105808002046D4F8B0309847002892D0A37A072BC6
:1058180040F092802046FFF719FE8AE73360D5F8FA
:1058280018319A4208BFC5F81861E6E7019BC0F82D
:1058380004908360B5F8FCB04548DA454FF00002A3
:105848004FF000034FF0000198BF1FFA8AFBFEF7E4
:1058580095F8814650B1FEF76FF8414B5A4603EB75
:1058680000133946484611F0BBFC8146B5F8FC30B8
:1058780094F8C4709A458CBF4FF00108023784F839
:10588800C48098BFFFB204F1C008BFF35B8F58E82B
:10589800003F013348E80032002AF8D1BFF35B8F9C
:1058A80000233360A3695BBBC4E90566A378012BB9
:1058B80029D0BFF35B8F58E8003F013B48E800322E
:1058C800002AF8D1BFF35B8F314604F1140012F0BF
:1058D80016F84846FEF7D0F820463146FFF7BCFCDC
:1058E800B5F8FC301D48002B08BF00200EF0EAFD7B
:1058F8001321204612F093F82046FFF77BFDD2E6ED
:105908001E60A661D2E709F10C0A0421504611F085
:10591800A1FB238807F0FD0743EA07330380B9F8A2
:105928001030043B43800221504611F09BFB48464F
:10593800FEF7B2FB0028BCD1FEF7C2FBDCE76FF034
:10594800790541E76FF004053EE79368FFDE00BF85
:1059580090070020300000201407002030010020AC
:10596800E80F00202DE9F04140F2E243D0F88860CA
:10597800B6FBF3F60446B6B2031DBFF35B8F42686D
:10598800BFF35B8F920417D5B0F88C20B24213D8BE
:10599800B0F88E20B2420FD3D0E9241291420BD135
:1059A800BFF35B8F53E8001F21F4005143E8001256
:1059B800002AF7D1BFF35B8F104B1D6865B155F80E
:1059C800047C143D37B1B4F89230B4F890203146D5
:1059D8002046B8476D69F1E7094DDFF8288045454D
:1059E80001D3BDE8F0812F6937B1B4F89230B4F82B
:1059F800902031462046B8471835F0E71C100020A3
:105A0800A0AF0100B8AF01002DE9F04107460846F4
:105A18000D4611F093FD064618B900263046BDE83C
:105A2800F081144B1C6884B154F8083C143C0BB941
:105A38006469F8E72946384698470028EDD0284693
:105A480011F07CFD0028F3D1E7E70B4CDFF82C8040
:105A58004445E3D2E3680BB91834F9E729463846D8
:105A680098470028D9D0284611F068FD0028F3D1BE
:105A7800D3E700BF1C100020A0AF0100B8AF0100A1
:105A880038B505460C460E480121FFF781FCB0B138
:105A9800057223680367A388A0F87430A37980F897
:105AA800763001238370074BC0F8A830064BC0F846
:105AB800AC30064BC0F8B030054BC0F88C3038BD60
:105AC80060090020595D0000AD780100A17801004F
:105AD8001800280070B505460A480E4611F083FFE5
:105AE800044620B18378012B04D0FFF783FC0024FF
:105AF800204670BD3246294611F0B1FF0028F7D183
:105B08002046F2E760090020F8B505460E480E4623
:105B1800174611F068FF044620B18378012B03D0A3
:105B2800FFF768FC00240DE036B13246294611F033
:105B380096FF08B92046F3E7A37ABB42FAD1237A45
:105B4800AB42F7D12046F8BD6009002038B50446BD
:105B580008460D4611F0F2FC48B3164B93F8D830BE
:105B6800990707D4E37883B129462046BDE8384031
:105B780000F0AEB994F899309A07F3D5BFF35B8F6C
:105B88006368BFF35B8F5B04ECD42946204611F0B1
:105B98008EFF58B92B88A4F88C306B88A4F88E3007
:105BA800AB88A4F89430EB88A4F8963038BD6FF031
:105BB8001500FBE730000020F7B510F8363C044626
:105BC800A0F140060BBB304611F0C4FF354B1D68F1
:105BD8004DB155F8103C143D1BB114F8371C304634
:105BE80098476D69F4E7304D304FBD4205D33046D4
:105BF80003B0BDE8F040FFF7FDBB6B681BB114F8BC
:105C0800371C304698471835EFE710F83E3C012B13
:105C180030D1BFF35B8FA0F13C0555E8003F23F47A
:105C2800005245E800210029F7D1BFF35B8F9B04A0
:105C380022D5E36C00936946636D01933046FFF704
:105C480085FF58B9BFF35B8F55E8003F23F48053B5
:105C580045E80032002AF7D1BFF35B8FBFF35B8FB3
:105C680055E8003F43F4006345E80032002AF7D1C5
:105C7800BFF35B8F03B0F0BD0D4A106851686B46E7
:105C880003C369463046FFF761FF0028E6D1BFF33A
:105C98005B8F55E8003F43F4805345E80032002A03
:105CA800DAD0F6E71C100020A0AF0100B8AF010061
:105CB800F0AF010010B50E4814F0B0FB0D490C48C8
:105CC80014F0DAFB0C490A4814F0D6FB0B490848D3
:105CD80014F0D2FB12F0A6FC01F0D6FC044628B959
:105CE80012F093FF044608B912F03CF8204610BDA4
:105CF80014070020F80F00200410002010100020C6
:105D0800044B186818B9044A5A600B6070476FF062
:105D18000B0070472410002040B3010070B5044602
:105D280052EA030008D0FDF793FC074D074ED5F85B
:105D380080503058854201D1002213462046043154
:105D4800BDE87040FFF76CBC280E0020080000007A
:105D58002DE9F047D0F8B4400F46904644B1403C96
:105D6800236B5BB92068B43011F0EAFE246CF5E7C8
:105D7800FEF7A6F900263046BDE8F08704F13009A1
:105D8800484614F08EFB05460028F1D011F063FA5E
:105D98000028EFD1284611F005F9656C06469DB933
:105DA800A38C058A403B9BB23F2B03D8238D9D4291
:105DB80028BF1D46042106F10C0011F04BF905809F
:105DC800A38C438004356564BD4220D8B6F810A082
:105DD800554506D10022002348460EF03DFBFDF74D
:105DE8004BFEA38CA3F140023F2A07D8554514BFA8
:105DF80000220B4AB26118BF1346F3612068B43021
:105E080011F09EFE236B13B1204611F07AFE636CED
:105E1800C8F800309F4234BFDF1B00276764AAE739
:105E2800937C0100F7B5284D284F04460026BD4253
:105E380001D303B0F0BD2988204611F01CFF6B6820
:105E4800019001A920469847002838DB019B2A8841
:105E58009A829A8403F11002BFF35B8F52E8001F05
:105E680042E800600028F9D1BFF35B8F1E645E64CE
:105E78009E60A16B03F1080219BBC4E90D221C60E6
:105E8800DE6003F1300014F0C9FA019843681B681A
:105E980003B19847019BBFF35B8F103353E8001F92
:105EA80041F0010143E80012002AF7D1BFF35B8FEC
:105EB80001984368DB6913B100F110019847083570
:105EC800B5E70A60A263DAE788AF0100A0AF010076
:105ED80070B5144A137801330C4613F0FF010CBF58
:105EE80001230B461370064608BF194608221220E4
:105EF80011F08DFE054688B108210C3011F093F899
:105F08002288028062884280A2888280E288C280D9
:105F180029463046BDE8704011F0C4BE6FF00B0052
:105F280070BD00BFA522002023281FD81A2804D836
:105F3800431E182B0ED906207047A0F11B03082B0F
:105F48001ED8DFE803F0051D1B231D19251D0500BC
:105F5800032070470F4A012383401A40C2B90E4AF2
:105F68001A40002A0CBF06200120704700F07F036A
:105F7800522B05D10020704701207047052070473B
:105F880010F0400F14BF002006207047042070470F
:105F980002207047AAAA8A02545545012DE9F74FF5
:105FA800054608468946FDF7C7FC274FD9F80C6017
:105FB80018234343FA18044691680191BFF35B8F95
:105FC800E86CBFF35B8FC1073BD5D9F80C000078AC
:105FD80010710022FA503378D22B0ED12B68494623
:105FE800186812F00FFE40B101904846FDF744FDD5
:105FF800019B184603B0BDE8F08F18235C4307EBFC
:10600800040800231A464946281DD9F80C60D9F817
:1060180014B0B9F810A0C8F8085011F00EFE0346E5
:106028000028E6D0D9F81420A9F810A0A6EB0B0692
:1060380012FA86F6019AC9F80C603851C8F8082097
:10604800D7E76FF01503D4E77410002070B50E463B
:10605800438D418B8B4202F1010228BF0B469A42C5
:10606800054632D83046FFF75FFF6FF0140303414F
:1060780013F0010310D0FDF7EBFA154B1958154B27
:10608800D3F8803099421ED0134B1B685A1A18BF98
:106098004FF0FF32134601E04FF470220F48002101
:1060A800FFF73CFE044660B1FDF746FC0C4B182296
:1060B80002FB0033012104F10C009D6010F0B3FFD6
:1060C8000670204670BD0022E4E70024F9E700BF0F
:1060D80008000000280E0020BC10002048070020FF
:1060E80074100020094B9A68011F914204BF0022D6
:1060F8009A601A6A0648914204BF00221A629A6B93
:106108008A4204BF00229A6314F0AFB874100020CA
:10611800A4060020F8B54FF47022074600230D4866
:106128000E4610F010FF044690B100F10C0509214D
:10613800284610F06DFF2046FDF7FEFB064B18229F
:1061480002FB0033012128469F6010F06CFF0670A7
:106158002046F8BD480700207410002008B5EFF36A
:106168001181202383F31288BFF36F8F002303600C
:106178000C4B5A689AB9C3E9000081F31188BFF340
:106188006F8F09480EF082FB002807DA002383F39B
:106198001188BFF36F8F0323184602DF08BD106014
:1061A8005860EAE76C1000207C0300207FB5CB68BC
:1061B8001D8804468DB15E8876B1AE420DD310229B
:1061C8000021684614F065FC05212046FFF7A2FF70
:1061D800019058B9112007E0354601232A460421C9
:1061E800204611F050FF002004B070BD6B463146C8
:1061F800084A0094284611F063FFDDE9011323B92A
:106208000846FDF739FC0A23E8E7204611F065FE49
:10621800E9E700BFFF7E010010B500F1480304461E
:10622800BFF35B8F53E8001F41F0010143E8001200
:10623800002AF7D1BFF35B8F201F11F0B8FE04F1DD
:106248006400044914F014FA2068BDE8104001F015
:10625800E1B900BF31860100F0B51D46036885B07D
:1062680004460E4618680121174612F08BFC38B90F
:1062780004F14C0011F048FF50BB122005B0F0BDEE
:1062880065B310220021684614F003FC3946204605
:10629800FFF740FF029018B3BDF82830ADF804307E
:1062A80001238DF80C3029466B460E4A0094284687
:1062B80011F006FF9DF80C3002995BB10846FDF716
:1062C800DBFB9DF80C302A463146204611F0DBFEF8
:1062D8000020D3E7204611F000FEF9E70120CDE7C2
:1062E8001120CBE7AD8401002DE9FF410368044686
:1062F8000D461868012112F045FC40B904F14C0024
:1063080011F002FFA0BB122004B0BDE8F0811022FA
:106318000021684614F0BDFB0F212046FFF7FAFE66
:10632800029038B3009405F10C074FF001082B8A4E
:10633800012B04D80299204611F0CFFD18E0384609
:1063480010F0B1FE6B460C4A8DF80C8001460646EB
:1063580011F0B6FE9DF80C30002BE8D00298FDF73E
:106368008BFB9DF80C3032460E21204611F08BFE37
:106378000020C9E71120C7E7AD8401002DE9FF41DE
:10638800036804460D461868012112F0FBFB40B96A
:1063980004F14C0011F0B8FEA0BB122004B0BDE817
:1063A800F08110220021684614F073FB2121204659
:1063B800FFF7B0FE029038B3009405F10C074FF0D8
:1063C80001082B8A012B04D80299204611F085FD7B
:1063D80018E0384610F067FE6B460C4A8DF80C80C2
:1063E8000146064611F06CFE9DF80C30002BE8D0F3
:1063F8000298FDF741FB9DF80C30324620212046DB
:1064080011F041FE0020C9E71120C7E729840100E7
:106418002DE9F0430F4687B00446062107F10C002A
:1064280010F031FE0588EDB1B0F80280B8F1000F28
:1064380017D0A84516D3002382888DF800308DF830
:10644800043001A94FF420536846D7F80C90ADF8F2
:106458000220ADF8063010F041FE064660B10A236E
:1064680001E0454601232A460621204611F00BFE8D
:10647800002007B0BDE8F0830146142201A83F7C44
:1064880014F007FB07212046FFF744FE0290D8B11D
:106498000A238DF81530414601AB0C4A0194284671
:1064A800CDE903698DF8147011F00AFE9DF81530D6
:1064B80002992BB10846FDF7DFFA9DF81530D2E7AF
:1064C800204611F00AFDD3E71120D2E7DD81010053
:1064D8002DE9F0410E8A043EF6B2022E04468CB035
:1064E800084601D0102E76D104210C3010F0CBFDD7
:1064F8000DF1040805884788011D3246404610F012
:106508001AFE002869D085B377B3BD422DD86068DC
:10651800012112F037FB064678BB8DF8000042F6E1
:10652800020369464046ADF8023010F0D7FD20B3AB
:1065380042F6030306A940468DF81860ADF81A30F4
:1065480010F0CCFDC8B1012D03D14FF6FF739F4267
:1065580013D004F14C0011F0D7FD002814BF00201F
:1065680012200CB0BDE8F0813D4601232A460821DF
:10657800204611F088FD0020F3E7182200210DEBDA
:10658800020014F086FA09212046FFF7C3FD08909F
:10659800F8B101210C30CDE9064810F044FD002384
:1065A800099003700A238DF82C30394606AB0C4A43
:1065B800284611F085FD9DF82C3008992BB1084626
:1065C800FDF75AFA9DF82C30D0E7204611F085FCEB
:1065D800D1E71120C5E70420C3E70E20C1E700BFBB
:1065E800E96800002DE9F0410E8A043EF6B2022E59
:1065F80004468CB0084601D0102E64D104210C301A
:1066080010F041FD0DF1080805884788011D324644
:10661800404610F090FD002857D0A5B300268FB350
:10662800BD4230D84FF4205301A940468DF804608C
:10663800ADF8063010F052FD48BB1422002107A81F
:1066480014F027FA11212046FFF764FD099000286D
:1066580037D001210C30CDE9074810F0E4FC0023C5
:106668000A90394603701A4A0B93284607AB11F073
:1066780027FDDDE909131B78FBB90846FDF7FCF98E
:106688000A2301E03D4601232A4610210EE042F686
:10669800010307A940468DF81C60ADF81E3010F0C4
:1066A8001DFD0028C9D010232A461946204611F09E
:1066B800EAFC00200CB0BDE8F081204611F00DFC8A
:1066C800F7E71120F6E70420F4E70E20F2E700BF11
:1066D80031680000F0B51D4603680E46003987B0E2
:1066E800044618BF01211868174612F04BFA40B942
:1066F80004F14C0011F008FD002844D0002007B038
:10670800F0BD002D41D018220021684614F0C1F9CF
:1067180047BB23681E4A1B6800930023ADF812305C
:106728000C9B0393BDF83430ADF8103001238DF87D
:10673800143029466B4628468DF8086011F0C0FCD5
:106748009DF81430C3B1002FD8D00198FDF794F903
:10675800002ED3D09DF814302A461221204611F07D
:1067680092FCCBE7002213212046FFF76FFC019033
:106778000028CED11120C2E701990029BED02046B9
:1067880011F0ABFBBAE71220B9E70120B7E700BF69
:10679800717E01002DE9F0410B8A04460D46002B5D
:1067A8003AD00668012105F10C0010F06CFCB37AB0
:1067B800072B074630D154F8043C6BB30178194EC7
:1067C800043C002316F8330088424FEAC30806EB5E
:1067D800C30211D1298A5378994220D35368294694
:1067E8002046984703464644B278012A14D19BB103
:1067F800397889B100220CE001330C2BE2D108462C
:10680800FFF792FB2122C24012F0010204D119B114
:106818000623204611F037FC0020BDE8F081042350
:10682800E1E700BF68B301002DE9FF4105460E46C8
:106838004FF000084FF42053006817688DF808805F
:1068480002A91446ADF80A3010F048FCA0B142F68F
:10685800010328688DF80C8003A9ADF80E3010F0FC
:106868003DFC48B123691BB15A88B24200D25E8010
:10687800012004B0BDE8F0816168286810F02EFCA2
:1068880010B100232361F3E7E368A0681A786AB1BE
:10689800B7F82AC0798B038A8C4594BFC3EB0C03E5
:1068A800C3EB0103934201DA0020E2E704210C3034
:1068B80010F0B9FB2061068023695E80074B0093C6
:1068C8000194A26800232946384611F020FD0028CB
:1068D800EADB2069003818BF0120CAE76F80010091
:1068E8002DE9F34717680546894600685168D7F8C7
:1068F80004A0144610F0F2FB804600284BD19522E4
:106908002946504612F058F80646207540B1E3680B
:106918001B780BB184F81480002002B0BDE8F08722
:106928002946504612F031F910B908232375F3E7C8
:10693800A068267510F03DFB02210C3010F073FBA7
:10694800164B2061A0F8009000930194A26833468A
:106958002946384611F0DBFC002807DA10F1FF0F52
:1069680026BF4042C0B20E202075D5E72369002B10
:10697800D2D0A06811F001FA7B8B7A8D9A4294BF2D
:10698800C0EB0200C0EB0300E3681B78984294BF99
:1069980000200120C1E70120BFE700BF937D01006F
:1069A800F7B5002304460E462B48002269460DF031
:1069B8009DFB0546D0B9FCF74BFE284B1A58284BCF
:1069C80000981A602946242214F063F8009B254891
:1069D8001C60009C0195C4E90155C4E907550022D3
:1069E800002301A90DF082FB054620B16FF00B05CD
:1069F800284603B0F0BD0146A022019814F049F8DA
:106A08000198194B8360543013F008FD019BBFF3C4
:106A18005B8F4C3353E8002F43E800510029F9D12C
:106A2800BFF35B8F019B1C60E369019F1BB904F1F5
:106A38000C0013F0F3FCE269C7F89820226A07F10A
:106A48009803E36102B92362019B17225A855A838E
:106A580004333360CCE700BF88060020080000003C
:106A6800BC100020A4060020540300202DE9F74F95
:106A78000646EFF31187202383F31288BFF36F8F45
:106A8800434D284611F06FF92B680093044687F3AD
:106A98001188BFF36F8F002860D0FCF74DFF3D4988
:106AA800182202FB00F3C81851F803B003690193D8
:106AB8000021D0E9025790F80480B0F806A013F03E
:106AC800E8FFA07AFCF730FF6169814651B1627A2C
:106AD800D00705D4D9F81C20126820469268904740
:106AE800002262612146484613F0D1FCB8F1000F3C
:106AF80024D01DB32B680BB31B68FBB1BBF1000F8F
:106B08001CD1281D11F0FEFC4046FFF70DFA0528A0
:106B180014D8DFE800F0260313261303BFF35B8FB6
:106B2800EB6CBFF35B8FDA0708D52B6D33B14FF4ED
:106B38007022002305F168000DF04CFF009B6BB13B
:106B48003146002013F063FD002807DA002383F3A1
:106B58001188BFF36F8F0323184602DF03B0BDE827
:106B6800F08F2B68D3F80080BFF35B8FEB6CBFF31B
:106B78005B8FDB07E2D5002FE0D0002403E001990A
:106B88004046B8470134A3B25345F8D3D6E700BF0F
:106B98006C1000207410002007B50B460246002137
:106BA800FCF756FD01910E4909580E4800688842C5
:106BB80004D00D48D0F88000884201D10022134645
:106BC80001A90A480DF092FA014638B90198102235
:106BD80013F05FFF019803B05DF804FB0020FAE7AB
:106BE80008000000BC100020280E0020C00600206D
:106BF80010B50446806818B1FCF73EFF0023A36077
:106C080021460248BDE8104013F02FBBC006002003
:106C18002DE9F743044668300F4690461E4613F0A8
:106C280033FD206D48B9201D00F028F86068132155
:106C380003B0BDE8F04310F0F2BE0F4B98424FF09E
:106C4800000317D045684360206DD0F80C90FFF71B
:106C5800CFFF00232068236511F0D6F83DB12068E6
:106C6800CDF80090006843463A463146A84703B03D
:106C7800BDE8F0831D46ECE7C0100020F7B550F8DA
:106C8800044C0546002C59D000F1940104F11C0075
:106C980011F021FA2E1F05F1500700220023384673
:106CA8000DF0DAFB024678BBEB6C2BB101466FF0B6
:106CB80067033046FFF7ACFF002345F8043C05F1B5
:106CC8004803BFF35B8F53E8001F21F0010143E83D
:106CD8000012002AF7D1BFF35B8FE36973BB04F19D
:106CE8000C060022002330460DF0B6FB78B9666822
:106CF80086B913482660214613F0B7FA286803B00E
:106D0800BDE8F04000F0B6BCFCF7B6FEC5E7FCF7FE
:106D1800B3FEE6E7A26833686360964208BFA360E3
:106D280077683FB1F3680093002320681A466FF034
:106D38006701B8473046FFF75BFFD8E703B0F0BDFF
:106D480088060020F8B51D460F461646FCF7F4FDE8
:106D5800044C182303FB0040C0E903760123C380D9
:106D68000575F8BD7410002010B5074C23788342D0
:106D780008D10722601C13F094FE00280CBF20469F
:106D8800002010BD0020FCE7862200202DE9F041FC
:106D980080460F4616461D46FFF7E6FF044670B9C3
:106DA8001149FFF7E1FF044678B1034603F8018B68
:106DB8003A68C0F80120BA889A80BA799A7123890A
:106DC8002BB962892AB926816581BDE8F0819E4286
:106DD80004D36289AA42F8D29E42F5D263892681F9
:106DE800AB42F2D2F0E700BF96BE01000C48BFF3F9
:106DF8005B8F50E8003F23F0020340E80032002A8E
:106E0800F7D1BFF35B8FBFF35B8F0368BFF35B8F73
:106E1800DB0704D50022002330380DF0DBBD7047B6
:106E2800800A00202DE9F041254B164682689A42D7
:106E3800074602D1C46863892BBB0120BDE8F081F5
:106E480006F17008307A414610F09AFB88B91D4B5C
:106E58009C4202D1304611F091FC1B4B1A68C4F8D1
:106E680001209A889B79AB710023AA802370238123
:106E78001EE0336FC4F80130B8F80430AB8098F8DE
:106E88000630AB7114E0238993B12546304615F8D6
:106E9800011B2A4610F0E3FD0028D1D120782946AD
:106EA800FEF718FE20B1857AFEF7A4FA072DC4D0A4
:106EB800E36800216181002BBFD038469847BCE7C2
:106EC800016F00009403002096BE010010B54B1C12
:106ED8000C4630B109781A4610F0C1FD40B1204681
:106EE80010BD04490722184613F0DBFD0028F6D030
:106EF8000020F5E796BE01002DE9F8431E46BDF8CF
:106F08002030D1F80C8081460F46002B49D1731EE2
:106F1800012B49D8012E41460CBF15781588FFF77B
:106F2800D5FF0446B8B915B93046BDE8F8834146DF
:106F3800FFF7CCFF0446002839D0D9F87030C0F8E4
:106F48000130B9F87430A0F8053099F87630C3717B
:106F580099F808300370D8F81030B3B92581B8F81B
:106F68000A30AB4203D04146384611F0DBFB002D16
:106F7800DAD1104B25701A68C4F801209A889B79D9
:106F8800A4F80520E3712581CEE72A46394648460C
:106F980098470028C9DB01380128DFD96FF00D00B8
:106FA800C3E76FF00600C0E76FF00C00BDE76FF0B5
:106FB8001000BAE796BE010010B4194ABFF35B8F00
:106FC80052E8003F43F0010142E800100028F7D1E1
:106FD800BFF35B8FDB0721D4BFF35B8F52E8003F21
:106FE80043F0020142E800100028F7D1BFF35B8F9D
:106FF80013F0020307D10B480B4902880B4CA1423E
:1070080006D303B102800A490A4810BC13F030BB0A
:107018004B681A4492B208310123F0E710BC70475C
:10702800E810002092220020B8AF0100D8AF01007C
:1070380019730000500A00202DE9F041034648B1B9
:10704800008A38B91249DFF84CE001244FF0140CDB
:10705800714501D3BDE8F081D1E90076BB4204D384
:107068000CFB0672143A93420ED93444A2B208318A
:107078001446EDE70CFB0578434507D00135621946
:10708800AE4292B2F6D1F2E70025F8E71046E1E702
:10709800B8AF0100D8AF01002DE9F74FBDF8305067
:1070A800009199464FF6FF73002D08BF1D46244BEB
:1070B8001B888342074690463CD203B0BDE8F08F58
:1070C80073682344BB4232D29CB208361D4B9E42A1
:1070D800F6D3F2E78958019340460FF0FFFF019B72
:1070E80090B101340AF1010AA4B273685345ECD98E
:1070F800009B9C42E1D8BC42F3D331680BFB0AF2F7
:107108008B18B8F1000FE5D1B9F1000F0BD1013D93
:10711800ADB218460E9A0D9B21469847002DCCD04B
:107128000028DED1C9E7DA689145DAD1EFE74FF0F8
:10713800000ADAE7044E01244FF0140BC6E700BF3B
:1071480092220020D8AF0100B8AF010007B5002394
:107158000193FFF771FF411C89B20846034A01AB4E
:1071680011F0D2FB019803B05DF804FBF186010031
:107178002DE9F84389465168B1F8128018F094084F
:10718800074615463BD1022211F034FC002839D0BD
:107198004FF470200021AE8AFFF7FEFC0236044649
:1071A80060B11A4B4360C56032461D21384611F064
:1071B80014FA064628B92046FFF71AFD6FF00B05AA
:1071C8001AE0012342464146FFF7BCFDA98A06F1B1
:1071D8000C0002310FF027FF20F8029BAA8A2969C8
:1071E80013F030FCA6602146384611F060FA0546D7
:1071F80010B12046FFF7FCFC2846BDE8F8834FF0A5
:10720800FF35F9E76FF01505F6E700BFF7860100CF
:1072180070B505468AB00C463A4BBFF35B8F1B68C6
:10722800BFF35B8F5A0767D510B1837A072B66D1F6
:10723800666805963046FFF7FFFE2268ADF818002D
:10724800002A2FD005A902912F490191012100237D
:1072580000914FF6FF710593FFF71EFF059E1EB9BB
:107268006FF001000AB070BD6660002330688DF8C9
:10727800103004A942F60303ADF812300FF02EFFC8
:1072880040B90598C3689B799B0608D511F0EDFABB
:10729800ADF81800059811F042FB606028B96FF04E
:1072A8001500DFE70028E0D1DAE7BDF818003DB1A6
:1072B80001230146A37522462846FFF759FFD1E767
:1072C8006FF07F0307930223ADF8203042F60213D4
:1072D800ADF8123005ABA57502930C4B0193012351
:1072E800009304AA2B464FF6FF7109948DF81050AD
:1072F800FFF7D2FE0798B5E76FF00A00B2E76FF024
:107308007F00AFE7040100202587010031750000E8
:1073180013B550F8082C01920346A0F1200100F1A2
:107328003004BFF35B8F54E8002F22F0010244E8D9
:1073380000200028F7D1BFF35B8F114A43F81C2CBB
:10734800104A43F8182C01AA002043F8102C0422F4
:1073580023F8080C23F8060C23F80C2CFFF758FF29
:1073680058B9BFF35B8F54E8003F43F0020344E889
:107378000032002AF7D1BFF35B8F02B010BD00BF07
:1073880004B40100F56D000070B5234B8168994283
:1073980004463FD1C6683389002B3BD01568324676
:1073A800284612F8011B10F05AFB002832D04FF47F
:1073B80095722146284611F0FFFA03282AD0314653
:1073C800204611F0AFF9154B9E4223D1287A05F1DA
:1073D8007001FFF7C9FC0446E0B103890BB9438982
:1073E800C3B12846FEF710F90D4B228923F8202057
:1073F80003EB800362890B495A80182202FB0011B3
:10740800094A4A600B61094A8A60042328468B822C
:10741800FFF7FEFE012070BD016F000094030020FD
:1074280082220020D010002004B401005D870100F2
:1074380070B504468AB00D46384BBFF35B8F1B68A6
:10744800BFF35B8F5A0763D510B1837A072B62D1DC
:107458006E6805963046FFF7EFFD2A68ADF818000C
:10746800002A2FD005A902912D490191012100235D
:1074780000914FF6FF710593FFF70EFE059E1EB9AA
:107488006FF001000AB070BD6E60002330688DF89F
:10749800103004A942F60303ADF812300FF01EFEB7
:1074A80040B90598C3689B79DB0608D511F0DDF96A
:1074B800ADF81800059811F032FA686028B96FF035
:1074C8001500DFE70028E0D1DAE7BDF818002CB195
:1074D80001462A46204611F020FBD3E742F6021265
:1074E800ADF8122005AA6FF07F0302920D4A0793A8
:1074F8000123CDE90032ADF8203004AA23464FF627
:10750800FF7109958DF81040FFF7C6FD0798B9E798
:107518006FF00A00B6E76FF07F00B3E704010020C0
:107528002587010031750000F8B5364B154682688D
:107538009A42044601D00120F8BDC768324B9F42E9
:1075480046D03A89AB899A42F5D1394611F8010BF0
:10755800FEF7C0FA06460028EDD0837A072B05D03F
:10756800FDF748FFE7E7FDF745FFEAE77B6923B149
:107578002146984708B93046F2E7648A14F0940423
:10758800F9D1AB89022B16D13C8914F002040AD038
:107598002A69A9883046FFF7EBFD044618B92A691D
:1075A800937D013393753046FDF724FF002CAC60C2
:1075B800C1DA0020C0E7012BF5D13C8914F00104A1
:1075C800F1D02A69A988304611F0A7FA0446EAE7FB
:1075D8000E4E0F490722304613F063FA0028B0D048
:1075E80016F8010C07223146FEF78EFA0028BAD1A8
:1075F8002B6916F8010C1A69314653881288FFF76F
:10760800C5FB9EE7016F000094030020872200203D
:1076180096BE010007B5064A00906B4601204FF65A
:10762800FF718DF8040011F06FF903B05DF804FBE9
:10763800917300002DE9F0410D4B1B6806460F467B
:10764800904623B153F8044904B1043C0BB9BDE892
:10765800F0811B681BB142463946304698472CB129
:10766800656805B1043D23462C46EFE72546FAE751
:10767800EC1000200346034A4FF6FF71012011F079
:1076880043B900BF2D6E00007FB54FF42052ADF80E
:10769800162004AA02920B4A00230120CDE90032E9
:1076A8004FF6FF7105AA04938DF81430FFF7F4FC28
:1076B800049B012B14BF6FF01500002007B05DF884
:1076C80004FB00BF9B8B0100044B186818B9044ADF
:1076D8005A600B6070476FF00B007047F410002081
:1076E8002CB4010000F1070C2CF0030C10B4541E4C
:1076F8001860A4B2ACF80020023A93B201FB04F27D
:107708004FF0000C40F802C074B103FB011403FBF6
:1077180001F22044121B4FF6FF7C013B9BB26345EC
:107728008050A0EB0100F8D110BC704703460068F8
:1077380010B102680AB91A60704700F1070C2CF002
:10774800030CD11DBCF800C021F003010CF1FF3C73
:10775800A1F800C0EFE700BF0B687BB1073323F047
:1077680003031A88013292B20346D1F800C043F8E5
:1077780007CB23F003031A80086070470122F3E760
:1077880002FB0100704700BF401A90FBF2F080B284
:10779800704700BF531E11449BB242B1DB4301380E
:1077A800CA1811F8013D00F8013F9142F9D170471C
:1077B800014402E010F8013B1BB98842FAD10020CD
:1077C80070470120704700BF10600860704700BF15
:1077D8000A6803460068904205BF00220A6000203C
:1077E8001A607047D2F800C0CCF80000D2F800C088
:1077F800CCF8041010607047884203D01AB143686F
:1078080013607047002070470B68834209D02AB183
:10781800586810601A680A6018467047002BF9D13A
:10782800FAE70023F8E700BF2DE9F8430E4EDFF82A
:107838003C904FF090080C2706F1200409EB08054E
:107848002A1D29462046083CFFF7BEFFB442A5F191
:107858000C05F5D1043F3B1DA8F13008A4F1200622
:10786800EAD1BDE8F88300BF98110020E411002098
:1078780010B403468C469AB101EB4101144803EB5E
:107888004304090101EB84010144487A0C7AA042BF
:1078980004BF0130087210BC6146184609F018BDD3
:1078A80001EB41020A4C120100EB400302EB830397
:1078B80023449C7ADA7AA24201D010BC7047013284
:1078C8009A72044B01225A5410BC09F031BD00BF12
:1078D800C01100203C110020F8B506461C460D4694
:1078E80002B322786378D21A12F0030229D1294F01
:1078F80071004FEA450C3144AC44890001EB0C118E
:1079080001330431DBB27A18606823702146FFF72F
:1079180069FF214B0122294630465A5509F008FDD6
:107928000020F8BD09F0EEFC0028DAD029463046E0
:1079380009F0DAFC637860B92278D21A12F00302EF
:10794800D5D0012A03D00133DBB22370E1E710461A
:10795800F8BD05EB450206EB46010E4F120102EB9E
:1079680081023A447100907AD27A90424FEA450CEB
:1079780005D02078C01A10F00302E2D1BBE72278C4
:10798800D21A920702D00233DBB22370D4E9020381
:107998009847C5E7C01100203C1100202DE9F04FA1
:1079A800DFF8609119F8003089B0002B59D0DFF862
:1079B80058A1C0EB00134FF0000B00EB40079B00F1
:1079C8000324CDE904BB09F800B00AEB07170393B9
:1079D80002948346B8460023B96A58F8240F0793DF
:1079E80007AAFFF709FF044607AAB4B1079D2E7836
:1079F8006978761A06F00306012E35D02B78591AC5
:107A080001F003010129DBB23DD1D7E90901FFF7F4
:107A1800F3FE044607AA002CE8D197F82E3097F811
:107A28002F209A4203D087F82F300123049397F828
:107A38002C3097F82D209A4203D087F82D30012357
:107A48000593029B5D1EEBB2FF2B0293A7F10C0777
:107A5800C0D10499D846DDF814B011B1BBF1000FBC
:107A680045D009B0BDE8F08F01396970079BD3E9AB
:107A780002029047079D2A786978D3B2521A02F019
:107A88000302012A21D0B86A019300224146FFF778
:107A9800BBFE6C60019B6A786B702B789B1A03F0B5
:107AA8000303012B08D0D7E9090107AAFFF7A4FEB1
:107AB800012E044698D10EE0039B6A701A1D2946D0
:107AC80020465244FFF78EFEEDE7D7E9090107AAE1
:107AD800FFF792FE0446029B8BB101235946584694
:107AE80009F80B3009F024FC09B0BDE8F08F5A46BC
:107AF8004146404609B0BDE8F04F09F0E9BB002C0B
:107B08008BD0EAE73C110020C01100204B1EDBB2ED
:107B180071B1411E00EB030C002011F8013F23B1A5
:107B28005A1E01301340C0B2FAD16145F5D17047F1
:107B38000846704770B5057E0468FF2D2AD02A468E
:107B48004FF0000C07E09E6814F80E30FF2B154626
:107B5800B4441FD01A4602EB420391424FEA031E77
:107B680004EB0313EFD18D4202D114F80E200276F4
:107B780014F80E20986805EB45052D01FF2A62557B
:107B880006D002EB420204EB0212936803449360AE
:107B9800604470BD002070BDA2EB010C1CF4000F06
:107BA80010B4836844690AD12CF07F4C6344A34223
:107BB8000DD8E41A00234461836010BC7047891A09
:107BC80021F07F418B4208D95B1AA342F1D91B1BD4
:107BD80000244461836010BC70470C44E41AE9E750
:107BE8002DE9F041244DBDF824708E462C2101FB6F
:107BF8000055696801EBCE0011F83E60C478417801
:107C080004F1010C5FFA8CFC664598BF4FF0000C3C
:107C180061452DD0466804EB4404210106EB0414A9
:107C28004FF0040806F801806360069BA360079B79
:107C3800E360089B23610A9BA3610F9B63620B9B14
:107C4800E3610C9B23620D9BA3620E9BE3620223FC
:107C58006270A782A37080F803C0D5E90836704621
:107C680098472B4641460022B047A078BDE8F081EE
:107C78000120BDE8F08100BF801200202DE9F04FFF
:107C880087B00346427A019000685F680290002A34
:107C980000F0EF80531EDBB207EBC3038A46039361
:107CA8000597039B5A6893F801B00492BAF1FF0F45
:107CB80057D00AEB4A04029BCDF800A04FEA0419FA
:107CC800002513F809A003EB0414019BFF27277074
:107CD8001E681B7E06EB0908BB42D8F808100DD1B8
:107CE800C1E0091A05D1B8F81E90BEF81EE0F145AA
:107CF8007AD8B25CFF2A1F4665D0134603EB4302CD
:107D080006EB021E4FEA430CDEF8080088424FEAF1
:107D18000212E6D9FF2FC8F8081088F800305DD1A4
:107D2800DDE900200276634406EB03139A68521AD1
:107D38009A60A37801336370002DB7D0AB6A4FF017
:107D480000022A70AA7013B1E96A00209847636894
:107D5800002BABD1AB6A2362EB6A6362BAF1FF0F07
:107D6800A7D1039B049E99780BEB4B030BF1010001
:107D780059454FEA03125FFA80FB06EB031569D0F9
:107D8800039B1878B35C584508BF4FF0000B042BD1
:107D9800EAD16978029801EB410300EB03144FEA3A
:107DA80003196078A378984220D04FF00003B354A9
:107DB800AB6A4FF001020120AA700BB1E96A98473B
:107DC800039B9978D0E79C444FEA0C1C009BC8F8A9
:107DD800081088F8002006F80C30AAE707EB4707D8
:107DE8003F01009AF2559EE7014693E7019AAB8A54
:107DF800009151694FF6FE72934207D04FF6FF7219
:107E08009B1AB3FA83F35B0984F82C306B6AA3627C
:107E1800EB6863602B69236200226262AB8A4FF6CB
:107E2800FD70834288BF1346A383AB69A361EB69E6
:107E3800E3602B6A2361AB68A36062616A682046CD
:107E4800FFF7AAFE4FF00003E383E37843F0010352
:107E5800E3703AE7039A517005999142A2F1080339
:107E680007D003931DE706F80930DDE900321376E1
:107E78005FE707B0BDE8F08F2DE9F04F447E01239E
:107E88008FB08376002C40F0BA80037EFF2B8146AA
:107E980000F0B48008F0B6FED9F81420D9F81C30E8
:107EA80099F81880D9F80060801A20F07F4B5B455C
:107EB80094BF00230123B8F1FF0F0393A2467CD09F
:107EC800049408EB480806EB08144FEA0818A3685E
:107ED8005B4571D8A27816F80880ABEB030B9A447F
:107EE80063789B1ADDB2012D63D1A06AA36902935E
:107EF800002800F019810168002900F08380002B18
:107F080000F02A81039B002B00F04A81037A5A076C
:107F180000F03B81037A23F007030372E78BE278D2
:107F280022F001027B1CE27094F82C209BB2E383C0
:107F3800002A00F0E080A28B9A4280F0DC80A06AE0
:107F4800002800F06581037A03F00703012B00F095
:107F5800D280002741684760A36A1A7A67F3020251
:107F68001A72A278E768013AA27017B36369D9F860
:107F7800142094F803C0AAEB0303134423F07F40B2
:107F8800626A23690CF0010C002D40F0DF80B4F820
:107F98001EE0CDE900C37346B847DDE90223002A95
:107FA80018BF43F001030393E378E58365F3000307
:107FB800E370B8F1FF0F84D1049C99F80B3099F85D
:107FC8000A209A4208D10132D2B2022A1ABF1446B4
:107FD8002346002389F80B4009EB83030022C3F8EA
:107FE8000CA0D9F8244089F81A204B460122042114
:107FF8000320A4460FB0BDE8F04F604784760FB069
:10800800BDE8F08F029B002B00F08C80039B002BB7
:1080180080D1D9F81C309A45FFF47CAFB8F1FF0F36
:108028007DD0029BE78B09939C46A38B6168CDF8B2
:1080380018B0BB429ABFFB1A9BB23B4603FB011325
:10804800CDE907A805934FF0000E43460B92DDF8E3
:1080580024800C95CDF824C0A3468A4684460D9703
:10806800CDF8289003EB430306EB03121B0191683C
:108078008E44F04548D3906A946900283FD0006840
:1080880000283CD0D58B978B5068AF4240F2938044
:10809800002840F09780BCF1000F32D08146DCF810
:1080A800000028B1029919B97444A04280F0BD803B
:1080B800AF4226D8D0789BF8032000F0010402F0E4
:1080C8000105A54205D34240D1071AD4B9F1000FE2
:1080D80017D060465C46DDF820800C9DDDF824C092
:1080E8000D9FDDF82890DDE906BA002840F096805B
:1080F800CDF808C013E7A378013BA37059E7002C1B
:10810800C0D1F35CFF2BADD16046DDE9088C5C463D
:10811800DDE906BA0B9ADDF82890CDF808C00028EA
:1081280000F09080002514E7029B5BB3039B002BB3
:108138007FF4F4AED9F81C309A45FFF4EFAEB8F1ED
:10814800FF0F7FF46EAF03990D460BE7CDE900C32F
:108158004FF6FF73B8472CE7039B63B9D9F81C3077
:108168009A4508D3B8F1FF0F54D04FF0040CE78BB1
:10817800CDF824C059E704230293037A5A077FF401
:10818800C9AE02E0029D0021ECE6A18BE28B914290
:108198003FF6C0AE012262F302030372E78BBEE62C
:1081A800D9F81C309A45FFF4B1AEB8F1FF0F7FF44F
:1081B80038AF039DCDE668B9BCF1000F7FF46EAF10
:1081C800E14677E7BAF1000F20D1BCF1000F98D053
:1081D800D14664E7BAF1000F12D0A5EB07091FFAE0
:1081E80089F9411A00FB0911059888422CBF4FF004
:1081F80000094FF00109BCF1000F7FF450AF57E7B9
:10820800D146BCF1000F7FF44AAF51E7A946E8E731
:10821800A278B8E70423039D02939AE60168CDF893
:1082280008C000293FF476AE70E65C460146DDE9F9
:1082380006BA6046DDF820800C9DDDF82890DDF850
:1082480024C0ECE7054601468CE600BF837E002B80
:1082580040F034832DE9F04F477E8DB08346002FE0
:1082680076D1837AC27A012141769A42416907918F
:1082780000F025830133DBB2022B12BF1A463A46BF
:108288003B4600EB82028372D268079B0592134437
:1082980023F07F43436101259BF81830089308F0C9
:1082A800B1FC9BF80920DBF800300193531EDBF882
:1082B80004600490DBB2002A00F01F84CDE90A753F
:1082C80006EBC30AFF2303930696D946DAF804702F
:1082D8004FF0000B9AF803109AF8025005EB45048A
:1082E8006B1CA9424FEA0418DBB207EB041460D0F8
:1082F8009AF800209A4208BF00238AF8023017F83B
:108308000820042A3AD9082A2CD86178019801EB68
:10831800410300EB03161B01B078029373781B1A14
:1083280013F0FF032CD1062A1CD199F81B308B427D
:1083380050D007F808B0A36A84F802B0002BC9D05F
:10834800E16A002098479AF803109AF80250C5E7A6
:10835800446A0421034601220420A4460DB0BDE866
:10836800F04F604707F808B04FF00103A370A36A05
:10837800002BAFD0E16A01209847ABE71D46ADE777
:10838800052A1ED162684AB9A2683AB9E2682AB9D0
:1083980022691AB9626932F07F42E3D0012B29D0F1
:1083A8000421D9F824404B4601220846A0478AF800
:1083B8000250069A5245AAF1080300F0E0809A4656
:1083C80084E7012B00F0A480062AE9D199F81B3034
:1083D8008B42AED16168D9F814208B1A1D0240F186
:1083E800BD80059B521A22F07F4293428CBF9B1A94
:1083F8000023B7E04846FFF79DFBB060D9F814E0CA
:10840800049B059AA3EB0E0323F07F431344984281
:1084180040F2AF80C01A7368002B46D0A38A002BA5
:1084280043D0013B9AB2A2827568F38BA84218D850
:108438001BE0726ADFF8A4C28BB2A94951186145E2
:10844800A0EB050006D902F1E87202F5D43202F574
:10845800A5720138316AF383521A72628542A28A80
:1084680003D2934203F1FF31E3D89A421CD9316A0F
:10847800099706E0726201339BB2F383A28A9A429B
:1084880011D9726ADFF858C2944F0A449444BC4523
:108498002844EFD8A2F1E872A2F5D432A2F5A57269
:1084A80072620130E7E7099FB2836368B16A0344E7
:1084B800B360A26873691344736129B10B681BB177
:1084C800D4E901329B1A4B60049A71463046FFF793
:1084D80063FBE268B3691344B361226993428CBFBA
:1084E8009B1A0023B361A37D1BB1F27863F30002EA
:1084F800F270E37D13B1013B86F82C30DDE90121F0
:10850800039B53547378627803920133737010E7B6
:10851800062A3FF40AAF4846FFF70CFBB378B06071
:10852800737099F81B2063789A427FF402AF17F8AA
:108538000830062B3FF44EAFFF2389F81B3017F89D
:108548000830062B3FF446AF082B3FF443AF04999D
:10855800D9F814208B1A1D023FF543AF059A23F072
:108568007F431344D9F81C209A4288BFC9F81C30AD
:10857800DFE6726913441B1A736100204BE7DDE9DB
:108588000A75CB469BF81860002D00F01781049BF4
:10859800079ADBF800809B1A23F07F4A089BF51A9C
:1085A80018BF0125FF2E08BF2C465FD04FF00009E9
:1085B800CDF804900497DDF81490059506EB460570
:1085C80008EB05142D01A2684A4500F26882019B58
:1085D800A178E08B1344019363785B1ADBF81C10D5
:1085E8008A4234BF891A0021A9EB0209AAEB020AC0
:1085F80024BF4FF0FF328BF81B20CBF81C10A16A68
:10860800A769DBB2002900F0CC800A68002A00F0D4
:10861800B480002F40F0B480022B00F03B8200228F
:10862800A26018F805208BF818206168A26A002952
:1086380074D122B1127A02F00702012A52D03BB15A
:10864800012B00D020B1236A13B1616A0120984739
:10865800A37863709BF81860FF2EAFD1DDE904752D
:10866800089BFF2B0CBF2C4645F001040399584684
:10867800FFF704FBCDE90247DBF800A0CDF804B012
:108688004FF0000C019B187EFF2800F03982044649
:108698004FF0FF0800E01C4604EB44030AEB031507
:1086A8001B01A96A8E4629B10A7A02F00702012A3B
:1086B80000F00B811AF80330FF2BA046EBD1DDE95F
:1086C8000247DDF804B0BCF1000F40F09280089B2F
:1086D800834240F08E80002C7BD08EE0592B177F90
:1086E8005A2B17FFA378C4F808906370079B019A68
:1086F800DBF814109A1822F07F422046FFF74CFA54
:10870800039B08F80530637803960133DBB2637086
:108718009BF81860FF2E7FF451AF9FE722B1137AC0
:1087280003F00703012BDDD0B4F81EE0BEF1000F03
:1087380040D1B4F81CE07046D4E908C30022029482
:10874800BC4FBD4C6344DF19A74200F1FF300A4417
:1087580006D8A3F1E873A3F5D433A3F5A5730132C2
:10876800441CEDD1029C94F82C706362002F00F039
:108778008480A260A4F81EE0B8E7002F3FF44FAF52
:10878800022B7FF44CAF00287FF449AF0A7A02F03D
:108798000702012A3FF443AFCBF81C708BF81B602B
:1087A8003DE7002F3FF43BAF022B7FF438AF0028A2
:1087B800F2D034E7A37863700020BDE758460399E8
:1087C800FFF75CFA9BF81800089B83420ED19E4283
:1087D8000CD100238BF819309BF81A30002B49D0A4
:1087E800DBF824405B4601220321B5E5FF2800F0B1
:1087F8009281089BFF2B00F06B81DBF8003000EBC7
:10880800400003EB0013D3F80880B8F1000F59D0EB
:1088180008F0F8F90A260446DBF81430E21A22F0C8
:108828007F42904506F1FF3602F103011AD941450E
:108838002CBF5B18434423F07F452846DBF82830DB
:10884800984708F0DFF9031B2D1B23F07F43023301
:1088580025F07F45AB4206D90EB10446DCE700DEC1
:108868000446D9E7012700238BF819309BF81A3002
:108878003B43B5D10DB0BDE8F08F92457FF679AF97
:108888006C48CDF8088006946B4C634403EB0008F1
:108898000137A0450A44BFB206D8A3F1E873A3F58F
:1088A800D4330132A3F5A5739245EDD8069CDDF8C3
:1088B8000880636277441FFA87FE5AE770473D468F
:1088C8000597E9E48BF819808AE7AA68002A40F03E
:1088D8003A81D5F818B0BBF1000F06D10A68002A12
:1088E80000F03D818E464FF0040BDEE900299145EA
:1088F80080F0E380A2EB090C1AF80320FF2A00F0AD
:10890800DC800199CDF81C80C969ACEB0B000E1D09
:108918000021CDE90594049099460F46084634464F
:1089280013460BEB0708C4453FD303EB43030AEB9D
:1089380003121B019668304404287FD9061F3E4461
:10894800664528BF66460BEB04018C450ED3B0453F
:108958000CD8A969002900F08C809EF80810090736
:1089680000F18780B6EB0B0140F0BD80916A21B120
:10897800097A01F00701012971D0916900296ED0A7
:108988005268002A6BD0AA6907440431CC19002A1E
:1089980063D09EF808201207ACEB0B0100F1AA8007
:1089A8001AF803300020FF2BBBD14B46DDE90648FF
:1089B800DDF814908944CEF804901AF803B0BBF19E
:1089C800FF0F5A4618BF4FF0FF0C01D1CDE0024609
:1089D80002EB42000AEB00174FEA4209BE688E42DA
:1089E8004FEA001080F0C3801AF80000FF28944670
:1089F800A1EB0601EBD1A960B8F1FF0F00F09F8051
:108A080008EB480109010AF801B04A4412011AF8B2
:108A180002100AF803100AF80240EB8B013BEB83C3
:108A28009EF80830022262F302038EF808304FF0F5
:108A3800010C27E65A2B17FF592B177FAE6996B101
:108A48009EF8086016F008063FF47DAF9469049A12
:108A5800074404343C44A242A2D32146A0E71AF8B2
:108A6800033000219FE791690744043139440C46DB
:108A780096E7002C3FF47AAFA6EB0B06A642FFF46C
:108A880075AF4B46DDF8149022469144DDE906485F
:108A9800114690E700287FF4C2AD042776E64B46DE
:108AA800D21AA260059D9BF81830089A049F934239
:108AB8000CBF2C4645F00104D8E5CEF804901AF80E
:108AC8000330FF2B08BF00214FD00023AB60A4E781
:108AD80008F098F8044608F071F840B99BF81800B7
:108AE800CBF8144089E6A142FFF440AF5DE79BF85C
:108AF800180082E60A460021ADE7FF23039341E50B
:108B0800029C9B46BCF1000F05D1089BFF2B02D1AC
:108B1800002C3FF45EAE08F061F8044600287FF4AC
:108B280058AECBF81C0008F06DF88BF81940CBF85C
:108B380014009BF81A30002B3FF49CAE50E60199C4
:108B480081F818B061E700DEA96AD5F818B08E463A
:108B5800BBF1000F7FF4C9AE00297FF4BFAE00DE81
:108B68004FF0040BD5F828E0BFE6A96055E7761A60
:108B7800BCF1FF0FBE60A9603FF44FAF1AF803B015
:108B880062464FEA4C0937E7F8B5069E9DF81C5037
:108B9800089CB8B9144F3A605A1E39727B727E60CD
:108BA800D2B273B106EBC2025460114612F808390A
:108BB8008E4203EB4300A5EB030304EB0014DDB284
:108BC800F2D10DB10120F8BD099B3B620A9B7B6283
:108BD800FF240B9BBB623C7608F014F87D8178611A
:108BE800FC76FD612846F8BD8012002040B9064B8E
:108BF8001A7EFF2A01D1187270476FF00F00704774
:108C08006FF01500704700BF80120020044B2C2223
:108C180002FB0033187A003818BF0120704700BFE4
:108C28008012002010B4074B2C2202FB00335C6A30
:108C38002CB1A446012210BC03210220604710BCBD
:108C4800704700BF8012002010B58AB00C9C0094B9
:108C58000D9C01940E9C0294BDF83C400394109C1A
:108C68000494119C0594129C0694139C0794149CDC
:108C7800089400240994FEF7B3FF0AB010BD00BFA2
:108C880010B4BDF81040049410BCFEF7A9BF00BF93
:108C98002DE9F047244DBDF82C809DF830709DF8E3
:108CA8003CE02C2404FB00556C6804EBC10014F86C
:108CB8003190C478467804F1010C5FFA8CFCE145E8
:108CC80098BF4FF0000C66452AD0466804EB440470
:108CD8004FEA041906EB04144FF0050A06F809A038
:108CE8006360089BA360099BE3600A9B23610D9B5B
:108CF800A3620E9BE36202236270A4F81480A77536
:108D080084F817E0A37080F803C02B6A6E6A0846DF
:108D180098472B4600220421B047A078BDE8F08789
:108D28000120BDE8F08700BF8012002010B588B090
:108D38000A9C00940B9C01940C9C0294BDF834404E
:108D480003949DF8384004940F9C0594109C069455
:108D580000240794FFF79CFF08B010BDF8B5194E22
:108D68002C2404FB0066746804EBC10014F831E09D
:108D7800C478457804F1010C5FFA8CFCE64598BF8D
:108D88004FF0000C65451BD0456804EB44044FEADE
:108D9800041E05EB0414072705F80E70A362069B52
:108DA800E36202236270A37080F803C0336A756AB5
:108DB80008469847334600220421A847A078F8BD02
:108DC8000120F8BD80120020F8B51A4E2C2404FBAF
:108DD8000066746804EBC10014F831E0C478457883
:108DE80004F1010C5FFA8CFCE64598BF4FF0000CCB
:108DF80065451DD0456804EB44044FEA041E05EBA5
:108E08000414082705F80E706360069BA362079B8D
:108E1800E36202236270A37080F803C0336A756A44
:108E280008469847334600220421A847A078F8BD91
:108E38000120F8BD8012002007F0E4BE401A20F09F
:108E48007F40704701480021704700BF0E41010074
:108E5800022801D00120704738B5044608461D464F
:108E680002F038FD10B10020287038BD204638BD0A
:108E7800002303700B70704738B5054600200C4678
:108E880002F018FB70B93DB9074B44B1206818606F
:108E9800A2889A80002038BD044B002CF6D11C60B3
:108EA8009C80F7E70C2038BDB4120020AC120020DB
:108EB800012804D808B903487047034870470020C0
:108EC800704700BFB4120020AC120020012809D856
:108ED80030B9064B186808609A888A801846704727
:108EE800034BF7E700231846704700BFB412002071
:108EF800AC12002010B5044606F0C4FC50B907F0C7
:108F080001F860B907F0E4FA70B92046BDE81040EE
:108F18000BF0D8BA00DE06F0F5FF0028F2D000DE2C
:108F280007F0D6FA0028F0D000DE2046BDE8104051
:108F38000BF0C8BA086001480BF0C4BAA8170020A3
:108F48000BF0C0BA2DE9F84F0B78072B84BF2C4BD8
:108F580093F840309A428946834692464DD0284D30
:108F68005C1CE4B235F833200280082C08BF0024CA
:108F7800002605EBC30301274FF0120819E001286A
:108F880038D0C3F80480072C89F8004088BF95F8CA
:108F98004040A24523D023B2013435F83310BBF842
:108FA8000020E4B2082C08BF0024914205EBC3035B
:108FB80015D15868B0B1FF28E1D9027902F003024F
:108FC800013A012A12D912225A6002F09BFC072C9E
:108FD80089F8004088BF95F84040A245DBD130466B
:108FE800BDE8F88F01365F60F6B2CCE70136F6B21D
:108FF8000122E9E70136F6B2C5E70026EFE700BF30
:10900800E81200202DE9F041324F3B88984253D9AD
:1090180013F0FF0524D0DFF8C08098F8154098F8C1
:1090280014302E480134E4B2052C08BF0024A342B2
:1090380018D0FEF77BFB064629488EB1FEF776FB73
:1090480000283BD0066098F8153048F823003B8884
:1090580088F81540013D013B15F0FF053B80DED146
:10906800BDE8F0813B88002BFAD0DFF8788098F8CB
:10907800094000260134E4B2022C98F80830174859
:1090880008BF0024A342EBD0FEF750FB0546144866
:10909800002DE5D0FEF74AFBB0B16E60056098F888
:1090A800093048F823003B8888F80940013B9BB207
:1090B8003B80002BDED1D3E70546ACE730460749B5
:1090C800BDE8F041FEF748BB28460449BDE8F04139
:1090D800FEF742BB4C1300207C15002050130020E3
:1090E8009C130020301300202DE9F8432F4B304FFC
:1090F800181D052220214FF00008A7F81880FEF758
:10910800F1FA2C4B05220821181DFEF7EBFA97F807
:1091180018907C7E05260134E4B2062C08BF002492
:10912800A145244813D0FEF701FB05461F4875B139
:10913800FEF7FCFA002834D0C5F8048005607B7E71
:1091480047F82300013E16F0FF067C76E3D11A4B60
:109158000722181D4421FEF7C5FA184B0922181DCD
:109168000821FEF7BFFA1548FEF7E0FAA8B1144A3D
:10917800111FFEF729FB1148FEF7D8FA78B1114AFA
:10918800111FFEF721FB104B0522FF201A80FFF765
:1091980039FFBDE8F84305F09BBF00DEE7E700DED6
:1091A800EDE704492846FEF7D7FAD0E7C0150020B6
:1091B80064160020941500209C13002050130020F2
:1091C80048130020401300204C1300202DE9F041E3
:1091D8007B4D7C4E86B004AA02A90DF1070002F06F
:1091E800E1FE0446D5E9000103AAFEF705FB0746A0
:1091F80050B3039B002B6AD0187804AA02A902F086
:10920800E9FE039B0446002840D0049ABDF80810E4
:109218001F78ADF80A10059202F0EEFE2146059A75
:10922800BDF80A0002F01CFF204602F0AFFE05AAB6
:109238000DF10A01384602F0CDFE04460028EBD1B4
:1092480030680BF03FF9C6E7002C3DD0049B05932E
:109258009DF80770BDF80830ADF80A3002F0CCFE72
:109268002146059ABDF80A0002F0FAFE204602F0EF
:109278008DFE05AA0DF10A01384602F0ABFE044640
:109288000028EBD130680BF01DF9A4E705931B7992
:10929800013B2C2B1ED8DFE803F01F32741D1D1D67
:1092A8001D1D1D1D1D1D1D1D1D1D1D1D1D1D1D1DE6
:1092B8006A1F1D1D1D1D1D1D1D1D1D1D1D1D1D1D87
:1092C8001D1D1D1D1D1D1F0006B0BDE8F08100DE1F
:1092D800039B91E700DE7EE7394968680022FEF7C4
:1092E80093FA394B059993F8413038460B70374A51
:1092F800FEF778FA334B18680BF0E4F86BE730495F
:1093080068680022FEF780FADDF81480D8F8084073
:1093180034B12378002B50D02378013BDBB2237083
:1093280098F80C3013B1012B41D000DE284A0023F5
:1093380088F80C30537E117E0133DBB2062B08BF50
:109348000023994237D0C8F80070517E42F8218036
:109358005376002C3FF43FAF2378002B7FF43BAFCC
:10936800A368002B3FF437AFE068984733E7144908
:1093780068680022FEF748FA0599384602F0A8FC0A
:1093880029E705A9384602F0BFFC0D4968680022A4
:10939800FEF73AFA059900293FF41DAF0B792E2BF9
:1093A8003FF419AF084B384693F841309EE74046E2
:1093B800F7F7DAFDBAE700DECBE700DEACE700BF7F
:1093C80044130020A4170020E812002040130020B6
:1093D8006416002030B5244B244C87B0186007F081
:1093E800DFFB2378002B37D02149224A224D0595EF
:1093F8004FF0050C81F808C0204C0492204A022046
:10940800CDE9022404230D24CDE900141D4A087473
:1094180008760B7000200621FFF7B6FB08BB012277
:109428000021194811F04FF806F0CAF908B107B041
:1094380030BDFFF759FE06F04DFD0028F7D102F0C8
:1094480003F80028F3D107F037F80028EFD107B068
:10945800BDE8304002F0E6BBFEF7E6F901232370D1
:10946800C2E700DEDBE700BFA4170020A622002029
:10947800281A00208D1301002D1401006D1301001E
:10948800B8170020481A0020A817002030B585B06A
:1094980001F0E0FF78BB02F0CBFB88BB1B481C49FE
:1094A8001C4A1D4B0024A0F84040A1F8204194829A
:1094B8001C8101222146684611F005F8174B224607
:1094C800214603206D46C3F808D0FEF705FAC8B94F
:1094D8004FF0FF324FF0FF3328460BF027F801F02A
:1094E800BFFF88B9FFF700FE0021012005B0BDE8E5
:1094F8003040FFF7C1BC00DE02F09AFB0028CDD057
:1095080000DECBE700DEE3E700DEEBE7E812002051
:10951800801600207C15002030130020EC0300206A
:1095280008B5FFF7B3FF06F081F900B108BDBDE843
:109538000840FFF75BBB00BF2DE9F0432A4D2B4FD6
:1095480083B0804689460023C8F8003095F841402A
:10955800D7E9000101AAFEF74FF9064690B3019B2F
:1095680023491A784846FFF7EDFC80BB95F8403050
:109578008DF8013095F8412004460DF101010DF1F7
:109588000200FFF7DFFC44EA000212F0FF02F1D10B
:10959800019B1979012920D139467868FEF734F9F9
:1095A80014493046FEF7D8F8134A1388042B11D80B
:1095B8000198124901331380FEF7CEF80120FFF716
:1095C80021FDC0E70A4922464846FFF7BBFC03B025
:1095D800BDE8F08300DE1388EAE71046C8F80030DB
:1095E80003B0BDE8F08300BFE81200203C13002060
:1095F80028130020501300204C1300209C13002037
:1096080030B5324983B000234868019301AAFEF7B8
:10961800FBF8002851D02E49FEF79EF8019A1379DD
:109628002D2B1DD8DFE803F01F1C1C1F1C1C1C1C45
:109638001C1C1C1C1C1C1C1C1C1C1C1C1C1C1C1767
:109648001F1F1F1C1F1F1C1C1C1C1C1C1C1C1C1C43
:109658001C1C1C1C1C1F137F3C2B19D0537F33B9B7
:1096680000DE03B030BD002BFAD003B030BD9368E4
:109678001C68A06D20B100231649A365FEF76CF89D
:1096880094F85E3023F0010384F85E3003B030BDF7
:109698009368D3E9004595B100225A60EB6D93B900
:1096A80005F1500105F14C00FEF792F8034640B170
:1096B8002868EB6502F0F4F8E2E700DEABE700DECD
:1096C800EAE700DEF4E700DEEAE700BF3C1300202B
:1096D800501300209C130020F8B5046806460CB30C
:1096E800314D2046246803792D2B18D8DFE803F084
:1096F80027171727171717171717171717171717D2
:10970800171717171717172133272717272717177B
:10971800171717171717171717171717172700DE11
:10972800002CDED100233360BDE8F840FF20FFF7AE
:1097380069BC037F3C2B25D013B100DE037953B3FA
:109748002B88042B24D8013318492B80FEF704F802
:10975800002CC6D1E6E7C0880028E1D102F0AEF8B7
:109768000746D0B1FB6ED3B907F1600107F15C0081
:10977800FEF72EF8A8B1F866384602F091F8002CEA
:10978800AFD1CFE70949FDF7E7FF002CA9D1C9E719
:1097980000DE2B88D7E700DED2E700DEE2E700DE56
:1097A800E2E700DEE7E700BF4C1300209C1300202F
:1097B8000148FDF7BBBF00BF501300200149FDF76A
:1097C800CBBF00BF501300200148FDF7AFBF00BF5B
:1097D8009C1300200149FDF7BFBF00BF9C13002068
:1097E800034B044A93F841300B70FDF7FBBF00BFF1
:1097F800E81200204013002008B5064B064A93F8EB
:1098080041300B70FDF7EEFF044B1868BDE80840C7
:109818000AF058BEE812002040130020A4170020C8
:109828000B490A7A4B7A9A420AD8A3EB020C5FFAE0
:109838008CFC604509D89A4207D051F8220070473D
:1098480002339B1ADBB29842F7D90020704700BF59
:1098580030130020074A117A537A8B4208D04B1CE8
:10986800DBB2022B08BF002352F8210013727047A5
:10987800002070473013002000B50D4A92F841C00F
:1098880092F840E00CF10103DBB2082B08BF00237B
:109898009E4509D022F83C0002EBCC0CCCF8041011
:1098A80082F841305DF804FB00DE00231B80FFDEF8
:1098B800E81200200022042302700B70704700BFDA
:1098C800002208B51146044B0120FEF705F800B93F
:1098D80008BD00DE08BD00BFDC030020022810B56B
:1098E8000C4602D00B68022B07D004484FF0FF3219
:1098F8004FF0FF330AF01AFE206810BDA8170020A9
:1099080004490A680AB110467047024608601046C2
:10991800704700BFE4120020044A136823B198423C
:1099280006BF00211160002318467047E41200208A
:10993800014B1868704700BFE412002004490A6808
:109948000AB110467047024608601046704700BFCB
:109958002C130020044A136823B1984206BF002143
:1099680011600023184670472C130020014B18681B
:10997800704700BF2C13002070B505682B7884B0A1
:10998800EBB1044601220021684610F09CFD0D4B06
:109998006E46C5E902362B788BB10B4B0022114677
:1099A80003209C60FDF798FF38B94FF4004200236C
:1099B80030460AF0BBFD04B070BD00DEF5E76FF07D
:1099C8007700F8E7498F0000CC030020F0B5244E5B
:1099D800336885B00C461746002B36D0994215D10E
:1099E8000223039303AB0246009303211D4B00207F
:1099F800FFF7B4F9022805460CD0039B022B09D1C6
:109A080095B133680BB19C4221D014B36FF02D008F
:109A180005B0F0BD14484FF0FF324FF0FF330AF0A5
:109A280085FD039D002DECD13846FFF7A5FF33686F
:109A38000BB19C4210D0002CE8D10028E8D010F1DE
:109A4800780F08BF002005B0F0BD3160C8E70023DB
:109A580033606FF07700DBE735600028D8D0EEE799
:109A6800E41200203D8F0000A81700200B490A7D52
:109A78004B7D9A420AD8A3EB020C5FFA8CFC604536
:109A880009D89A4207D051F82200704705339B1A2B
:109A9800DBB29842F7D90020704700BF7C15002040
:109AA800074A117D537D8B4208D04B1CDBB2052B36
:109AB80008BF002352F82100137570470020704733
:109AC8007C15002038B50C46054602F065FA207072
:109AD80021462846024ABDE83840FDF783BE00BF4C
:109AE800481300200122024B11460020FDF7F4BE66
:109AF800BC03002070B50C46054602F04DFA21461D
:109B08002070064A2846FDF76DFE0122BDE8704028
:109B1800034B11460020FDF7DFBE00BF48130020AD
:109B2800BC0300202DE9F0431A4D9DF81C8095F8E0
:109B380021C10CF1010E5FFA8EFEBEF1090F9946A4
:109B480095F8203108BF4FF0000E73451DD014461C
:109B580005EB4C1CE36807460E461068516892688E
:109B680064460FC49CF81C30CCF8186008F0010853
:109B780023F0030343EA0803CCE904978CF81C306C
:109B880085F821E16046BDE8F0834FF0000C60469F
:109B9800BDE8F08380160020054890F8203190F841
:109BA80021219A4214BF00EB43100020704700BFE8
:109BB8008016002001460B480A7890F82131082ABF
:109BC80084BF90F820210A70934208D0531CDBB25E
:109BD800092B08BF002300EB42100B7070470020D0
:109BE800704700BF801600202DE9F04F3D4E96F8D3
:109BF800203196F8212187B09A4202903ED04FF04A
:109C08000008CDE9048806EB43130B24CDF80C803B
:109C1800C346C2461D7FD3F80090DF68C5F34002F3
:109C280005F00105002C4DD0013CE4B24AB396F88A
:109C3800211196F82031994220D00133DBB2092B4B
:109C480008BF0023994286F8203117D0590106EB46
:109C58004313002ADED1D86805BBBAF1000F33D010
:109C6800BBF1000F36D01A7F9707D3D150457258F1
:109C780034D05845CED105998A42CBD107B0BDE83A
:109C8800F08F194902988B600B4611460192FDF737
:109C980023FE019A0028CAD000DEC8E7039ABAB1A9
:109CA800B8F1000F08BFB8461A7F9507B2D4D2079B
:109CB800DCD5BBF1000FADD1039A8242DED08045DE
:109CC800A8D1DBE700DEAFE7BA46CDF81090EBE7A6
:109CD8000397E9E7BB46CDF81490E5E704998A4273
:109CE800C7D1CBE780160020AC030020054B1A7EB5
:109CF800597E914204D053F8220010B10C307047BD
:109D0800002070476416002070B5134A117E537EF8
:109D18008B421ED04B1CDBB252F82140062B08BFE9
:109D2800002313769CB10223002526682371256041
:109D3800A06002F031F9094A207021463046FDF74B
:109D480051FD0122064B11462846FDF7C5FD204668
:109D580070BD0024FBE700BF6416002048130020F4
:109D6800BC03002010B582B00024049B93F80AC0FD
:109D78002CF0020C83F80AC0CDE9004405F0B2FECD
:109D880002B010BD10B50346007F1A699969012415
:109D980082B02040CDE90004586905F0A3FE08B957
:109DA80002B010BD7730FBD000DEF9E710B4CB6805
:109DB80004691A78042A02D0236810BC18475B7813
:109DC800052BF9D1002010BC704700BF0B8A002B6F
:109DD80038D030B5054683B001F10C000C460DF0C3
:109DE8005AF9012810D0022802D06FF0150009E0B6
:109DF80001A9204600F0E0FD019911B12846FFF7BE
:109E0800D5FFC8B103B030BD002301A92046019396
:109E180000F07CFA014678B12846FFF7C7FF002812
:109E2800F0D1019D45B1284600F0F6FF03466B715D
:109E38000648019910F020FB2046F9F71DFE002086
:109E480003B030BD6FF01500704700BF6C1B0020D9
:109E580010B50469FFF764FB40B90548F9F79AFBA8
:109E68000448F9F797FB0020206010BD00DEF4E7F6
:109E7800880A0020080B00202DE9F041076982B00C
:109E880006464FF0000836484FF0FF324FF0FF33D8
:109E98000AF0E2FA0028F6D043790190042B30D872
:109EA800002B45D0022B4BD04FF0FF324FF0FF3341
:109EB8000220F9F769FE04460198002C4AD0214691
:109EC80000F02AFE019B01A8C3F80080FFF704FCFC
:109ED80020460DF067F80546214600200DF08CF865
:109EE8002B8A012B04462946304606D93B689847F9
:109EF8000AF0AEFF002CEBD1C5E72846F9F7BCFD08
:109F0800F6E7052B14D14FF0FF334FF0FF3208204E
:109F1800F9F73AFE04462146019800F0D5FD019B69
:109F280001A8C3F80080FFF7D7FB002CD0D1AAE71F
:109F380000DE019B01A8C3F80080FFF7CDFBA2E774
:109F48000022002301210020F9F736FE044601987B
:109F5800002CB4D1046001A8FFF7BEFB93E700BF53
:109F68006C1B0020F0B5064683B014E04FF0FF32BA
:109F78004FF0FF3300211320F9F71EFEBDF8021041
:109F88000546224600F030FF29463046FFF70EFF0F
:109F980040BB0AF05DFF0DF1020101A8FFF7CCFA02
:109FA80004460028E2D1019BA3B1FFF729FB019FDA
:109FB800384600F031FF019D78716B79032B02D18F
:109FC8002B79182B10D01848294610F055FA019B08
:109FD800002BE0D14FF0FF324FF0FF3313480AF067
:109FE800A5FAD8E700DED4E721464FF0FF324FF05C
:109FF800FF330520EF88F9F7DFFD394604460246AE
:10A0080005F11C0000F038FD384600F055FD3CB164
:10A0180021463046FFF7CAFE20B92046F9F72CFD45
:10A02800019DD0E700DEF8E76C1B00207C1B0020B8
:10A03800F0B50546076989B00E461F4810F0EEF9DD
:10A048004FF0FF3200211D4810F03DFA1B48FFF782
:10A05800C1F9044660BB3E6000F0FAFE0026002706
:10A068006FF00903CDE90334CDE90667CDE9014472
:10A07800134B144900954FF4E07213480AF0EEFCB4
:10A088001249114810F019FB6FF00702CDE90324BB
:10A09800CDE90667CDE901440D4B0E4900954FF413
:10A0A80060720D480AF0DAFC0C490B4810F005FB09
:10A0B800204609B0F0BD00BF6C1B00207C1B0020AF
:10A0C8006D9F0000202C0020880A002054B4010055
:10A0D800819E0000E02D0020080B002064B40100E0
:10A0E80008B50AF06FFE054810F0A0F9034810F013
:10A0F80095F9BDE808400AF079BE00BF6C1B002046
:10A108002DE9F0411A4C6468A40004D51646194A92
:10A118001268120701D4BDE8F08103F10C0405466A
:10A128000F46204602210CF07EFF40F63E43038096
:10A13800012120460CF077FF0346042220461A70BE
:10A148000B210CF070FF0570A0F801603DB97B6829
:10A15800BA68C0F80720C0F80330BDE8F0814FF0B6
:10A168000008C0F80380C0F80780BDE8F08100BF90
:10A178008801002080010020F0B5013887B014461E
:10A1880011280AD8DFE800F0234056090968097A3F
:10A1980099AC090909090909090D6FF0150007B0FB
:10A1A800F0BDCB68DA789978188804F07DFF554BB4
:10A1B8000646012118880DF096FA012105460C3053
:10A1C8000CF031FF06702560002007B0F0BD4D4B44
:10A1D8000D2118880DF087FA0D2120600C300CF045
:10A1E80022FF4FF4806200234FF002140421A0F8EC
:10A1F800052002220370C0F80140C1710372427247
:10A208008372C3720373DFE73E4B412118880DF058
:10A218006AFA412120600C300CF005FF0021044649
:10A228003E2200F8031B10F034FC40F2A733A4F8D8
:10A238000130C9E7334B092118880DF054FA092178
:10A2480020600C300CF0EFFE0346002203F8012BCF
:10A25800C0F801205A60B7E7C9680020FEF70CFE75
:10A26800284B012118880DF03EFA012105460C30D3
:10A278000CF0D9FE002303702560A5E7224E214F7C
:10A288000FCE01AD0FC5336838882B7012210DF041
:10A298002AFA122120600C300CF0C5FE0446002377
:10A2A80001AE04F8013B84460FCE2D78CCF80100AE
:10A2B8006160A260E360257486E7124B1821188854
:10A2C8000DF011FA182120600C300CF0ACFE0023C0
:10A2D8000446012100F8023B06F0E8FB607073E7D2
:10A2E800084B212118880DF0FEF9212120600C303F
:10A2F8000CF099FE0146002301F8113B013006F0ED
:10A3080025FC61E79422002084B401002DE9F04186
:10A31800038A8AB00022022B059231D90446032110
:10A328000C300CF0B0FE228A83789A4228D3018838
:10A33800D44EC1F38523082B318088B2C1F30905B7
:10A348000DD8BBB1013B072B14D8DFE813F0FD0093
:10A358001300D500BB001300130013001E003F2B91
:10A3680008D105AA21462846FFF706FF163040F017
:10A378000B83308801210AB0BDE8F0410DF0C5B962
:10A38800002420460AB0BDE8F081691E4A29F1D8A8
:10A3980001A353F821F000BF83A8000063A80000C0
:10A3A8001BA800007DA3000011A8000025A900003B
:10A3B8000DA9000001A90000F5A80000EBA8000005
:10A3C8007DA300007DA300007DA300007DA3000005
:10A3D8007DA300007DA300007DA300007DA30000F5
:10A3E800C9A800007DA30000A1A8000093A8000050
:10A3F800B7A7000099A700007DA300007DA3000077
:10A408007DA300007BA700007DA300007DA30000C2
:10A418007DA3000063A700002FA700007DA3000014
:10A428007DA300007DA300007DA300007DA30000A4
:10A438007DA300007DA300007DA300007DA3000094
:10A448007DA300007DA300007DA300007DA3000084
:10A458007DA30000D9A60000A5A600003FA6000025
:10A468007DA300007DA300007DA300007DA3000064
:10A478007DA300007DA300007DA300007DA3000054
:10A488007DA300007DA300007DA300007DA3000044
:10A498007DA300007DA300007DA300007DA3000034
:10A4A8007DA300007DA300007DA300007DA3000024
:10A4B8007DA300007DA300007DA300007DA3000014
:10A4C800F1A70000691E08293FF654AF01A353F80D
:10A4D80021F000BFF9A50000ABA5000087A500008A
:10A4E8007DA300007DA300007DA300007DA30000E4
:10A4F8007DA3000021A600002D2D00F02D8230D86C
:10A50800012D00F02182032D7FF434AF5E4A5F4BAA
:10A518004FF0FF3041F6FF71C2E900011F20002112
:10A52800C3E90001FEF7B2FF308801210DF0DBF826
:10A53800012104460C300CF076FD0023544A0370C8
:10A548001360FFF7CDFD1CE7062D00F0F5811D2DEA
:10A558007FF410AFE368188801F0E4FA0146308808
:10A5680009E7632D7FF406AF01210DF0BCF8012146
:10A5780004460C300CF057FD0023037001E7092155
:10A588000DF0B1F8092104460C300CF04CFD0346DF
:10A59800002203F8012B6021C0F801205A604171A4
:10A5A800EFE641210DF09FF8412104460C300CF0F4
:10A5B8003AFD002105463F2200F8021B10F069FA17
:10A5C800C0220423AA714FF40A72EB72A5F80F2077
:10A5D800EB75202230232F496A7085F822307022CB
:10A5E8008023C5F81A1085F8242085F82730C8E696
:10A5F80009210DF078F8092104460C300CF013FD00
:10A608004FF450610023244A01800D218370C370E8
:10A618000171C0F80520B4E607210DF064F80721A0
:10A6280004460C300CF0FFFC0146002001F8010B39
:10A63800FEF74CFCA5E6E2689478D1781788B2F862
:10A648000550E30744BF41F00301D170A407137913
:10A6580040F19C8143F00303137143EA0102032A8A
:10A6680040F09F814A0700F09A8115F003021CBF51
:10A6780005F1FF3505F00102384601F09FFA014661
:10A68800308878E69422002088010020800100208C
:10A698008C1B0020F703F408F105FFFFE3681A7824
:10A6A800D1074ABF07205878587092074ABF072138
:10A6B8009978997001F078FA0546012130880DF0F3
:10A6C80012F8012104460C300CF0ADFC057058E678
:10A6D800E36805211E880DF006F8052104460C30B4
:10A6E8000CF0A1FCB7B20546021DE91C384601F082
:10A6F8003BFAEB782A792870002B93FAA3F3B3FA84
:10A7080083F308BF4FF0FF330133EB70002A92FA4E
:10A71800A2F3B3FA83F308BF4FF0FF330133A5F870
:10A7280001602B712DE6E268002317889278CDE945
:10A738000233CDE900330221B8B201F033F9032125
:10A74800054630880CF0CFFF032104460C300CF08E
:10A758006AFC0570A0F8017013E6E16800220F8812
:10A768004B88039208890290C888019089880091D3
:10A77800E1E709210CF0B7FF092104460C300CF081
:10A7880052FC8949894A0160002342600372F8E556
:10A7980009210CF0A8FF092104460C300CF043FCF9
:10A7A800002300F8013B082105F050F8E9E5E068CE
:10A7B800002306AA00F1100106F086FE3088112158
:10A7C8000CF091FF112104460C300CF02CFC0646CD
:10A7D800002306F8013B06AD07460FCDC7F8010078
:10A7E8007160B260F360CCE503210CF07CFF0321BB
:10A7F80004460C300CF017FC0146002301F8023B1C
:10A808000130FEF735FBBCE5E1680120FEF734FBBB
:10A8180052E709210CF067FF092104460C300CF0BF
:10A8280002FC0346002503F8015BC0F801505D6097
:10A838000646FEF707FB2B4661F30703C1F3072221
:10A8480062F30F23090C61F31743090A61F31F63CD
:10A85800C6F80100C6F8053093E504210CF043FF63
:10A86800042104460C300CF0DEFB00231B210322DC
:10A87800037041708370C27083E5E2684C4B1168C5
:10A88800526819605A6001216FE6E368188801F080
:10A8980027F9014630886EE5E36808211E880CF028
:10A8A80022FF082104460C300CF0BDFBB7B2054668
:10A8B800C11C384601F0BAF8A5F80160287060E5B7
:10A8C800E16800224B88088803920C890294CC889E
:10A8D800019489880091114601F064F80146308896
:10A8E80049E5E3681878F6F7CFF8E5E6E16811F886
:10A8F800010B00F0BDFEDFE6E16811F8010B00F086
:10A9080049FED9E602210CF0EEFE022104460C3085
:10A918000CF089FB00230370437032E5E468A57BE3
:10A92800A3796279217920880295657B019507349E
:10A93800009400F0AFFCBFE6E3689978188801F04E
:10A9480099F80146308816E5E2681A4B1168526892
:10A9580019605A60294608E6E36804211E8893F8BE
:10A9680002800CF0C0FE042104460C300CF05BFBA6
:10A97800B7B20546C31C424639460220FEF768FABC
:10A98800A5F801602870FCE4059CFAE441EA03029A
:10A99800032A06D84C0702D05A077FF466AE122164
:10A9A800E9E41121E7E400BF008FCC30ECC00100DE
:10A9B800800100208801002000230B60038A032BFC
:10A9C80055D92DE9F047054688460C3004210CF08E
:10A9D8005AFB2B8A4688B0F80090B34225D31B2E29
:10A9E80023D800F089FF4FEA1937BA460446F8B170
:10A9F8005FEA9A0A19D19FB1012F16D1237966719E
:10AA080067F301032371E9683246E01D10F01AF874
:10AA18002146C9F30B0000F07BFF18B9BDE8F087A9
:10AA28000227EBE7204600F06DFF6FF01500F5E711
:10AA3800104B1B689B0117D54FF0FF324FF0FF33C7
:10AA48000220F9F7A1F80221C8F800000C300CF038
:10AA5800EAFA4FF48D730380D8F8000001210C3016
:10AA68000CF0E1FA012303706FF06800D6E76FF08D
:10AA78001500704788010020F8B50E4B1B68DB06EF
:10AA880000D4F8BD02F10C0406460D46204602210A
:10AA98000CF0C9FA034640F205421A802046042108
:10AAA8000CF0C1FA00270770A0F801503278C27084
:10AAB800F8BD00BF88010020024A1368013B1360FB
:10AAC800704700BF8C1B0020037F03F00303013B8A
:10AAD800012B01D900DE704770B5044601F10C0561
:10AAE80028460421E6880CF09EFA237F03F003032E
:10AAF800022B0CBF46F4005646F480560680637F4E
:10AB08004380617F28460CF08EFA627F04F11F01B2
:10AB1800BDE870400FF096BFF0B590F804C0C58846
:10AB2800BCF1030F85B0044600F11C060AD0ACF155
:10AB3800170CBCF1060F16D8DFE80CF018474F15B4
:10AB4800157C9B00C37F073B0A2B0CD8DFE813F06A
:10AB5800C9000B00E6000B000B000B000B000B00FC
:10AB6800D3000B000C0000DE05B0F0BDF00700F1CB
:10AB780031819A4B5B689A004FF00006F4D5984BE8
:10AB88001B68DB07F0D5277F002F00F0ED8001F16F
:10AB98000C04204602210CF046FA41F23E330380B1
:10ABA800012120460CF03FFA0123037012212046B0
:10ABB8000CF039FAC0F80160C0F80560C0F8096007
:10ABC800C0F80D6046740770CEE70A46304629463D
:10ABD80005B0BDE8F040FFF74FBF804B5B689F00B2
:10ABE800C2D57F4B1B685807BED501F10C07384604
:10ABF80002210CF018FA40F63E2303800121384662
:10AC08000CF011FA034603221A70384609210CF099
:10AC18000AFAF20700F1E080237F0370A0F80150E0
:10AC2800E38BA0F80330238CA0F80530638CA0F8E0
:10AC3800073099E7694B5B689B0095D5684B1B68A3
:10AC48001F0391D501F10C06304602210CF0EBF9F7
:10AC580040F23E430380012130460CF0E4F914230E
:10AC68000370032130460CF0DEF90580237F8370E2
:10AC78007AE75A4B5B689E007FF576AF584B1B68A6
:10AC880018057FF571AF01F10C06304602210CF072
:10AC9800CAF940F23E630380012130460CF0C3F943
:10ACA8000C230370052130460CF0BDF9237F037097
:10ACB800A0F80150627F002A92FAA2F3B3FA83F354
:10ACC80008BF4FF0FF330133C370A27F92FAA2F39B
:10ACD800002AB3FA83F308BF4FF0FF33013303713F
:10ACE80042E790F820300E2B7FF43EAF0B462A4601
:10ACF80000211A2016E0394B5B689A0003D5384BBF
:10AD08001B689B0613D40023CDE90233CDE9003339
:10AD18001A220221284600F045FE25E70B462A465E
:10AD28003146002005B0BDE8F040FFF7E9B901F170
:10AD38000C06304602210CF076F940F63E330380CB
:10AD4800012130460CF06FF9062303700A213046C2
:10AD58000CF069F90580238C4380638C8380A38C75
:10AD6800C380E38C0381FFE61E4A136801F10C06D9
:10AD780001330221304613600CF055F941F23E339D
:10AD88000380012130460CF04EF9034601221A7067
:10AD9800304612210CF047F90770A0F80150637F84
:10ADA800C370A37F03F001030371D4F81F30C0F808
:10ADB8000530B4F82330A0F80930E38CA0F80B3044
:10ADC800238DA0F80D30638DA0F80F3094F82C3047
:10ADD8004374C9E600DECCE600DE1DE788010020EA
:10ADE800800100208C1B002070B500F10C040E4679
:10ADF8002046022115460CF016F940F21353038041
:10AE0800052120460CF00FF901230370A0F801601A
:10AE1800A0F8035070BD00BF0379032B0DD0192B88
:10AE280005D8172B11D80CBF0120002070471C3BF8
:10AE3800012B94BF032000207047037F03F0030316
:10AE4800032B14BF0520042070470320704700BF60
:10AE5800094A0A490A4B30B44FF0FF3441F6FF75EE
:10AE6800C2E900451F240025C1E9004500221A60F7
:10AE780030BCFFF735B900BF8801002080010020F1
:10AE88008C1B002000B583B00E4B05990E4ACB1AD7
:10AE9800A2FB032313F47F5FC3F387120DD10232A1
:10AEA80000910A4BD2B201210020FDF757FF10F0A4
:10AEB800FD0F04D103B05DF804FB00DEEFE700DE10
:10AEC800F8E700BFB41B0020ABAAAAAA6DAF000028
:10AED80010B402680446506DB8B1916D00235365F3
:10AEE800D1B10023936517220A714FF6FF72CA8009
:10AEF80001F11C02CB610B624B628B6213823C2313
:10AF08000B778C6010BCFEF777BC00DE916D506D3E
:10AF1800002353650029E4D100DE916DE1E700BF0D
:10AF28000E4A0F4B12781A7000B9704710B54B7F54
:10AF380001EB830382B01B6A01911C78FEF7F8FCD1
:10AF48000199814201D102B010BD14F00E0F02D157
:10AF58004B69002BF7D000DEF5E700BFA8220020E0
:10AF6800A722002000B17047064B10B502460C46D8
:10AF7800022001219C60FCF7AFFC00B910BD00DE87
:10AF880010BD00BF1C04002003788BB110B50C4B1A
:10AF980000F11001996082687AB90A4C084B0022C6
:10AFA800C0E9024111460120FCF796FC18B910BD12
:10AFB8001030FFF78DBF00DE10BD00DE9968ECE7AA
:10AFC8000C040020D9AE000038B5134C6569EB6D50
:10AFD800B3B905F1500105F14C00FCF7F9FB034644
:10AFE800C0B1EB65286800F05BFC0025A06D6561C9
:10AFF800FEF7F0FB606DA565FEF7E0FB656538BD03
:10B0080000DE05F1500105F14C00FCF7E1FB0346B9
:10B018000028E6D100DEE4E7B41B002030B52F4C51
:10B0280094F85E30D90785B034D5636953B193F885
:10B038002C2042F0020283F82C20636993F82C300C
:10B04800DA073DD42548FEF75BFC84423BD1237EDA
:10B05800DB0703AD21D402220321214B00950020F8
:10B068000392FDF77BFE2946FEF738FC18BB1D4806
:10B07800FEF782FC48BB1948FEF74EFC844228D1F3
:10B0880063690BB1FFF7A0FF94F85E3023F001036A
:10B0980084F85E30002005B030BD02210391104BCA
:10B0A8000095032101220020FDF758FE2946FEF7EE
:10B0B80015FC0028CFD00948FEF72EFC84420AD19F
:10B0C8000C2005B030BD00DEC1E77830D3D000DEFB
:10B0D800D1E700DED4E700DEF2E700BFB41B0020B2
:10B0E8003D8F0000C41B002000B50378497802F1A9
:10B0F800FF3C103103F00F03C9001FFA8CFC062B2C
:10B1080013D8DFE803F0042717121212040043785B
:10B118001033DB0003F21B32881803F5B37313FBFB
:10B128000CF3184480B25DF804FB40F253204FF44E
:10B13800F373F4E741780CEB8C03C3EB0310400086
:10B1480001F11003DB0000F23B1003FB020290B296
:10B158005DF804FB40F2E33040F21623DFE700BF5E
:10B1680030B54FF6FF718BB08B429DF838500F9C6D
:10B1780019D021780131C9B2217000294CD0284951
:10B18800C1E900028A7A0B8165F30002254B8A72B5
:10B1980004F110000022C860996001201146FCF7F4
:10B1A8009BFB00283AD1207E10F0010505D11E4AEC
:10B1B8001E4B11781B788B4201D00BB030BD013388
:10B1C800042109A8137004F04BFB099B184A069444
:10B1D800A2FB0321174A0095A21A174CA4FB0242AE
:10B1E8005C1A01EB540140F2471C090A92090CFB56
:10B1F80011330232114905910133CDE90355CDE9E7
:10B2080001552846D2B201210993FDF78FFD10F0B0
:10B21800FD0FD2D000DED0E700DEB0E700DEC2E7E7
:10B22800880B0020FC030020A8220020A722002071
:10B2380021F1D490B41B0020ABAAAAAA29AF000020
:10B2480010B5134C204604F075FE04F10C0004F010
:10B2580071FE34F8043C627823F4437304EB8202F1
:10B2680023F00203526843F00E0324F8043C06213D
:10B2780000234FF4006CA4F840C013705170637B36
:10B2880004EB8300042203691A70597010BD00BFD3
:10B29800D01B00202DE9F043684C1F46684B94F8FA
:10B2A8005E6080468E4693E8030083B016F0010680
:10B2B8009DF82CC09DF8303000908DF8041040F0B7
:10B2C800A1800CF0070C03F003034FEA4C0C4CEA86
:10B2D800032C0EF10803BEF1010F0DEB030E238BB7
:10B2E80023F4437323F002034CEA030C637FA4F8AE
:10B2F80018C004EB830308BF4FF00008A4F85C8073
:10B30800D3F8208015461EF8082C98F8001002F093
:10B318000E0321F01F0002F00F02B3FA83F35B095A
:10B32800024363F3451288F8002002F00F02012A55
:10B3380001F00F012ED098F80130F3B998F80030D9
:10B3480005F0010565F3861323F0800388F80030C3
:10B35800062388F8013094F82930246104EB83042B
:10B36800AD01E36A5A7845F004051D700AB9062252
:10B378005A70304603B0BDE8F083012934D098F8FC
:10B38800003005F0010565F3861323F0800388F883
:10B398000030E0E701290FD098F80120BABB84F803
:10B3A800346098F8003003F00F03012B04D098F8AC
:10B3B8000130002BC2D0E2E708F1080998F8003004
:10B3C80005F0010565F3861367F3C71388F80030A5
:10B3D8000A9B1B68C8F808300A9B9B88A9F80430A8
:10B3E8000C2388F80130B6E794F8342004F13501CD
:10B3F80008F108000FF026FB94F83430063388F87B
:10B408000130BCE70C26304603B0BDE8F083052ABE
:10B4180010D9063A08F10809D2B20A4884F834204B
:10B4280049460FF00FFB98F8003003F00F03012B8B
:10B43800BDD1C3E700DE98F80120EAE7B41B00207D
:10B44800E0AF0100E91B002008B5FFF7F9FE002076
:10B4580008BD00BF08B5FFF7E1FD002008BD00BF2B
:10B4680008B5064804F076FD044B03F10C0004F01F
:10B4780071FDFFF7E5FE002008BD00BFD01B0020CE
:10B48800034A044B801AA3FB0030C0F38F107047A7
:10B49800B41B0020ABAAAAAA044A0068044B801A6D
:10B4A800A3FB0030C0F38F10704700BFB41B00200F
:10B4B800ABAAAAAA28B9044B93F85E0000F00100D1
:10B4C80070470020704700BFB41B00201F2956D8C2
:10B4D8002DE9F041437F00EB830382B01F6A3B787C
:10B4E80003F00F03012B0E460546904649D00DF197
:10B4F80007011C3004F078FD3A78037802F00F0257
:10B5080023F01F03134303703B780278C3F34013FF
:10B5180063F3451202703B78D2B2C3F38013394605
:10B5280063F38612027011F8023BD2B2DB0963F3AF
:10B53800C712044600F8022B06220FF091FA324691
:10B54800414604F1080006360FF07CFA667095F85B
:10B558005E30DB0706D49DF807306B77002002B019
:10B56800BDE8F08195F8293005EB83032146DA6AB6
:10B578002846F5F721FC0028EDD00C20EFE7122033
:10B58800704780F834100A46353041460FF05AFAB1
:10B59800E4E700BF03460A4601481946FFF796BF8D
:10B5A800B41B00201F295FD82DE9F04190F82930FD
:10B5B80000EB830382B0DE6A0F460446904600F132
:10B5C8002805002E41D028460DF1070104F00CFD96
:10B5D800037823F03F03314643F00403037011F866
:10B5E800022BDBB2C2F3801203F03F0343EA82135B
:10B5F8000370BB1D43700546062202300FF030FA77
:10B608003A46414605F108000FF01CFA94F85E30FE
:10B61800DA0707D49DF8073084F82930002002B0F3
:10B62800BDE8F081627F04EB82024123116A0A7847
:10B6380002F00F02D340DB07ECD52A462046F5F787
:10B64800BBFB0028E6D00C20E9E7284604F072FC92
:10B65800C0B258B994F8293004EB8303DE6A042396
:10B66800337006237370AEE7122070470720D6E7C1
:10B6780003460A4601481946FFF794BFB41B002049
:10B6880008B5054B0022986011460120FCF724F903
:10B6980000B908BD00DE08BD2C04002083685A6884
:10B6A80092F82730DB09014601D100DE70470831E6
:10B6B800F5F71EBF2DE9F0410768244982B0054619
:10B6C8004FF49C723846FCF75FF805F14C062946A2
:10B6D80004F000FF286D01AA3146FCF795F800B385
:10B6E8001B4C4FF6FF7894F8412094F84010531CF7
:10B6F800DBB2082B08BF0023994223D004EBC20118
:10B7080024F83280019A4A6012680260019A106037
:10B71800286D84F8413001AA3146FCF775F80028F5
:10B72800E1D1D7F8080107F5847138B10023C7F8CB
:10B738000831FEF7DFF902B0BDE8F08100DED7F886
:10B748000801F3E700DE00231B80FFDE980B0020D2
:10B75800E41C002010B50C4630B92046FEF7FAF874
:10B76800844200D000DE10BD00DEF6E710B50C46BE
:10B7780030B92046FEF7E2F8844200D000DE10BD62
:10B7880000DEF6E710B50C4640B9074B024601212A
:10B7980002209C60FCF7A0F820B910BDFEF7C8F89D
:10B7A8008442FAD000DE10BD4C04002000B9704776
:10B7B80000B583B00191FEF7D9F80199814202D111
:10B7C80003B05DF804FBFEF7B3F801998142F7D0A6
:10B7D80000DEF5E710B5134B134801224FF49C71B6
:10B7E800FBF780FF00224FF49C710F48FBF7C8FF5E
:10B7F8004FF6FF7383840D4B0322181D2421FBF79A
:10B8080071FF0B4B0722181D0821FBF76BFF01F096
:10B81800B7F908480849094A0323002404600B7053
:10B82800137010BD341C0020980B0020741C0020DD
:10B83800381C00204C1D0020AA220020A92200202C
:10B8480010B5037883B1104B00F11001996082683C
:10B85800BAB90E4C0C4B0022C0E902411146012036
:10B86800FCF73AF858B910BD03F0FF02084B103046
:10B87800986011460120FCF72FF80028F3D000DE6D
:10B8880010BD00DE9968E4E73C04002089B600009A
:10B898002C0400200148FBF749BF00BF341C0020DE
:10B8A8000149FBF759BF00BF341C002002494FF47F
:10B8B8009C72FBF769BF00BF980B0020024620B9B5
:10B8C80003484FF49C71FBF75BBF0020704700BF33
:10B8D800980B002060B908B502464FF49C710548E2
:10B8E800FBF74EFF10B1838C03B908BD002008BDDB
:10B8F80000207047980B00200148FBF717BF00BFD6
:10B90800741C00200149FBF727BF00BF741C0020EE
:10B9180000283DD138B502460D461F484FF49C71AA
:10B92800FBF72EFF0446F0B1828CE2B91B4890F871
:10B9380021C090F820100CF10103DBB2042B08BFE2
:10B948000023994221D020F83C2000EBCC0CCCF805
:10B95800045080F82130237843B994F93730002B0C
:10B968000EDB002038BD6FF0150038BD0C4B0121EF
:10B9780003209C60FBF7B0FF94F93730002BF0DA16
:10B988000021204603F06AFBEBE76FF0680038BD42
:10B998006FF01500704700BF980B0020281D00208D
:10B9A8005C0400202DE9F04782B0BDF82870BDF88E
:10B9B8002C80BDF8309098B90C4615464FF49C7110
:10B9C800024619481E46FBF7DBFE824640B1838CCF
:10B9D80033B96CB1022C07D0012002B0BDE8F08762
:10B9E800022002B0BDE8F087ADB901F095FA0EE08B
:10B9F8000D9B0193CDF8009043463A46314601F03D
:10BA080021FA0028EDD19AF93730002B07DB002006
:10BA180002B0BDE8F087294601F08EFAF7E7014643
:10BA2800504603F01BFBF2E7980B0020E8B938B545
:10BA380002460C460E484FF49C71FBF7A1FE0546E2
:10BA480050B1838C43B901F0EBF938B10368236036
:10BA580003792371002038BD022038BDD5F8323073
:10BA6800236095F836302371F4E70220704700BF51
:10BA7800980B002038B510B10224204638BD024684
:10BA88000C4615484FF49C71FBF77AFE054600B347
:10BA9800838CF3B91A2C15D8042C17D90F4BE34013
:10BAA800DB0713D52146284601F0A0F904460028F3
:10BAB800E3D195F93730002BDFDA0146284603F049
:10BAC800CDFADAE7292CEDD03B2CEBD01224204616
:10BAD80038BD0C24204638BD980B002020003804BF
:10BAE80038B5A0B902464FF49C710D48FBF748FEE3
:10BAF800054660B1838C53B9012101F025F904464C
:10BB080018B995F93730002B04DB204638BD0224DC
:10BB1800204638BD0146284603F0A0FA204638BD25
:10BB2800980B002038B598B902464FF49C710D481F
:10BB3800FBF726FE054658B1838C4BB901F01CF97A
:10BB4800044618B995F93730002B04DB204638BD78
:10BB58000224204638BD0146284603F07FFA2046D5
:10BB680038BD00BF980B0020C8B938B50D4614463B
:10BB78004FF49C7102460B48FBF702FE034660B186
:10BB8800808C50B993F85820C2F302022A7093F8B7
:10BB98005930C3F30203237038BD022038BD022098
:10BBA800704700BF980B0020024A034B10701970B1
:10BBB80000207047AA220020A9220020F0B583B0F7
:10BBC80000BB0F4616464FF49C71024614481D46AA
:10BBD800FBF7D6FD0446A8B1838C9BB9D0F8E030BA
:10BBE800DB0513D52B46012500953246394601F071
:10BBF800D5F8054618B994F93730002B0ADB2846E2
:10BC080003B0F0BD0225284603B0F0BD1A2528462A
:10BC180003B0F0BD0146204603F020FAEFE700BF6D
:10BC2800980B002008B5FFF7D5FD002008BD00BF20
:10BC380038B51A4800224FF49C71FBF7A1FD044661
:10BC480050B304F1100221460320FDF7BFFE05465C
:10BC580010B110F1780F0AD10025114A114BE56691
:10BC68001584A3F84050FFF7B5FD284638BD40F2CB
:10BC78004D730D4A0D490E480AF033FB0D482A460C
:10BC880000210AF02EFB002383F31188BFF36F8F86
:10BC98000323184602DFDFE700DED2E7980B002017
:10BCA800281D0020E41C002098B40100D8B401002D
:10BCB800F0B4010010B50100014B1878704700BFBF
:10BCC800AA220020014B1878704700BFA922002043
:10BCD8000B46896818600A68107828B1916851B9CC
:10BCE8000849C2E9021370474A6892F82710C9093F
:10BCF80003D100DE704700DEF2E703F108011846C1
:10BD0800F5F7F6BBA5B600000B68DA882ABB70B554
:10BD18000C4606464FF49C711148FBF731FD054669
:10BD2800B8B1838CABB901F043F92268137F03F0F3
:10BD38000303032B08D101231371226831462846D7
:10BD4800BDE8704001F048B903B170BD012313711B
:10BD580070BD236801221A7170BD01221A717047E3
:10BD6800980B002010B5B0F824C004464FF6FF70B9
:10BD780084450CD0A4F8C4302046C4E92F1200F042
:10BD880087FF94F8023113F0010002D110BD00DEE4
:10BD9800F0E723F0010384F802316FF08B0010BD47
:10BDA80070B51C4C064694F821201BE0FBF7E8FC14
:10BDB8000346696880301BB39B8C0BBB00F07AFD8F
:10BDC80094F8201094F821204B1C8A4206F1FF3089
:10BDD800DBB204D0042B08BF002384F8203010F015
:10BDE800FF0616D094F820300B4893424FF49C710C
:10BDF8000FD034F8332004EBC305002AD6D0696885
:10BE08000B7923F003034FF6FF700B71FDF734FD38
:10BE1800D6E770BD281D0020980B0020F0B5314BE7
:10BE28001A68904208BF002283B008BF1A60828C4B
:10BE3800A0F80E21182380F80C31054680F824114B
:10BE4800012100F02FFF05F18006284600F03EFF93
:10BE5800304600F017FD304600F04CFD044628B38C
:10BE6800037903F00303032B0CBF0346002303608D
:10BE78001D4805F16007FBF759FCA8B121463A4671
:10BE8800FBF7B0FC304600F035FD044670B103798D
:10BE980003F00303032B0CBF03460023036012487F
:10BEA800FBF744FC0028E9D100DEE7E7AA8C0F4B3A
:10BEB80000950332D2B201210020FCF74FFF10F0A9
:10BEC800FD0F08D14FF6FF73FF20AB8403B0BDE828
:10BED800F040FFF765BFFDF72BFD8542F2D000DE8D
:10BEE800F0E700BF4C1D0020381C00208DB7000073
:10BEF80038B505460120FFF753FF05F1800000F033
:10BF0800F9FCA8B1037903F003030446032B0CBF23
:10BF18002346002307482360FBF708FC30B105F1EE
:10BF280060022146BDE83840FBF75CBC00DEF6E75E
:10BF380038BD00BF381C002021B3F8B54D1EEDB246
:10BF480000F1800700F1600612E0237903F0030393
:10BF5800032B0CBF234600232360FBF7E7FB78B1D4
:10BF6800013D32462146EDB2FBF73CFCFF2D06D0E1
:10BF7800384600F0BFFC04460348002CE5D1F8BD64
:10BF880000DEEDE7704700BF381C00200149FBF7D1
:10BF9800E3BB00BF381C0020014B93F841007047F9
:10BFA800E41C002000B50A4B93F840C093F841E028
:10BFB800F4450BD080F800E033F83C00088003EB30
:10BFC800CC035B68136018685DF804FB0020FBE78E
:10BFD800E41C0020074B93F840C0844508D003EBCD
:10BFE800CC0033F83C300B80436813601868704706
:10BFF80000207047E41C0020094A92F8401092F88B
:10C0080041308B4209D04B1CDBB2082B08BF002300
:10C0180052F8310082F8403070470020704700BF66
:10C02800E41C002000B50D4A92F841C092F840E0A7
:10C038000CF10103DBB2082B08BF00239E4509D091
:10C0480022F83C0002EBCC0CCCF8041082F841300A
:10C058005DF804FB00DE00231B80FFDEE41C0020EB
:10C0680070B55379144605460E46002B39D023790E
:10C0780003F00302032A0CD04FF6FF72954204BF67
:10C0880023F00303237121462846BDE87040FDF7DD
:10C09800F3BB4FF6FF739D4206D13368A3421AD013
:10C0A800002BF0D000DEEEE7EDB913482A464FF436
:10C0B8009C71FBF765FBE0B1214600F05BFF33683C
:10C0C800A342EDD10C4800224FF49C71FBF758FBBA
:10C0D80008B1838C03B100202146BDE8704000F010
:10C0E8009BBD00DEC3E700DE0020214600F042FFD2
:10C0F800D3E700DEE0E700BF980B00201B20704765
:10C10800704700BFB0F80031B0F8C420981880B26A
:10C11800704700BF0278038E12B1581E80B2704774
:10C12800418DB0F8C4205818104480B2704700BF41
:10C1380010B504460B68C4F8323032300B790371FD
:10C148000521FBF7E3FC94F8373060F3050384F826
:10C15800373010BD08B50022D0E91701FBF74CFBBA
:10C16800B0FA80F0400908BD70B591F82630042B6C
:10C178000C460ED991F82720112184F822100125A8
:10C18800134313F0070312D184F8223001252846FF
:10C1980070BD032B07D091F82720042AECD8032A76
:10C1A80001D00025ECE7112384F822300125A68C64
:10C1B800FFF7B0FF801B0304E9D42823E4E700BF9E
:10C1C80010B50C4689690023A36131B394F8213076
:10C1D800DB071DD50B792E2B1DD11D230B71838CED
:10C1E800CB8094F822300B7790F85930C3F30203D0
:10C1F8008B7790F85830C3F302034B770868FDF744
:10C20800FBFA94F8213023F0010384F8213010BDA3
:10C2180001230B71F2E700DEDFE700DED6E700BF9F
:10C2280070B505460C4601F0EDFA10B10123A37272
:10C2380070BD284602F07AFC0028F7D1214628462E
:10C2480000F006FC0028F1D0284602F06DFC072813
:10C25800ECD00121284602F061FC0D21284602F0AD
:10C2680061FC162363732146284600F0F9FB064655
:10C27800E061B0B3637B66610022162BE26109D0EE
:10C2880000DE2846314600F001FC2846BDE8704033
:10C2980001F0C0BA94F8203095F83421C3F3C203F2
:10C2A80063F3C50285F8342194F8202095F83431D9
:10C2B80062F3020385F8343194F8203095F8582059
:10C2C800C3F3801363F3C30285F85820311D204659
:10C2D80001F028FD0221284600F0DCFB0223A372AE
:10C2E800CFE700DEE669C5E770B505460C4602F003
:10C2F80027FC10B10223A37270BD2146284600F026
:10C30800A7FB0028F6D0284602F00EFC0728F1D03B
:10C318000D21284602F006FC1723637321462846A0
:10C3280000F09EFB0646E061B8B1637B66610022BF
:10C33800172BE26109D000DE2846314600F0A6FB43
:10C348002846BDE8704002F003BC311D284601F0C4
:10C358000DFD41F603036381EEE700DEE669E4E7DD
:10C3680070B50C46897A82B006461546092906D862
:10C37800DFE801F0080D454805056B058BAC00DECC
:10C3880002B070BD002DFBD10123A372F8E7194656
:10C39800204601F0DDFC94F8202096F83431C2F3F1
:10C3A800C200C3F3C2010140C2F30200034043EAE2
:10C3B800C10322F03F02134384F8203096F9373046
:10C3C800002B0BDB94F8203013F0380F40F08E80F0
:10C3D80094F8203023F03F0384F8203002213046BF
:10C3E80000F058FB012DCBD196F83730DB09C6D0C9
:10C3F8002146304602B0BDE87040FFF775BF002DFA
:10C40800BED1F5E7022DBBD190F93730002B80F271
:10C41800A180544B96F8582093E8030094F82030F4
:10C4280002AD134305E9030003F007036B4402213F
:10C438001B78304663F30612062386F85820A37249
:10C4480002B0BDE8704000F039BB032D98D1194601
:10C45800204601F0A1FC21463046FFF785FE05463F
:10C46800204600F037FB002D67D094F8223096F86C
:10C478005820282B08BF86F804311346092162F397
:10C48800061386F85830A1727AE7002D7FF478AF4A
:10C49800FFF738FEA38CC01A03043FF571AF84F888
:10C4A800225096F93730002B24DB2A4694F82130A5
:10C4B80062F3000384F8213096F8582013460921C6
:10C4C80062F3061386F85830A17259E7042D7FF4F9
:10C4D80057AF2146FFF774FE304602F08DFC00216D
:10C4E800304602F01FFB0023A37249E75A077FF486
:10C4F80075AF6DE794F8273096F8591094F8262010
:10C5080013F0030301F0070002F003021BD096F8B2
:10C518005850AC4663F3020C86F858C005F007057E
:10C52800D2B99D4218BF0122C0D196F8592002F015
:10C5380007052A1A18BF0122B8E7304602F00EFB99
:10C548000823A3721CE7002AAFD062F3020186F821
:10C558005910EAE700DE5CE762F3020186F8591039
:10C56800DFE700BFE8AF010070B5D37F112B0546A8
:10C578000C4602F11C063ED0182B09D0072B13D00D
:10C58800242380F8043101F0E9F90023A37270BD77
:10C598008B7A062B40D003D8022BF8D900DE70BD69
:10C5A800083B012BFAD870BD8B7A062BF3D10021FA
:10C5B80002F0B4FAD5F8E0301A2223F48073C5F8F3
:10C5C800E030204684F8222000F084FA94F82130E4
:10C5D80043F0010384F8213095F8582013460926C2
:10C5E80062F3061385F85830A67228460221BDE882
:10C5F800704000F063BA8B7A062BCCD131462046C6
:10C6080001F088FB94F8463084F82230284600214F
:10C6180002F084FA2046D7E790F93730002B3FDA4A
:10C628000221284602F07AFA3146204601F0B4FB8E
:10C6380021462846FFF798FD0646204600F04AFAAC
:10C648009EB994F827302BB195F8582063F3061259
:10C6580085F85820284601F0E7F80823A3722846F1
:10C668000221BDE8704000F029BA0021284602F0F6
:10C6780055FA94F822300BB185F8043194F820303B
:10C6880094F82120DB0963F3000284F8212095F84F
:10C6980058100A4661F30612092385F85820DDE789
:10C6A80000DEBDE738B58B7A0C460546092B06D85F
:10C6B800DFE803F007070605050506050B0600DE9B
:10C6C80038BDBDE83840FFF7ABBDFFF71BFDA38CB5
:10C6D800C01A0304F4D495F93730002B19DB002174
:10C6E800284602F01BFA94F82030002284F8222011
:10C6F800DB0994F8212063F3000284F8212095F8DF
:10C7080058201346092162F3061385F85830A172A0
:10C7180038BD94F8271095F8592094F8263011F070
:10C72800030102F0070C1AD095F85800864661F309
:10C73800020E13F0030385F858E000F0070018D044
:10C7480063F30202884285F859200FD00021284659
:10C7580002F0E4F90022012384F82220C9E713F04B
:10C768000303BCD063F3020285F859209C45EDD140
:10C77800B5E78842EAD1B2E78A7A0B46092A0BD88C
:10C78800DFE802F00B0B050A0A0A0B0A0B0B90F8FC
:10C798003720D209844601D100DE704710B50F4A10
:10C7A80090F858E092E8030093F8202082B002AC99
:10C7B8004EEA020204E9030002F007026A44022179
:10C7C8001278604662F3061E41F606028CF858E0BD
:10C7D8005A8102B0BDE8104000F070B9E8AF01001E
:10C7E80038B58B7A092B14D8DFE803F0121212132C
:10C7F80013131213120505460C46FFF7E1FC2846F1
:10C8080001F0ACF80021284602F08CF90023A3724D
:10C8180038BD00DE38BD00BF10B592F81FE0BEF18C
:10C82800160F02F11C0310D0BEF1180F08D02423F4
:10C838000C4680F8043102F0DFFA0023A37210BD21
:10C84800BDE810400322FFF78BBDBDE81040012270
:10C85800FFF786BD13460022FFF782BD134602226A
:10C86800FFF77EBD00230422FFF77ABD0023C0E94D
:10C878000133C0E903330370704700BF0378013305
:10C888000370704703785BB9C3687BB102691AB15A
:10C89800816861B10B6082600023C0E9033370478F
:10C8A800013BDBB20370002BEED07047704743604A
:10C8B800F1E700BF03783BB100230C300B604368FD
:10C8C80043B1196041607047002304300B6043682E
:10C8D800002BF6D1C0E90011704700BF00230B60A0
:10C8E800836813B1196081607047C0E9011170470E
:10C8F800406870470346406828B1996802685A60E2
:10C90800884208BF9A6070474078A0F10C00B0FADE
:10C9180080F04009704700BF4078A0F10800B0FAE5
:10C9280080F04009704700BF4078A0F10200B0FADB
:10C9380080F04009704700BF4078A0F10900B0FAC4
:10C9480080F04009704700BF4078A0F10600B0FAB7
:10C9580080F04009704700BF4078A0F11800B0FA95
:10C9680080F04009704700BF4078A0F10300B0FA9A
:10C9780080F04009704700BF4078A0F10100B0FA8C
:10C9880080F04009704700BF4078A0F10500B0FA78
:10C9980080F04009704700BFF8B5064608460D46C6
:10C9A800FAF7C4FE044680B10027C0E90577456060
:10C9B80006722422394620300EF06BF84FF47F437C
:10C9C800FF2262726381A381A7732046F8BD00BF6E
:10C9D8004078A0F10200B0FA80F04009704700BF2B
:10C9E8004078A0F10200B0FA80F04009704700BF1B
:10C9F8004078A0F10200B0FA80F04009704700BF0B
:10CA08004078A0F10900B0FA80F04009704700BFF3
:10CA18004078A0F11800B0FA80F04009704700BFD4
:10CA28004078A0F10300B0FA80F04009704700BFD9
:10CA38004078A0F10300B0FA80F04009704700BFC9
:10CA4800416809B1FAF788BE00DE4168FAF784BE8A
:10CA5800024B1868003818BF012070477C0400207A
:10CA680010B50448FAF762FE04460430FFF748FBA5
:10CA7800204610BD7C04002008B50120FCF7D0FE3C
:10CA8800003818BF012008BDFCF7E4BE8030FFF76E
:10CA980025BF00BF38B590F8F63005460C461BB1E7
:10CAA8001C4385F8F64038BD8030FFF7E7FE95F85F
:10CAB800F6301C4385F8F64038BD00BF90F8F630D4
:10CAC80023EA010180F8F61001B170478030FFF7C2
:10CAD800D9BE00BF836943B11A792E2A04D02E2209
:10CAE8001A71836902691A60704700DE8369F3E787
:10CAF80083694BB11A792E2A00D0704701221A7126
:10CB080081690868FCF778BE00DE8369F2E700BF38
:10CB18008B6913B11A792E2A08D0CB692BB1D0F8BA
:10CB2800FC201A60CB69C0F8FC3070471B68D0F84D
:10CB3800F8205A608B6901221A718B69C0F8F830A5
:10CB4800EBE700BF70B505460C48FAF7EFFD044661
:10CB580088B10A4B43600026C0E9056605722422A5
:10CB6800314620300DF095FF4FF47F43FF2262726B
:10CB78006381A381A673204670BD00BF6C040020AA
:10CB880010B50A4B022258684821FAF7ABFD084B4A
:10CB9800012258684821FAF7A5FD064BBDE8104068
:10CBA800586804222C21FAF79DBD00BF74040020A8
:10CBB8006C0400207C04002038B50446002500F0F1
:10CBC800A1FE2046C4E9265584F8A45002F0F6F8E0
:10CBD800C4F8C850C4E92A5584F8B650A4F8B4502B
:10CBE800A4F8B850C4F8CB50A4F8E850C4F8D05012
:10CBF800C4F8D450C4F8D850C4F8DC50C4F8E05095
:10CC0800C4F8E450FCF71EF9C4E93E55C4E93801FC
:10CC180084F8F650258638BD08460149FAF79CBDC8
:10CC28007C04002010B5B0F8A24082B0034624B1BD
:10CC3800A1420FD2641AA0F8A240B3F8B20020B102
:10CC480081420FD2401AA3F8B2000023184613708D
:10CC580002B010BD019200F089FD019A58B1037A23
:10CC68000A2B03D022236FF07300F0E790F82030EE
:10CC78006FF07300EBE700DEF1E700BF034B0B44F6
:10CC8800B3FBF1F3A0F8B830704700BFFF59620258
:10CC980010B5044602F09AF82046BDE8104000F0AE
:10CCA80039BE00BF10B5044649B1012900D010BDF6
:10CCB80002F0D6F82046BDE8104000F081BE02F030
:10CCC800BBF82046BDE8104000F06CBE38B5D0F87F
:10CCD800F840054634B1206821464468FCF780FDD9
:10CCE800002CF8D1D5F8FC400023C5F8F83034B151
:10CCF800204624680449FAF72FFD002CF8D10023B8
:10CD0800C5F8FC3038BD00BF7C04002090F93730EE
:10CD1800002B14DA70B504460E460320094915465F
:10CD2800FFF73AFE014640B180F8206080F82150B4
:10CD3800204600F0EBFC002070BD0C2070BD0C20DC
:10CD4800704700BF7404002038B504460D46022021
:10CD58000849FFF721FE58B190F8203065F3000329
:10CD6800014680F82030204600F0D0FC002038BD75
:10CD78000C2038BD7404002010B50749044604206F
:10CD8800FFF70AFE28B10146204600F0BFFC00204C
:10CD980010BD0C2010BD00BF740400202DE9F04127
:10CDA80005468846072010499DF8186017461C4616
:10CDB800FFF7F2FDA8B1E30008F0070803F0380315
:10CDC800BF0143EA080307F040073B4343EAC613A1
:10CDD800014680F82030284600F098FC0020BDE885
:10CDE800F0810C20BDE8F0817404002038B50446B9
:10CDF8000D4600F029FE204602F0BCF807490A203B
:10CE0800FFF7CAFD38B1014680F82050204600F0EF
:10CE18007DFC002038BD0C2038BD00BF7404002004
:10CE280008B590F93730002B08DB00F09FFC20B1E3
:10CE3800037A0B2B0CBF2230002008BD01F07CFECA
:10CE4800F5E700BF2DE9F8430546D0F8E000BDF846
:10CE580020801E4683070F46914617D495F9373030
:10CE6800002B1FDB2A490820FFF796FD0446002CFB
:10CE780042D0237A082B0FD0092B16D000DE284683
:10CE8800214600F043FC0020BDE8F8832049092032
:10CE9800FFF782FD0446EAE7A4F828906685A4F81F
:10CEA8002C80ECE71A20BDE8F883099BE784A4F8F6
:10CEB80028906685A4F82C8003B31B882387099BD8
:10CEC8005B886387099B9B88A387099BDB88E3872B
:10CED800099B1B89A4F84030099B5B89A4F8423060
:10CEE80095F93730002BCADA2846FEF7DFFC0146F1
:10CEF800284602F0B3F8C2E70C20C5E7054A4FF010
:10CF0800FF33C4E90E23A4F840304FF6FF73E5E77A
:10CF1800740400200000FFFF10B5044601F00CFE69
:10CF280010B1037A092B00D010BD01462046BDE898
:10CF3800104001F0CDBC00BF38B504460D4601F0E5
:10CF4800FBFD10B1037A092B00D038BD80F82050C2
:10CF580001462046BDE8384001F0BEBC08B501F0E6
:10CF6800EBFD28B1007AA0F10900B0FA80F0400981
:10CF780008BD00BF38B505460C4600F0F7FB10B1F8
:10CF88004369A3420ED0284601F0D6FD10B143698B
:10CF9800A34200D038BD224601462846BDE83840A5
:10CFA80001F0E6BE01462246284600F077FCEAE793
:10CFB80010B5044600F0DAFB18B10146204600F02F
:10CFC8008FFC204601F0B8FD014620B12046BDE89F
:10CFD800104001F0E1BE10BD2DE9F041537F144629
:10CFE80005460E46002B3AD0D37F1E2B24D928465F
:10CFF80000F0BCFB0746284601F09EFD0146002FC5
:10D0080068D0FA7AE37F002843D09342C07A52D09E
:10D018003A7B002A4FD1072B65D0112B74D00D2BEA
:10D0280040F086800D2802D00B7B002B3BD01F23BD
:10D0380085F80431BDE8F081474A52F8232022B12F
:10D0480004F11C00904760B1E37F022BCFD101238C
:10D05800224631462846BDE8F04101F01DBFFF23B6
:10D06800D377284600F082FB30B1E27FC37A9A4238
:10D07800E0D0037B002BDDD1284601F05DFD0028C0
:10D0880040D0E27FC37A9A42D4D0037B002BD1D11F
:10D09800DEE7934207D03A7B2AB9072B3CD0112B05
:10D0A8003AD00D2BD3D12346324639462846BDE81F
:10D0B800F04100F0BDBB8342B9D00A7B002AB6D14B
:10D0C800072B2FD0112BEED14B7B94F820209A42BE
:10D0D800E9D1ACE70028BAD0234632462846BDE855
:10D0E800F04101F0DDBD94F820307A7B9A4225D0DA
:10D0F8000728F1D00A7B002AEED14A7B9A42EBD06E
:10D10800242395E70346A3E794F820307A7B9A42D4
:10D118001FD01128EED1DFE77A7B94F820309A42AD
:10D1280095D1C0E74A7B94F820309A42BBD17EE77C
:10D138008342D1D00B7B002BCED1E1E707283FF407
:10D1480076AF0B7B002B7FF472AF4B7B9342AAD157
:10D158006DE71128F5D16AE7F8B50100F8B58D69D2
:10D1680000260C4607468E612DB3012603232B713A
:10D17800BB8CEB80237A022B05F11C0112D0042B07
:10D1880002D000DE46B1F8BD637A0C2BF9D13846DF
:10D1980000F080FD002EF6D128682946BDE8F84049
:10D1A800FCF72ABB637A072B0DD0092BE9D1384647
:10D1B80000F0CEFCE6E7FFF767FC05460028D5D16E
:10D1C80000DE0071FFDE204600F06EFCDAE700BFEB
:10D1D80070B506460C46FFF743FC0546002848D0C4
:10D1E800237A023B291D082B06D8DFE803F0221B0F
:10D1F800280505050505140000DEEB79637329464B
:10D208003046FFF743FC237A0A2B1ED03046BDE890
:10D21800704000F0FFBA204600F01AFDFF23656158
:10D22800E372EAE7204600F001FDFF236561E3723F
:10D23800E3E7304600F046FC0923E372DDE70846E1
:10D2480000F016FD0C23E372D7E7F38CB6F82A1129
:10D2580040F2E24202FB03F342F2107202FB013198
:10D2680001393046B1FBF3F1BDE8704089B200F0F6
:10D27800D7BA00DEB4E700BFF8B506460C4601F0A1
:10D288005FFC20B103230025A3722846F8BD214680
:10D298003046FFF7DDFB05460028F3D0214630462F
:10D2A800FFF7DEFB074628B3237A022B07F10401B8
:10D2B80014D0042B18D000DEFB796373394630464E
:10D2C800FFF7E4FB304601F043FC0423A372304629
:10D2D80001F092FD0023A3722846F8BD304600F005
:10D2E80015FCFF23E372E7E7084600F0C1FCFF23C3
:10D2F800E372E1E700DED7E738B50B7A042B0C467A
:10D30800054610D00A2B05D0022B17D1BDE83840AE
:10D31800FFF7B2BF01F070FD94F820300022A2722E
:10D3280085F8043138BD90F8C8304BB9FFF7A4FF31
:10D338000028F7D0012385F8C83038BD00DE38BD95
:10D3480001F05AFD0023A37238BD00BF38B50B7A2F
:10D35800023B0C460546082B06D8DFE803F0130D00
:10D36800070505050505210000DE38BD4B7A0C2BA5
:10D378001ED0242385F80431284600F0EFFA002354
:10D38800A37238BD4B7A072B01D0092BF1D194F841
:10D398002030DB07F0D521462846FFF7DFFEEBE714
:10D3A80000F0DCFA00221623A27285F8043138BD99
:10D3B8008B694BB121462846FFF7D0FE284600F07E
:10D3C800CDFA0023A37238BDFFF756FB0028F1D130
:10D3D800284600F01FFA0423A37238BD70B50E7AF0
:10D3E800B31E0C460546082B06D8DFE803F03F2B92
:10D3F8000E0505050505070000DE70BDFFF728FBD3
:10D4080000284FD10123A37270BD90F8C830002BBB
:10D4180040D100F0F7F90028F4D121462846FFF75B
:10D4280017FB0028EED021462846FFF7D1FE626997
:10D43800002A4FF001030CBF03220222A27285F8D2
:10D44800C83070BD00F0DEF90028DBD1214628463F
:10D45800FFF7FEFA0028D5D021462846FFF7B8FE88
:10D468006369002B18BF0226A67270BD00F0CAF9C6
:10D478000028C7D121462846FFF7EAFA0028C1D07C
:10D4880021462846FFF7A4FE6369002B08BF032640
:10D49800A67270BD0C2200234A728B61BDE87040F1
:10D4A800FFF754BF21462846FFF792FE16220223B3
:10D4B80084F82020A37270BD8B7A022B06D002D983
:10D4C800033B012B00D8704700DE70470B7A032B13
:10D4D80001D00A2BF7D1FFF739BF00BF38B58B7AD7
:10D4E800032B05D001D9042B00D138BD00DE38BD8F
:10D4F8000546D07F0C46831E02F11C016072172B73
:10D508000DD8DFE803F00C0C0C0C0C1B0C170C0CE2
:10D51800130D0C0C0C1F0C0C0C0C0C0C0C0D00DE61
:10D5280021462846BDE83840FFF710BF284600F0DE
:10D53800C7FBF5E7284600F053FBF1E7204600F06B
:10D54800AFFAEDE7204600F0E5FBE9E738B58B7A5E
:10D55800032B05D8012B0AD8BDE83840FFF73EBF9A
:10D56800042B03D10B7A042B0C4601D000DE38BD06
:10D578000546FFF781FA0028F9D021462846FFF72B
:10D58800EDFD284600F0EAF90023A37238BD00BF7C
:10D5980038B58B7A012B06D002D9023B022B00D872
:10D5A80038BD00DE38BDD37F0C46082B054602F196
:10D5B8001C01637215D00C2B10D0022B0CD1204605
:10D5C80000F052FB08212846FFF764FA2146284656
:10D5D800BDE83840FFF790BE00DEF7E700F070FBCB
:10D5E800F4E700F0D3FAF1E710B58B7A82B00C4675
:10D5F800042B1ED8DFE803F01710031210000B7A73
:10D608000A2B14D1019001F0F7FB019894F820300F
:10D618000022A27280F8043102B010BD02B0BDE849
:10D628001040FFF769BE01238B7202B010BD00DE07
:10D63800E8E700DEF0E700BF70B5044603F08EFEB1
:10D6480058B1D4F8985035B1D4F89C202B68C4F858
:10D658009830AA4221D0284670BD054601210320F2
:10D6680003F042FE2A46064601210320FAF700F994
:10D67800D4F8985045B1D4F89C202B68C4F8983059
:10D68800954208BFC4F89C30002EE4D00122114610
:10D698000320FAF7EDF8284670BDC4F89C302846F8
:10D6A80070BD00BFF8B506460C4603F057FE68B1DA
:10D6B800D6F89850AC421FD1A3690BBB3046FFF790
:10D6C800BBFF2046BDE8F840FFF7BAB9054601217F
:10D6D800032003F009FE2A46012107460320FAF732
:10D6E800C7F8D6F89850002FE4D00122114603203D
:10D6F800FAF7BEF8AC42DFD000DEA369002BDDD01C
:10D708001B792E2BDAD100DED8E700BFF8B5054625
:10D718000C4603F023FE40B100232360D5F89C306B
:10D72800F3B11C60C5F89C40F8BD064601210320F2
:10D7380003F0DAFD3246074601210320FAF798F88C
:10D748002660D5F89C3073B11C60C5F89C40002F4A
:10D75800EAD00122BDE8F84011460320FAF788B85C
:10D76800C5E92644F8BDC5E92644F0E770B5054685
:10D7780003F0F4FD18B1D5F89840204670BD044672
:10D788000121032003F0B0FD2246064601210320B3
:10D79800FAF76EF8D5F89840002EEED0012211461F
:10D7A8000320FAF765F8204670BD00BF38B5054676
:10D7B800FFF7DCFF037A023B0446082B1AD8DFE8A0
:10D7C80003F005050519191B13130500014600226E
:10D7D8002846FFF7BBFEA37B03B938BD2146284680
:10D7E800BDE83840FFF75EBF01460022284601F039
:10D7F80041F8F0E700DEEEE7014600222846FEF792
:10D8080051FFE8E790F8A400A0F10100B0FA80F019
:10D8180040097047B0F8B830A0F8A230704700BF90
:10D82800A0F8A210704700BF0023A0F8A2307047EC
:10D8380038B50C468969054610461A46F1B1217A71
:10D848000239082922D8DFE801F00505052121233E
:10D858001C1C050021462846FFF740FEA36923B19A
:10D868001B792E2B1CBF0023A361A37B03B938BDF2
:10D8780021462846BDE83840FFF714BFA361206160
:10D88800DDE72146284600F09FFFE7E700DEE5E7F1
:10D8980021462846FEF768FEE0E700BF38B591F854
:10D8A80008C0BCF1070F0C46054616D0BCF10A0F9C
:10D8B800134602D0BCF1030F04D11A46214628466C
:10D8C800FFF7FAFDA37B0022626103B938BD214648
:10D8D8002846BDE83840FFF7E5BEFEF74DFFF1E703
:10D8E80038B50B7A072B0C46054608D0A37B03B93D
:10D8F80038BD21462846BDE83840FFF7D3BEFEF7BD
:10D908006FFFF3E70222002380F8A020A0F8A230DE
:10D91800704700BF38B590F8A0300446032B1BD8D9
:10D92800DFE803F002111011FFF720FF034648B1AA
:10D938001D7A2046FFF73AFF0A2D14BF012303235F
:10D9480084F8A03038BDFFF711FF0028FAD0204630
:10D95800BDE83840FFF72ABF00DE38BD10B590F8A3
:10D96800A0300446032B1BD8DFE803F00D020C029D
:10D97800FFF7FCFE90B100230122A4F8A2308273C5
:10D9880084F8A03010BDFFF7F1FE28B10022012372
:10D99800A4F8A220837310BD00DEF7E700DEEAE7F3
:10D9A80000DE10BD90F8A030022B05D000D87047DB
:10D9B800032BFCD000DE7047002380F8A0307047AE
:10D9C80038B590F8A0300446032B3AD8DFE803F0C6
:10D9D8000926121320462946FFF79AF82846FFF72A
:10D9E8002FF82046FFF728FE05460028F2D102232B
:10D9F80084F8A03038BDFFF71FFE05460028F6D092
:10DA080029462046FFF784F82846FFF719F82046EC
:10DA1800FFF712FE05460028F2D1E8E7FFF70CFEF3
:10DA280005460028E3D029462046FFF771F8284626
:10DA3800FFF706F82046FFF7FFFD05460028F2D15C
:10DA4800D5E700DE38BD00BF38B50546FFF7F4FD61
:10DA580068B1044621462846FFF75AF82046FEF7E3
:10DA6800EFFF2846FFF7E8FD04460028F2D100241E
:10DA7800A5F8A2402146284601F050F885F8A040B4
:10DA880038BD00BF0B784FF0020C43F003030722A8
:10DA98000B7081F801C0CA7090F844300B71704760
:10DAA8000B7980F8443070470B784FF0020C43F044
:10DAB800030307220B7081F801C0CA7090F8443044
:10DAC8000B71704710B50B780C460922082143F0FA
:10DAD8000303E1706270237090F93730002BACBFFC
:10DAE8000B460E23E370FBF7ADF9002261F3070242
:10DAF800C1F3072C0B0C6CF30F2263F317421B0ABC
:10DB080063F31F626060A26010BD00BF38B50C46A9
:10DB18000546FBF797F9237843F00303237009239D
:10DB28006370E370D5F8E030217263F0FF031840AA
:10DB3800020C0B0CC0F307252071C1F30721100A52
:10DB4800A2711A0AE07165716172A372E27238BD3E
:10DB58000B78092243F003030B704A70CA70D0E9AE
:10DB68003623100CC2F3072C0A711A0C81F805C071
:10DB780088714FEA102C0B72C3F30720130A81F83F
:10DB880007C048728A72CB72704700BF2DE9F04116
:10DB98004A68124E8968530F83EA1273164003F0DD
:10DBA80001034FF04052A3FB0232054601F0EF0794
:10DBB80086EA0304FBF746F904EA0003C5F8E030F7
:10DBC80063F0FF03B8463340C5E936380F400122F9
:10DBD800C5F8E47085F8D020BDE8F0812FCF87F72D
:10DBE8002DE9F0414C68104F8A68630F83EA14737B
:10DBF80003F001034FF04051A3FB013127400546D4
:10DC080087EA030402F0EF08FBF71CF9C5E9367848
:10DC1800044008EA01010123C5F8E040C5F8E41012
:10DC280085F8D030BDE8F0812FCF87F70B784FF01B
:10DC3800030C43F0030319220B7081F801C0CA706A
:10DC480090F820300B7190F821304B71704700BF6D
:10DC58000B78022243F003030B704A70CA7090F8E5
:10DC680020300B71704700BF0B7980F82030704767
:10DC78000378074AC0F805204FF0060C43F0030369
:10DC880040F60C51037080F801C0A0F803107047EB
:10DC9800F105FFFF0B784FF0060C43F003030C224D
:10DCA8000B7081F801C0CA7090F8CA300B71B0F8D7
:10DCB800CB30A1F80530B0F8CD30A1F80730704767
:10DCC800012380F8C9300B7980F8CA30B1F80530E3
:10DCD800A0F8CB30B1F80730A0F8CD30704700BFBE
:10DCE800037801714FF0020C43F003030D22037017
:10DCF80080F801C0C27070470378017143F00303D4
:10DD08004FF0030C0370112380F801C0C3704271F7
:10DD1800704700BF0B7980F845304B7980F8463062
:10DD2800704700BF0B784FF0030C43F00303162233
:10DD38000B7081F801C0CA7090F82030C3F3C20399
:10DD48004B7190F82030C3F302030B71704700BF8A
:10DD58000A7990F8203062F3C50380F820304A79B8
:10DD680062F3020380F82030704700BF0B784FF051
:10DD7800030C43F0030317220B7081F801C0CA702B
:10DD880090F83431C3F3C2034B7190F83431C3F3C4
:10DD980002030B71704700BFCB8883840B7980F82E
:10DDA80026304B7980F82730704700BF0B784FF04A
:10DDB800180C43F003030F220B7081F801C0CA70DE
:10DDC800C38C8B80038DCB80438D0B81838D4B81DE
:10DDD80090F834300B73C38EA1F80D30038FA1F87F
:10DDE8000F30438FA1F81130838FA1F81330C38F00
:10DDF800A1F81530B0F84030A1F81730B0F842302B
:10DE0800A1F81930704700BF0B784FF0180C43F099
:10DE1800030310220B7081F801C0CA70C38C8B8079
:10DE2800038DCB80438D0B81838D4B8190F83430EB
:10DE38000B73C38EA1F80D30038FA1F80F30438FF9
:10DE4800A1F81130838FA1F81330C38FA1F81530D2
:10DE5800B0F84030A1F81730B0F84230A1F81930C6
:10DE6800704700BF8B88C384CB8803850B894385A3
:10DE78004B8983850B7B80F83430B1F80D30C3862D
:10DE8800B1F80F300387B1F811304387B1F8133078
:10DE98008387B1F81530C387B1F81730A0F8403040
:10DEA800B1F81930A0F84230704700BF0B78002253
:10DEB80043F003034FF00C0CCA700B7081F801C0DB
:10DEC80090F823300B71036B094AA2FB03239B0ACA
:10DED800A1F80530438DA1F80930038DA1F807306A
:10DEE800838DA1F80B30838CA1F80D30704700BFEB
:10DEF8005917B7D10B7980F82330B1F8053040F2C3
:10DF0800E24202FB03F30363B1F809304385B1F839
:10DF180007300385B1F80B308385B1F80D30838461
:10DF2800704700BFB1F8093003844B68C0F822304D
:10DF38000B7A80F8263070478B6900228A610BB310
:10DF4800192293F804C01A71828CDA8091F8202083
:10DF58001A774AB90A8DDA834A8D1A848A8D5A84C7
:10DF6800BCF12E0F0AD07047C28CDA83028D1A8456
:10DF7800B0F82A215A84BCF12E0FF4D1186819463A
:10DF8800FBF73ABC00DEDBE730B5C38C0A8D4C8D5D
:10DF98008D8D934285B002D1038DA34214D0012305
:10DFA80081F8223002950B6BCDE900240C7A91F8A8
:10DFB8002320898C0391A4F10801B1FA81F1490960
:10DFC800F3F75EF905B030BDB0F82A315B1B18BF16
:10DFD8000123E5E7F8B5CD6900230C460746164648
:10DFE800CB618DB3291D112E0AD8DFE806F0200970
:10DFF80009090909091C0909090909090909241450
:10E0080000DEEB79637329463846FEF73FFD237A35
:10E01800092B14D0F8BD084694F8202094F8211054
:10E02800FFF76AFEEDE72046FFF72CFDE9E72046FB
:10E03800FFF73CFFE5E72046FFF7E6FEE1E7384655
:10E04800BDE8F84000F084BDFEF70AFD054600284B
:10E05800C8D100DEC6E700BF38B58B690C46054657
:10E0680083BBFEF711FD2E23A061037194F83420C1
:10E078000121002384F823102363218D4AB1B1FBC9
:10E08800F2F313FB02F3E28C9BB29A429CBF238506
:10E098001946238F994204D340F2E24202FB03F36C
:10E0A80023632846FEF736F8298D034606310B44CC
:10E0B800A384002228462146FFF78CFF4FF60B73F6
:10E0C800638138BD00DECCE738B504460D4600F064
:10E0D80037FD20B929462046FEF7BAFC30B9102191
:10E0E8002046FEF7D7FC0923AB7238BD04F1800047
:10E0F800FEF7FEFB0028F2D12046FEF72BF8002899
:10E10800EDD029462046FEF7ABFCE861FEF7B4FCEB
:10E1180010B90C23AB7238BD29462046FFF79CFF87
:10E1280020461021BDE83840FEF7C8BC70B50C4643
:10E138000646FFF729FF237A092B1DD094F82250B1
:10E14800ADB1002384F8203021463046FFF7F4FEB5
:10E15800304600F051FE237A092B05D10C4B1A6882
:10E16800964204BF00221A600023A37270BD2046A5
:10E17800FEF7BEFCA561EBE7304600F0EFFC237A22
:10E18800092BDBD194F82030002BDAD1D6E700BF79
:10E198004C1D002070B506460C4600F0D1FC10B1AD
:10E1A8000623A37270BD054621463046FEF750FC93
:10E1B8000028F5D0112221463046FFF70BFF3046E4
:10E1C80000F01AFE237A092B04D1044B1A689642F0
:10E1D80008BF1D600023A37270BD00BF4C1D002046
:10E1E800F8B5294A136806460C468BB183420FD00E
:10E1F80002238B7200F0A4FC054620B92146304664
:10E20800FEF726FC68BB2046BDE8F840FEF762BC76
:10E21800218DF38C1660994212D0A5690023A36161
:10E2280085B303232F792B71B38CEB8005F11C0187
:10E238002046FFF7BBFD2E2F1FD00423A372F8BD85
:10E24800628D338D9A42E8D1A28DB6F82A319A426E
:10E25800E3D12046FEF74CFC00220523A261A372FD
:10E26800F8BD4FF47263238421463046FFF792FFCE
:10E278002046FEF73DFCA561F8BD28682946FBF756
:10E28800BBFADAE700DECCE74C1D0020F0B50C46FF
:10E29800897A83B005460C2900F2DE80DFE811F0A8
:10E2A80012001E004D00560062006C007900DC0070
:10E2B8007C00D2008600C0000D00002A00F0D1804A
:10E2C80003B0F0BD002AFBD1237A082B00F0DB80D5
:10E2D800092B40F0C1800123A372F1E7012AEFD195
:10E2E80019462046FFF7BEFDE38C052B1BD9228D6E
:10E2F800B2F5486F17D8934215D8638DB3F5FA7FF6
:10E3080011D2A08DA0F10A0140F6764689B2B14239
:10E3180009D8013313FB02F3B3EB800F03D294F84F
:10E32800343093420BD940F61E7323842146284685
:10E3380003B0BDE8F040FFF72DBF012AC0D8214641
:10E34800284603B0BDE8F040FFF74ABF002AB7D11E
:10E358000192FEF791FB019A002840F0AF80032359
:10E36800A372ADE7032A79D0042AA9D10F22062384
:10E3780084F82120A372A3E7002AA1D195F93730A8
:10E38800002B7EDA94F8203043B10F2384F8213033
:10E39800CCE7002A94D1C9E7002A91D1284600F099
:10E3A800CFFB002872D00823A37289E7022A87D1FD
:10E3B80095F83720C2F3C011D20975D01946204606
:10E3C800FFF798FD228D931F40F67A419BB28B424E
:10E3D80000F28780638DB3F5FA7F80F08280A08D8C
:10E3E800A0F10A0140F6764689B2B14279D803FB1A
:10E3F8000222B2EB800F74D22846FDF78BFEA38C65
:10E408001B1A47F6FE729BB2934240F2888028237B
:10E4180085F80431284600F0EFFC0023A3724FE78B
:10E42800002A7FF44DAF2846FDF76CFEA38CC01A76
:10E4380003043FF545AF2146284603B0BDE8F04048
:10E44800FFF774BE002A7FF43BAF2146284603B08D
:10E45800BDE8F040FFF738BE00DE31E70523A372C0
:10E468002EE7FEF709FB00283FF42AAF214628468D
:10E47800FFF7F2FD1021284603B0BDE8F040FEF793
:10E488001DBBA261E1E70A23A37219E721462846CA
:10E49800FEF7DEFA002886D0102221462846FFF72C
:10E4A80099FD0A2363810BE784F84410284600F09D
:10E4B80047FB0646B8B10D23A37201E7A669A2611E
:10E4C800002E3AD0032337793371AB8CF38006F1F1
:10E4D8001C012046FFF76AFC2E2F1BD00423A372D1
:10E4E800EEE61E2394E721462846FEF7B1FA0028F7
:10E4F800E1D0072221462846FFF76CFD284600F0A8
:10E508007BFC237A092B88D10D4B1A68954284D15C
:10E518001E6082E730683146FBF76EF9DEE7204679
:10E52800FEF7D8FA0B23A3722846FDF7F3FDA38C58
:10E53800C31A1A043FF5C4AE7DE700DEC2E700BF88
:10E548004C1D00202DE9F0412C4E336804460D4641
:10E558002BB1834203D00123AB72BDE8F081204682
:10E56800FFF750F90028F6D1204600F0DFFA0746F9
:10E578000028F0D129462046FEF76AFA0028EAD09A
:10E588002046FDF7C7FD01218046204600F0C6FA67
:10E59800A5F83680D5F81C8085F834703460EF61B2
:10E5A800B8F1000F1BD008F104012846FFF7FEFB65
:10E5B80098F807306B7341462046FEF767FA2B7AC6
:10E5C800092B08D094F83730DB0901D100DEC4E705
:10E5D80004236B81C1E72046FFF71CF9F2E72946BF
:10E5E8002046FEF73DFA80460028DCD100DE0421F3
:10E5F8002846FFF7DBFB98F80730FFDE4C1D0020AC
:10E60800F8B50C46897A06461546062909D8DFE882
:10E6180001F00430080838640A001DB9237A092B70
:10E6280029D000DEF8BD002DFCD1FDF76BFDA38CD1
:10E63800C01A0304F6D42946304600F06FFA214682
:10E648003046FFF7A1FC237A092B00F0968094F856
:10E658002250002D40F09D802046FEF749FAA56122
:10E668003046FFF77BF9237A092B60D00023A37289
:10E67800F8BD002DD6D121463046BDE8F840FFF759
:10E6880061BF032D6CD0042D5CD0022DCAD1194670
:10E698002046FFF72FFC228D931F9BB240F67A414C
:10E6A8008B4262D8638DB3F5FA7F5ED2A08DA0F15C
:10E6B8000A0140F6764789B2B94256D803FB0222CE
:10E6C800B2EB800F51D22946304600F027FA204697
:10E6D800FEF700FA0623A372F8BD002DA2D1FFF7BA
:10E6E80091F810B10523A372F8BD21463046FEF714
:10E6F800AFF90028F6D02946304600F00FFAE7694E
:10E70800E561002F4DD094F8202094F82110381D91
:10E71800FFF7F2FAFB79637339463046FEF7B6F92C
:10E72800237A092B9CD13046FFF774F898E796F9BD
:10E738003730002B2FDB234B1A68964296D10022E4
:10E748001A6093E7D0F8E0301A2223F00203C0F8E9
:10E75800E030214684F820203046FFF7EDFB7FE7C4
:10E768005B7984F820302146F6E70021304600F036
:10E77800D5F91E2386F8043172E73046FFF754F8BE
:10E78800237A092B7FF463AF94F82030002B3FF4F1
:10E798005EAF0023E5E73046FEF7E0FB0028CAD06D
:10E7A80064E721463046FEF75BF907460028AAD100
:10E7B80000DE042094F8202094F82110FFF79CFA3A
:10E7C800EB79FFDE4C1D002020B592F81FC082B007
:10E7D800054602F11C03BCF1110F0AD8DFE80CF062
:10E7E8002D09090909090926090909090909090950
:10E7F8001E17242380F804310191FFF7AFF801991F
:10E808000B7A092B20D000238B7202B020BD032283
:10E81800284602B0BDE82040FFF7F2BE8B7A012BF4
:10E82800F3D9043B022BF0D900DEEEE70422284698
:10E8380002B0BDE82040FFF7E3BE0222284602B03E
:10E84800BDE82040FFF7DCBE95F93730002B06DB2A
:10E85800074B1A689542D6D100221A60D3E728469A
:10E868000191FEF77BFB01990028F1D0CBE700BFAF
:10E878004C1D002013460022FFF7C2BE70B5D57F9D
:10E8880002F11C03CDB10F2D12D024230E4680F8BF
:10E898000431044600F0B0FA337A092B05D1094B4C
:10E8A8001A68944204BF00221A600023B37270BD34
:10E8B800BDE870400122FFF7E9BCBDE870400222C4
:10E8C800FFF7E4BC4C1D002013460022FFF7DEBC16
:10E8D80000230322FFF7DABC00230422FFF7D6BC8B
:10E8E800D37F012B70B505460C4607D0242380F84A
:10E8F800043100F081FA0023A37270BD8B7A012BDA
:10E9080004D013F0FD0FF8D000DE70BD02F11C0139
:10E918002046FFF707FB2846268CFDF7FBFB361A37
:10E9280047F6FE73B6B29E4202D80223A37270BDA8
:10E93800282385F80431284600F05EFA0023A372E4
:10E9480070BD00BF38B58B7A012B05D0022B0C4661
:10E9580003D0A3B901238B7238BD0546FDF7D2FB5E
:10E96800238CC01A0304F7D404F122012846FDF7CA
:10E97800DFFB284600F040FA0023A37238BD00DE12
:10E9880038BD00BFD0F8A8208A42034608460DD1FA
:10E998008A69A2B90A46D3F8ACC01168C3F8A810AE
:10E9A800624508BFC3F8AC10FEF74AB800DE8A69B2
:10E9B8002AB9D3F8A820002AEDD1FEF741B8127978
:10E9C8002E2AF6D100DEF4E738B5D0F8A8502B7A15
:10E9D800023B0446092B1DD8DFE803F00505051C9A
:10E9E8001C1E1212051700222946FEF7FDFDAB7BFF
:10E9F8002BB129462046BDE83840FFF7C3BF38BDD4
:10EA080000222946FFF760FFF1E700222946FFF7B9
:10EA180099FFECE700DEEAE700222946FDF71AFF36
:10EA2800E5E700BF70B5D0F8A85004461DB394F8C8
:10EA3800B430012B03D1022384F8B03070BD2946CD
:10EA48002046FEF705F80028F5D029462046FEF7AF
:10EA580007F8064688B1311D2846FFF713F8F37901
:10EA68006B7331462046FEF711F801220023AA7382
:10EA780084F8B03070BD00DED9E700DEEBE700BFF8
:10EA8800F8B5D0F8A8500446ADB394F8B430012BCB
:10EA980003D1012384F8B030F8BD29462046FDF79C
:10EAA800D7FF0028F5D029462046FDF7D9FF0646AE
:10EAB80088B32046FEF75AFE2A7A037A934206F173
:10EAC80004071AD0082B1AD02A2194F8D0301BB189
:10EAD800D4F8E0305B0717D43846FFF701F9F3792B
:10EAE8006B7331462046FDF7D1FF01220023AA733C
:10EAF80084F8B030F8BD00DEC7E72321E5E7092A2E
:10EB08000CBF23212A21E0E70A46384694F8B710BB
:10EB1800FFF7F2F8E3E700DECBE700BF80F8B610B6
:10EB2800704700BF704700BF0020704790F8B500DD
:10EB3800003818BF01207047D0F8A800704700BF00
:10EB480090F8B400A0F10100B0FA80F040097047D5
:10EB5800B0F8B830A0F8B230704700BF0023A0F872
:10EB6800B230704738B5D0F8A840F4B1D0F8AC202E
:10EB78002368C0F8A8309442054608BFC0F8AC30F6
:10EB88009CB121462846FDF7C3FF2046FDF758FFF4
:10EB9800D5F8A8404CB1D5F8AC202368C5F8A83002
:10EBA8009442EED1C5F8AC30EBE738BD70B50546F8
:10EBB8000C4639B1042900D070BDFFF7D3FF85F8A2
:10EBC800B04070BDD0F8A860002EF5D0337A112B74
:10EBD80011D832494FF0010C0CFA03F0014061B929
:10EBE80010F4386F07D00A2B13D0CBB195F8B63094
:10EBF800F3B9644604E000DE337A0A2B09D07BB10E
:10EC080085F8B5402846FFF7DFFE032385F8B030C6
:10EC180070BD2846FFF7D8FE052385F8B03070BDD3
:10EC2800D37F86F844302846BDE87040FFF7FABE27
:10EC380095F93710002910DB012B20D0022BBBD10E
:10EC48002846FEF793FD327A037A934221D0082BA7
:10EC58001DD02A2385F8043170BD012BEED128463A
:10EC6800FEF784FD08B1FF23C372012385F8B53090
:10EC78002846FFF7A9FE032385F8B03070BDD37F7F
:10EC880085F8B7302846BDE87040FFF7F9BE092A75
:10EC9800DFD1232385F8043170BD00BF7FF4030062
:10ECA80038B50C468969054610461A46237AE9B1F3
:10ECB8000B2B43D8DFE803F00C4206060642424F0E
:10ECC8003A3A064721462846FEF762FCA16921B177
:10ECD8000B792E2B1CBF0023A361A37B2BB12146EC
:10ECE8002846BDE83840FFF74DBE38BDA261206117
:10ECF8000B2B23D801A151F823F000BF6FED0000C2
:10ED080045ED0000CDEC0000CDEC0000CDEC00009E
:10ED180045ED000045ED00005FED000035ED000019
:10ED280035ED0000CDEC00004FED000021462846EF
:10ED3800FFF7A4FDA1690029CAD1CEE700DEA169C9
:10ED48000029C5D1C9E721462846FFF7C9FDA169B1
:10ED58000029BDD1C1E721462846FDF75DFDA1691F
:10ED68000029B5D1B9E711460029B1D1B5E700BFEF
:10ED780038B50B7A072B0C4605460AD0A37B002230
:10ED880062612BB121462846BDE83840FFF7FABD3D
:10ED980038BDFDF763FDF1E738B50B7A072B0C4654
:10EDA800054608D0A37B2BB121462846BDE838404C
:10EDB800FFF7E8BD38BDFDF755FDF3E70422002352
:10EDC80080F8B020A0F8B230704700BF90F8B0309B
:10EDD800052B0ED8DFE803F0060907030603D0F871
:10EDE800A83023B97047FFF71DBEFFF749BEFFF7EC
:10EDF800EBBD00DEF6E700BF90F8B030052B04D875
:10EE0800DFE803F004151305040500DE7047D0F8A9
:10EE1800A820002380F8B5305AB100230121A0F8BA
:10EE2800B230917380F8B0307047FFF7FBBDFFF741
:10EE380027BE00DEF1E700BF90F8B030052B04D8FC
:10EE4800DFE803F004090B04050400DE7047002323
:10EE580080F8B0307047FFF713BEFFF7E3BD00BF7F
:10EE680090F8B03010B50446052B12D8DFE803F04F
:10EE7800030D09030803FFF775FE042384F8B03077
:10EE880010BDBDE81040FFF7CDBDBDE81040FFF74D
:10EE9800F7BD00DE10BD00BFF0B5044683B00E46D6
:10EEA800154673B1D27F1B2A37D8DFF8C4C090F853
:10EEB80037100CEB4203C9095F7801238B403B40B4
:10EEC80040D11846FDF73EFE074620B300230360F5
:10EED800D4F8AC301BB31860C4F8AC0094F8B03068
:10EEE800052B42D8DFE803F01E2703060606204656
:10EEF800FFF798FDBB7B1BB139462046FFF742FD63
:10EF0800D4F8A81039B12B463246204603B0BDE8E4
:10EF1800F040FFF7C5BE03B0F0BD0023D1E7C4E958
:10EF28002A00DBE72A4600212046FFF73FFEBB7B8D
:10EF3800002BE5D0E0E72046FFF7A2FDBB7B002BC6
:10EF4800DED0D9E71CF812300A2BBAD10193FFF7AB
:10EF580009FE0022A4F8B22084F8B52084F8B02075
:10EF68002046FEF771FD019BABE700DEC2E700BF5C
:10EF780074B6010010B50446FFF7F4FD0023A4F8A9
:10EF8800B23084F8B53084F8B03010BD00B970479D
:10EF980000DE704730B991F8743023F0010381F82E
:10EFA8007430704700DE91F8743023F0010381F863
:10EFB800743070472DE9F041079D9DF8187006469A
:10EFC800A88C4FF6FF7188422ED0314628469046CD
:10EFD8001C46FCF7C7FE38BB2B780133DBB22B701D
:10EFE80033B3144BB5F800019A7A1C8167F3000219
:10EFF8009A72114A013405F1100193600444002209
:10F00800D960C3E9006811460B4BA5F800410120FF
:10F01800F8F762FC50B9FF20FCF7C2FE2846FF2132
:10F02800BDE8F041FCF788BFBDE8F08100DEF2E7FB
:10F0380000DED6E7D00C002084040020012800D090
:10F04800704700B583B00191FAF772FC01998142CB
:10F0580002D103B05DF804FB00DEFAE7C38D23B1EB
:10F0680090F8742012F0010300D0704710B542F0F8
:10F07800010288B00B4C80F8742003310122CDE9DD
:10F0880002320690CAB2CDE90434CDE90033032137
:10F098001846F9F74BFE10F0FD0F01D108B010BD6E
:10F0A80000DEFBE79DEF000038B50C461546FCF77F
:10F0B80011FC58B190F93730002B05DA2A46214661
:10F0C800BDE83840FDF722BE0C2038BD022038BD0F
:10F0D800054B064A10B41F204FF0FF3425211C6051
:10F0E8001871117010BC7047E01E0020AB22002080
:10F0F80010B5044600789DF808C002FB01111A4AB1
:10F10800014482FB01020A44521102EBC20002EBE5
:10F1180080028A1AD0B2C1082070595C02F0070236
:10F1280041FA02F212F001021DD1B0FBFCF10CFB16
:10F1380011015C1EC9B20433104600F1080E14F820
:10F14800012F5FFA8EFE12F0010F00F1010C4FEA59
:10F15800520202D039B10139C9B25FFA8CF0864542
:10F16800F1D19C42E9D110BDA7C867DD428800886B
:10F1780050407047F0B5304D304C48404FF0030CCC
:10F18800060A5FFA80FE0EEB8E2E06EB862004EA56
:10F19800401705EA400605EA4E0004EA4E1E3E43C3
:10F1A80040EA0E0000EB002706EB062E06EB0E26C3
:10F1B80000EB0720C6F30746C0F3074040EA0620E5
:10F1C80000EB00100CF1FF3C08441CF0FF0C80B26F
:10F1D800D6D141401A48A0FB01400C1A00EB54005C
:10F1E800400900EBC00400EB8400081AC0F3C40413
:10F1F80000F00705145D2C41E407C0B21AD401FBE6
:10F2080003F3561EC3F307430432604600F10805B2
:10F2180016F8011FEDB211F0010F00F101044FEAD9
:10F22800510102D033B1013BDBB2E0B2A842F2D1C6
:10F238009642EBD1F0BD00BF1021020040840800C7
:10F248004D91CFBA00F002BB10B584B0079BD3E94B
:10F2580000209047012812D004460DF10F010DF14E
:10F268000E00FAF727FB0021064B00919DF80F20AE
:10F278009DF80E000121F9F771FD034B1C6104B0E4
:10F2880010BD00BF95F20000E00C002000B585B06D
:10F298000DF10F010DF10E00FAF70CFB9DF80F2090
:10F2A800064B9DF80E00002101320091D2B20221D6
:10F2B800F9F754FD05B05DF804FB00BF55F30000F5
:10F2C800F0B58DB00E4605460DF12F010DF12E005B
:10F2D8001C461746FAF7EEFA9DF82FC006940CF173
:10F2E800010C0024CDE90744CDE90344CDE90144EC
:10F2F8009DF82E00059700962B465FFA8CF20121A7
:10F30800F9F7A2FC10F0FD0F0AD006480094064B4E
:10F3180004619DF82F209DF82E000121F9F71EFDAC
:10F328000DB0F0BDE00C002095F2000070B5059D11
:10F338000446FAF7C5FA2B462046034ABDE8704052
:10F348000621FFF7BDBF00BF51F20000014805F0DC
:10F35800B9B800BFE81E002070B50446059DF9F74E
:10F368006BFD2146F9F76AFD062800D970BD2B46CA
:10F378002046034ABDE870403121FFF7A1BF00BF16
:10F3880035F3000008B50122002102480BF09BF874
:10F39800002008BDE81E0020024BA0F2A462C3E9C9
:10F3A80000207047E00C00200020F9F72FBC00BFB8
:10F3B80008B5F9F741FD014B986008BDE00C002045
:10F3C800684620F007018D4601B501F029FCF4F7E5
:10F3D800D1F8BDE801408546704700BF08B50A4B23
:10F3E800D3F840213AB90120F8F7D8FABDE8084027
:10F3F8000220F8F7D3BA0020C3F84001D3F840310F
:10F40800F9F710FCEFE700BF00B000400020F8F764
:10F41800C5BA00BF90B90E4B0E4A197810788842C9
:10F42800CBB20DD10C480D4990F800C001331370D0
:10F438000B78634507D003780B70704700DEEAE766
:10F4480000DE1378EEE700DE03780B70704700BF2C
:10F45800AC220020AD220020B1220020B0220020E2
:10F468000B4A0C4B117893F800C08C450DD01278DC
:10F478001A70094A094B18B911781878884202D0CD
:10F4880012781A70704700DEFAE700DEEFE700BF77
:10F49800AF220020AE220020AC220020AD220020A6
:10F4A80001F0E6BC08B50B480B4B027819788A4284
:10F4B8000CD00A4B01700022039898601146012075
:10F4C800F8F70AFA00B908BD00DE08BD00DE1978B1
:10F4D800EFE700BFAC220020AD22002094040020FA
:10F4E8002DE9F041304A314E127833789A428AB089
:10F4F8000C4605D12E4B2F4A1B7812789A4247D0DA
:10F508002768DFF8B48007F12D0525F07F45D8F886
:10F5180000102846F9F792FC10F4000002D10AB056
:10F52800BDE8F081254A264B11781A78914213D10B
:10F538001F4A20491278097891420DD01A78013271
:10F54800D2B21A7000221F4B009211461046F9F7EA
:10F5580005FC10F0FD0F24D11B4BE168C8F80050E2
:10F568000022CDE90732194BCDE90322CDE9053157
:10F57800CDE901222D23009334780134E4B23B46CF
:10F58800114610463470F9F75FFB0AB0BDE8F08108
:10F598000768DFF8248007F12D05044625F07F452C
:10F5A800DAE700DE00DED7E7B0220020B122002033
:10F5B800AC220020AD220020001F0020AE22002037
:10F5C800AF22002069F400001DF40000ADF4000033
:10F5D8007A4A9368002B00F096802DE9F04F136863
:10F5E80089B08146002B46D04FF0FF338DF80A30A2
:10F5F8000DF10A00FAF7DEFA044600283BD0037F33
:10F608009907F5D1857A15F00205F1D1C3684B4504
:10F6180055D00668A8462F460DF10A00FAF7CAFA2F
:10F628008346F0B1027F9207F6D1827A9307F3D42A
:10F63800C268B8F1000F21D04A4558D0DBF800A0C5
:10F6480031465046F9F7FAFB00F4000000280DF1A6
:10F658000A001CBF5F465646FAF7ACFA83460028F4
:10F66800E0D1002F08BF274639463846FFF738FF54
:10F6780030F0020339D109B0BDE8F08F91458046DA
:10F68800DCD1237FE16843F0020323772046A36996
:10F698009847FF238DF80A300DF10A00FAF78AFA25
:10F6A80004460028E7D0037F9F07F5D1837A9E0799
:10F6B800F2D4C3684B4502D000DED0F80C903F4A24
:10F6C8004846D2E9001303AA98470646002843D0C3
:10F6D80010F1100F59D0394A0020936811689847E3
:10F6E80016F10B0F10D08C36C5D000DEC3E7227F91
:10F6F800E16842F0020222772046A2699047D84585
:10F708007FF472AFC5E770472C4A0023D2F80890FF
:10F71800D2E9004802261360FF278DF80B700DF11F
:10F728000B00FAF747FA90B1037F9A07F7D40DB99F
:10F73800DB07F4D4C368A342F1D1037F826943F0A5
:10F7480002030377214690478DF80B70E7E7012500
:10F75800AE420AD02E46E0E7237FA269E16843F073
:10F76800020323772046904785E70022CDE904224B
:10F778000692039B00964946404604AA0794FAF766
:10F78800D1F900287FF477AFAFE7A37A43F00203FB
:10F79800A3720DF10A00FAF70DFA014600283FF4AA
:10F7A8006AAF037F9D07F4D1837A9C07F1D4FFF7F2
:10F7B80097FE30F002033FF45EAF96E7F80C0020A6
:10F7C80010B517480AF0F5FC30B3164B00249C60BE
:10F7D80000F068FA00281EDB224621460120F3F7D4
:10F7E80065FE224601210B20F3F760FE21462246E2
:10F7F8001820F3F75BFE0C4B1022C3F804230120FA
:10F80800F3F724FE0B20F3F721FE1820F3F71EFE72
:10F8180001F020FA204610BD6FF0120010BD00BFA5
:10F8280060AD0100F80C00200010004008B500F0A1
:10F838004BFA002809DB0120F3F716FE0B20F3F73B
:10F8480013FE1820F3F710FE002008BD03460348F6
:10F858008AB2194683681B68184700BF60AD01006B
:10F8680030B4074DAB685C6834B18AB2A44601462F
:10F878000023284630BC60476FF0570030BC704703
:10F8880060AD01000020704770B5044682B00028C2
:10F8980033D0204B1A68824229D0FF250DF107008A
:10F8A8008DF80750FAF786F9034640B91DE0A142E2
:10F8B8000CD00DF10700FAF77DF90346A8B11A7FBD
:10F8C8009207F6D4D9681846002CF0D11A7F9E69A1
:10F8D80042F002021A77B0470DF107008DF8075081
:10F8E800FAF768F903460028E9D102B070BD9B68B1
:10F8F8006BB1014600209847CFE7064A9368002B72
:10F90800CBD011680029C8D000209847C5E700DE91
:10F91800C3E700BFF80C00200020704710B504466C
:10F92800FAF73AF98CB90D4B9A68AAB11C6800220B
:10F938009A601A6004B124680020FAF755F9204645
:10F94800FAF7E2F928B1002010BD0028F3D100DE53
:10F95800F1E700DE002010BD00DEE7E7F80C00202C
:10F968002D20704710B51446F9F766FA2146F9F7C5
:10F9780065FA030204D40230092898BF002010BD9C
:10F98800002010BD262810B5044613D0272809D01A
:10F99800252817D1022001F0D1F92046BDE81040F2
:10F9A80001F0D2B9502001F0C9F92046BDE8104055
:10F9B80001F0CAB91A2001F0C1F92046BDE810408B
:10F9C80001F0C2B90A2807D927280AD900DE20463B
:10F9D800BDE8104001F0B8B90230400001F0AEF9BE
:10F9E800DBE70330400001F0A9F9D6E701F00ABAD5
:10F9F80001F010BA08B501F03BFABDE8084001F083
:10FA080075BB00BF08B501F033FA01F06FFBBDE824
:10FA1800084001F033BB00BF08B501F029FA01F036
:10FA280065FB01F049FBBDE8084001F027BB00BFBA
:10FA380008B50146114801F003F901F045FA60B133
:10FA480001F0ECFB01F03CF900F080F900280EDB36
:10FA5800BDE808400020FFF761BF01F0E9F901F0B7
:10FA6800DDFB01F02DF900F071F90028F0DA00DE75
:10FA78000020BDE80840FFF751BF00BFA9F400000F
:10FA880010B5044601F0F4F901F030FB01F014FB65
:10FA980001F0F4FA2046BDE81040FFF7C9BF00BFE7
:10FAA80010B5044601F0E4F90D48214601F0C8F804
:10FAB80001F00AFA40B100F049F900280ADBBDE874
:10FAC80010400020FFF72ABF01F0B2F900F03EF91C
:10FAD8000028F4DA00DE0020BDE81040FFF71EBF62
:10FAE800A9F400002DE9F04F89B01F469DF848B0F1
:10FAF800FF238046894692468DF81F300DF11F007E
:10FB0800FAF758F8002846D0037F9D07F6D1837A84
:10FB18009C07F3D405683E689DF81F30059304469A
:10FB280029463046F9F78AF9BBF1000F53D0BC4299
:10FB380008BF002426460DF11F00FAF73BF8D0B1A4
:10FB4800027F9107F7D1827A9207F4D40268049071
:10FB5800294610460392F9F771F9039A049B00F4B9
:10FB6800000000280DF11F001CBF15461E46FAF7BD
:10FB780021F80028E4D1059B8DF81F30314B9A6895
:10FB8800002A30D17EBB54B1BBF1000F48D1BC4232
:10FB980005D000DE03E02B4B9A68044612BBFA68D6
:10FBA8001A60C3E901893846D04704460DF11F00A1
:10FBB800FAF700F8014650B1037F9A07F6D1837A25
:10FBC8009B07F3D4FFF78CFC30F0020333D12046B7
:10FBD80009B0BDE8F08F0002A9D5FF23354605938B
:10FBE8005C46A7E706464946CDF800B0534640466E
:10FBF8003A46F9F797FF014680B1BBF1000F0AD1E9
:10FC0800BB7A980707D4C6B13046FFF769FC30F0D5
:10FC1800020300D000DE6FF07604D8E700DEECE7E0
:10FC2800CDF800B053463A4649464046F9F77AFFC0
:10FC38000028F0D1EEE700DEC9E7002C14BF264605
:10FC48000E46E1E7F80C002001F1100004F03ABC80
:10FC580070B5054688B00C460122002104A80AF0B8
:10FC680032FC0F4B0193002603236946284603966E
:10FC7800029306F0CAFB002810DB31464FF400431C
:10FC880040F2E730E4FB03014FF47A720023F0F707
:10FC980033FD02460B4604A804F048FC08B070BDCA
:10FCA80051FC000010B50120064C02F01BF800239F
:10FCB8000121A1606360E3602146BDE8104006F0C1
:10FCC800A4BB00BF081F002010B5012002F00AF8ED
:10FCD8000449044606F008FC2046BDE8104006F03A
:10FCE800DFBB00BF081F00200C4B1A780AB10020A8
:10FCF800704710B50120187001F0F4FF4FF47A71C5
:10FD08000446FFF7A5FF38B9204606F0C9FB0228CC
:10FD18000CBF00206FF0040010BD00BFB22200200D
:10FD280008B5094BBFF35B8F53E8002F511C43E81C
:10FD380000100028F8D1BFF35B8F002A01DC01F026
:10FD4800D9FF002008BD00BF041F002008B50E4BD6
:10FD5800BFF35B8F1A68BFF35B8F002A10DDBFF318
:10FD68005B8F53E8002F511E43E800100028F8D19C
:10FD7800BFF35B8F012A01DC01F0D2FF002008BD30
:10FD88006FF0770008BD00BF041F002032207047C5
:10FD9800014B33F810007047ACB6010010B50446AB
:10FDA800FFF73AFE01F07EF92046BDE81040FFF764
:10FDB8003FBE00BF38B5044601F084F8FFF71AFECD
:10FDC800962001F0A3F9002318461A46194601F0B7
:10FDD800E7F80120F9F74AFEF0B11C3001F006F807
:10FDE80001F05CF800BB2146104800F029FF01F043
:10FDF80069FA00210446084601F00EF8002105467C
:10FE0800084601F005F82C44CB34201A01F012FA08
:10FE1800BDE8384001F048BA00DE1C3000F0E6FFCB
:10FE280001F03CF80028DED000DEDCE789020100A2
:10FE380010B50446FFF7F0FD01F034F92046FFF74E
:10FE4800F7FD054B0021012208469C60F7F744FDA9
:10FE580000B910BD00DE10BDA4040020814208B521
:10FE68000ED00B7ADB0702D46FF08B0008BD0C4B69
:10FE78001360FFF755FF00280FDB6FF00A0008BD7D
:10FE88000B7B01EB83010B691B7803F00F03012B3C
:10FE98000CBF00206FF08B0008BD00DEEDE700BF4F
:10FEA800B501010010B548B10C46FFF74FFF002817
:10FEB8000BDB2046BDE81040FFF730BD044800F0DA
:10FEC800BFFEBDE8104000F0B3BF00DEF1E700BFA1
:10FED800A5FD0000084B042210B598182821F7F753
:10FEE80001FC064B00249C810222214604480AF0AA
:10FEF800EAFA204610BD00BF401F0020301F002036
:10FF0800201F0020084B042210B598182821F7F765
:10FF1800E9FB064B00249C810222214604480AF092
:10FF2800D2FA204610BD00BF401F0020301F00201D
:10FF3800201F002010B504460548F7F7F7FB20B14D
:10FF4800034600205870636010BD6FF00B0010BDB1
:10FF5800401F0020034600201870587098607047B2
:10FF680038B51E4D2B7B6A7B9A4202D055F8234048
:10FF780034B91B48F7F7DAFB044680B1204638BD90
:10FF8800184804F0F9FA2B7B6A7B9A42F6D00133C1
:10FF9800DBB2032B08BF00232B73204638BD114862
:10FFA8004FF42032002304F0C1FAA0B90D4804F040
:10FFB800E3FA2A7B6B7B93420BD0531CDBB255F8D8
:10FFC8002220032B08BF00232B7312B114462046AE
:10FFD80038BD00DED2E700DEE8E700BF301F0020B2
:10FFE800401F0020201F002010B5027843789A4255
:08FFF80014D0D4B24470027869
:020000021000EC
:10000000944204D05A1C4370D3B2022B0ED01A462D
:1000100000EB82040B70606800B110BDFFF7A4FF15
:10002000606010BD0133DBB2022BF0D10022134619
:10003000EEE700BFF8B5027843789342044625D036
:10004000D5B2154A507B92F80CC0431CDBB2032B8F
:1000500004EB850708BF00239C450E46796806D04F
:1000600042F8201053730D4804F030FA00216B1C45
:10007000DBB2022B0ABF00221A46134679602370B6
:10008000012104EB820431706068F8BD1A4604EB6C
:1000900082046068F8BD00BF301F0020201F0020D0
:1000A00030B5037AC3F302130446002B93FAA3F08E
:1000B000B0FA80F008BF4FF0FF3083B000F10100CC
:1000C0003AD0217A5A1E134063F30611217224306C
:1000D000FFF75CFC00230DF1070104F10C008DF823
:1000E0000730FFF7A7FF054620B3284600F088FE3B
:1000F0002B7803F00F03022B13D00DF1070104F14D
:100100001800FFF797FFE0B121460F4800F09CFD73
:10011000962000F0FFFF002003B0BDE8304000F063
:10012000FBBE0A48214600F08FFD03B0BDE8304019
:1001300000F09ABF00DED8E700DE237AC3F3021393
:10014000BFE700DEE0E700BFBDFD0000A101010048
:1001500010B50446FFF764FC237A03F07102012A0C
:1001600005D1C3F3420262F306132372DBB213F02C
:10017000700F05D0636853B193F82C309B0706D5F8
:1001800000F094FF2046BDE81040FFF755BC204624
:10019000FFF786FF00F04AFEBDE8104001F088B886
:1001A00010B5044600F092FE2046BDE81040FFF76F
:1001B000CFBF00BF70B5C36804461E68F8F740FEA5
:1001C00005463046FFF7D0FB00232D1AC4E9005343
:1001D00023812046BDE87040F1F726BC10B582B0FF
:1001E0000446FFF7A1FD002809DB084A0849094831
:1001F00000940023F9F7BAFD18B902B010BD00DE73
:10020000F3E77730F9D000DEF7E700BF291A0000E6
:10021000ADFE000065FE0000F8B5079D9DF8187062
:100220009DF820400E462DB10C78B2EBD41F16D0AD
:100230000020F8BD417A01F00301012901D9002C09
:10024000F6D03178B2EBD11FF2D1062206F10801C7
:1002500018460AF02AFCB0FA80F04009F8BD1846AA
:10026000062208310AF021FC0028E1D1C4F38014F1
:10027000BC42DED10622B11C28460AF016FCB0FAB8
:1002800080F04009F8BD00BFF0B587B0044600F02B
:1002900013FEC0B2002800F08B8000F02FFE054650
:1002A00000F018FFEDB2064600F01EFF00F0F4FE6D
:1002B000FFF7B6FB45B95848214600F0C5FC07B02A
:1002C000BDE8F04000F0B8BDFF2301208DF81730E5
:1002D000F9F7D0FB0546002800F09880237B95F8BD
:1002E0001CE004EB830305F11C011F693B46F6B2D9
:1002F00013F802CB0CF00F00012808BF07F108002B
:10030000CCF380124FEADC170EF00F0C18BF002060
:10031000BCF1030F4FD0BCF1050FCCD16D7F222D66
:10032000C9D16568002DC6D095F82C50AD07C2D450
:100330000DF11705CDE90106009720460395FFF75B
:100340006BFF0028B7D00420F9F794FB0028B2D047
:100350003248214600F078FC00F06EFD00F0A2FD6E
:10036000002855D1626892F82C3043F0010382F8DE
:100370002C30F9F799FB17224FF6FF730271C380F7
:100380008460054600F048FF286100F099FF0021D5
:100390000446084600F044FD241A6C61F9F784FB1A
:1003A000E8602868294607B0BDE8F040F9F7A6BB29
:1003B000FFF736FB7FE7697F0C297FF47CAF0028CD
:1003C0007FF479AF617ACF0702D5002E3FF473AF87
:1003D000B2EBDE1F7FF46FAF062205F12401184651
:1003E0000AF063FB00287FF466AF0D48214600F059
:1003F0002BFC00F039FE237E04EB8303D86900F068
:10040000FFFC00F04FFD28B907B0F0BD00DE65E746
:1004100000DEA7E700DEF7E75101010039FE00002A
:10042000A1010100F8B50546FFF7FAFAF9F762FCF9
:10043000044600283CD01F4B1F4A1B7811781F48E8
:10044000A2795B0001F0010103F002030B4322F0EB
:1004500003020188A180012013432070A37119B108
:1004600095F92730002B04DB2846BDE8F840FFF75C
:10047000E3BA95F82C30C3F30213022B16D0042BE9
:100480000CBF4FF4BC77282700F006FF064600F0AB
:1004900009FF361AA660EA6BC4E903270023EB6361
:1004A0006B642846BDE8F840FFF7C6BA1827EBE7AB
:1004B00000DEC0E7B4220020B522002096220020F2
:1004C00008B500F025FD02780346012161F3010221
:1004D0001A70002008BD00BF00207047704700BFA1
:1004E00030B4074A074D084C0848094900231380D7
:1004F000084A2B80237003700B70137030BC704758
:100500009622002098220020B5220020B62200204A
:10051000B4220020B3220020814207D091F82C3071
:100520005B070BD50B4B188840B97047094A0A4B3B
:10053000128819781AB941B100DE03E0064B1B7826
:10054000002BF9D16FF08B00704701221A706FF009
:100550000F00704798220020B322002038B50D46C6
:1005600068B30446FFF7F6FB00283EDBE268238908
:10057000518B938301330B4492F927105383002945
:1005800011DBF9F7B7FB70B3837923F0030343F072
:100590000203012100220170828083712846BDE898
:1005A0003840FFF7BFB92089136B916B00FB033311
:1005B0000B44516B8B4228BF0B469363E1E791F9E3
:1005C0002730002B07DB2946094800F03DFBBDE83A
:1005D000384000F031BC074B1B88002BF3D1064B91
:1005E00001221A70EFE700DECEE700DEBEE700BFB3
:1005F0002504010098220020B422002038B50446CA
:100600000120F9F737FA0546A8B10021697794F877
:10061000494004F00704204600F058FBA2000820DF
:100620001B2142F0010200F0BBFB05F11C00BDE8FC
:10063000384000F0DFBB00DEE7E700BF38B5044616
:10064000FFF7DCF9244AA08913880133138000F0F6
:1006500061FD94F8482094F84900C2F3C00300F00B
:10066000070002F00702002100F09EFC2046FFF781
:10067000C5FF00F017FC60BB00F028FE258A03468A
:1006800094F8490001210D3500F007001D4400F0E9
:10069000C7FB94F8493003F00703022B054416D03A
:1006A000042B0CBF4FF4BC73282394F84800C0F30C
:1006B000C00100F007001D4400F0AEFB281A00F056
:1006C000BDFD21460548BDE8384000F0BDBA1823FD
:1006D000EBE700DED0E700BF982200209D07010075
:1006E000F0B5054683B001AAC06C0F46296DF7F737
:1006F00087F895F862305A07064638D448B3019C0B
:1007000095F8613095F8602004341C4412B9627881
:1007100085F8602033B12378012262F3010323704E
:1007200095F8613095F86020D31A63702846FBF77E
:10073000E9FC637883422AD960700122237803F0B0
:100740000F03002143EA02132370A1703C6003B041
:10075000F0BD43F0040385F8623000F0D9FB044695
:10076000237823F0100323703C6003B0F0BD43F006
:10077000040385F8623000F0CBFB0446002EEFD076
:10078000037843F0100303703C6003B0F0BD32689F
:100790002B6DD21A18BF0122D0E700BF2DE9F0431C
:1007A00083B0044600F088FBC0B200286BD000F094
:1007B000A5FB5FFA80F800F06FFCFFF727F9A84A65
:1007C0001388012003441380F9F754F907460028E1
:1007D00000F0ED80B8F1000F18D1A24B1E78002E6A
:1007E0005CD1012201A920461A70FFF779FF94F924
:1007F0002730002B80F23081666CB146002E00F06D
:10080000D1804FF00009019D464652E094F86230D5
:100810003A7F03F00101C2F38000884200F0A38018
:1008200094F9272081F0010161F30003002A84F884
:10083000623005DA94F82C3043F0080384F82C3049
:1008400094F8623013F0040840F0C88001ADD4E998
:1008500013012A46F6F7D4FF064670B194F86130CA
:10086000019A1A445279134494F86020DBB29342FF
:10087000C0F0C38000F0DD8000DE94F862303A7F83
:100880004FF0000972E0FFF7C1F87748214600F009
:10089000DBF903B0BDE8F04300F0CEBA013EF6B29A
:1008A00001A920461E70FFF71BFF002E9FD1019D5E
:1008B000C1466D48214600F0C7F900F0D5FB94F819
:1008C00062202B7862F3C3032B7094F862302A788D
:1008D000C3F3400363F382022A7094F8481001F0D6
:1008E00007084046C1F3C00100F0F0F94FEA880262
:1008F00042F001021B21082000F052FA284600F0C5
:100900007FFA00F0CFFA002870D100F0C5FC80B16A
:10091000B9F1000F14D0A08A4FF6FF7398426FD040
:100920004946FBF783FB7EB903B0BDE8F043F9F716
:10093000DDB800F0A5FC00F0A9FCB9F1000FEAD188
:1009400016B903B0BDE8F083F9F7AEF803233B71A5
:10095000A38A3868FB803946F9F7B8F803B0BDE8D8
:10096000F043F9F7C3B84FF0000901ADC2F3C0027C
:10097000C3F340039A4246D000263A4A3B4B00203C
:1009800010702946012220461A70FFF7A9FE94F93B
:100990002730002B47DB3B7FDA0603D4019D2B7801
:1009A000DB0625D5324B1B783BB1019D81E700DE8C
:1009B000B8F1000F3FF411AF28E7E08900F0AAFB7F
:1009C00094F8490000F0070000F0A6FA29482146F3
:1009D00000F03AF900F06CFC019D70E723F004038D
:1009E00084F8623000F094FA01AD46E700DE8CE74F
:1009F0006B78002B3FF45DAFD4E784F861303CE7BF
:100A000000DEA08A8CE70320F9F734F80028B3D081
:100A100094F8623083F0020384F862307E7F003EF7
:100A200018BF0126A9E7636CB046002B7FF4EBAE3C
:100A3000B1E74246206DA4F8608004F14C01F6F75E
:100A4000E7FE019B1B683360019B1E60DDF804908C
:100A500094F862303A7F89E70026B146A2E700BFEA
:100A600096220020B622002025040100B522002095
:100A7000B32200203D06010010B582B00446FFF706
:100A800053F9002809DB084A084909480094002363
:100A9000F9F76CF918B902B010BD00DEF3E7773052
:100AA000F9D000DEF7E700BF591B00005D0501002B
:100AB000190501004FF080530246D3F8A41001310C
:100AC00007D04FF08051D1F8A00010F0010009D1FB
:100AD0007047D3F8A8304FF6FF719BB28B42F0D12C
:100AE00000207047D1F8A4301360D1F8A8301371FA
:100AF000C3F3072363F03F035371D1F89030013300
:100B00001CD0D1F89430013318D0D1F8983001338B
:100B100014D0D1F89C30013310D0D1F89030C2F805
:100B20000630D1F89430C2F80A30D1F89830C2F8C3
:100B30000E30D1F89C30C2F8123008E00023C2F821
:100B40000630C2F80A30C2F80E30C2F81230012066
:100B5000704700BF00234FF0805203604360836002
:100B6000C360D2F88030013318D0D2F8843001331A
:100B700014D0D2F88830013310D0D2F88C30013341
:100B80000CD0D2F880300B60D2F884304B60D2F8B1
:100B900088308B60D2F88C30CB60704700230B60BC
:100BA0004B608B60CB607047054B4FF48032002167
:100BB000C3F80815C3F84423C3F80423704700BFE3
:100BC00000B00040054B1878421C1A7018B9044B4D
:100BD00001221A6070470120704700BFB722002031
:100BE00000B00040074B187848B10138C0B2187007
:100BF00018B9054B01225A6070470120704700DE8A
:100C00001878F2E7B722002000B00040014BD3F87B
:100C10000405704700B00040024B00F5A87043F88F
:100C20002010704700B00040044BD3F8103123B1BE
:100C3000034A044B10681B681847704700100040B7
:100C4000E8200020EC200020024A034B11601860CD
:100C5000704700BFE8200020EC2000204FF08043C8
:100C60004FF0FF320021C3F8002EC3F8042EC3F862
:100C7000081EC3F80C2EC3F8101EC3F8142EC3F8B8
:100C8000182EC3F81C2EC3F8202EC3F8242EC3F848
:100C9000282EC3F82C2EC3F8302EC3F8342E7047FC
:100CA000074B084810B44FF4905100244FF41052F1
:100CB000C0F81845C3F80018C3F8042810BC7047E2
:100CC00000F0014000100040704700BF054B0228B3
:100CD0000CBF0421032140F20122C3F81015C3F810
:100CE000502670470010004003281BDC11D000285C
:100CF00013DA031D1DDA10F1080F1CDA10F10C0FC6
:100D000015DA10F1100F18DA10F1150FCCBFEC2026
:100D1000D8200B4BC3F80C057047094B0020C3F8D3
:100D20000C057047064B0420C3F80C057047F420EF
:100D3000EFE7FC20EDE7F820EBE7F020E9E700BF64
:100D400000100040014BC3F8080570470010004038
:100D5000084B00F07F00C3F85405D3F8182522F0A3
:100D60000072C3F81825D3F8182542F00072C3F8B2
:100D70001825704700100040084A00210123C2F8DE
:100D80002C15C2F83035C378C2F824358178038831
:100D900043EA01431B02C2F81C35704700100040B3
:100DA00002F01C03A3F1080302F00302B3FA83F379
:100DB000013A5B091B06022A98BF43F4801300F036
:100DC0000F000A4A184340F48070C2F81405D2F8A4
:100DD0001805074B0340C2F81835D2F818351943E7
:100DE00041F44031C2F81815704700BF00100040B0
:100DF0000000F8FE014BC3F80405704700100040E6
:100E0000014BC3F8040570470010004002280CBFD6
:100E100028202920704700BF0120704729207047F3
:100E200002280CBF06200A20704700BF014B012298
:100E30001A607047001000400B4B0C480C4910B46E
:100E40004FF41064C3F8084501224FF480245A601F
:100E5000DA60C0F84843074CC3F808450020C1F8E1
:100E600000020A6110BC704700F0014000B0004071
:100E700000100040C001700C094B0022C3F8002193
:100E8000D3F80011C3F80421D3F80411C3F80C21DE
:100E9000D3F80C11C3F81021D3F81031704700BFFC
:100EA00000100040034BD3F80001003818BF0120A8
:100EB000704700BF00100040034BD3F80C0100380E
:100EC00018BF0120704700BF00100040012070478C
:100ED000034BD3F85005B0FA80F04009704700BFCB
:100EE00000100040044B40F20312C3F83425C3F84D
:100EF0003805C3F83C15704700100040034BD3F889
:100F00000004003818BF0120704700BF00100040E7
:100F100000487047E81F0020F0B41D4B1D4D1E4EC9
:100F20001E4C1F4F0322C3F800222A78C6F86875AA
:100F300002F10C03DBB2D000DB00910003F180432F
:100F400000F1804003F5F83300F5F83001F18041FD
:100F5000C6F86C0501F5104104EB82041148C3F892
:100F60001045C3F81405D1F840352D2B8ABFD1F8B0
:100F7000403501232D3BC1F840350132064B4FF47B
:100F8000106102F00102C3F804152A70F0BC70472A
:100F900000100040B822002000F0014040910040C5
:100FA0000C110040041000402DE9F041284E294C5E
:100FB000294FDFF8A8E0DFF8A8800323C6F8003245
:100FC0002178CEF8688501F10C03DBB2DB00CD009F
:100FD00003F1804303F5F83305F1804507EB810702
:100FE00005F5F835CEF86C554FEA810CC3F810754D
:100FF00049F63465C3F814654AF24E23022A18BF35
:101000001D460CF1804C42F2B84241F24A5302288C
:1010100018BF13460CF5104C124A2B44A2FB0323B5
:10102000DCF84025B2EB931F85BF9809DCF840350A
:1010300001231B1ACCF840350131084B4FF41062E4
:1010400001F00101C3F804252170BDE8F08100BF63
:1010500000100040B82200204091004000F0014004
:101060000C110040D34D62100449054B03204FF48E
:101070001062C1F80002C3F8082570470010004054
:1010800000F00140034B0022C3F81C21D3F81C31AF
:10109000704700BF00100040034BD3F81C0100381C
:1010A00018BF0120704700BF00100040034AD2F86B
:1010B000403623F0FF03C2F840367047001000406E
:1010C000034B0022C3F81421D3F81431704700BF3A
:1010D00000100040034BD3F81401003818BF012062
:1010E000704700BF00100040014BD3F81004704758
:1010F000001000400449054B054A4FF48020C1F818
:101100004803C3F80825704700B0004000F00140D4
:10111000C001700C034B044A1B7803F5A87342F816
:1011200023007047B822002000900040F0B4A2F5E0
:1011300074232F4DA3F51073AB42044606D902F178
:10114000E87202F5D432013902F5A572294B2A481A
:101150002A4D2B4E0127DF600027C3F80475A0FB42
:1011600002020427C3F81075900C0227C3F8087513
:10117000244AC3F84005C5F848154FF48021C5F846
:1011800044134021C2F84065C2F84435C2F8041542
:1011900044B34FF48013C2F804351B4A194B1B4D5E
:1011A0000124D46000210424C2F80415C2F81045BB
:1011B000C2F80815C3F828290C32C3F85055C3F8F3
:1011C000542502F5AF32124CC3F8584502F5FC72B3
:1011D000C3F85C250F49C3F860150832C3F86425CD
:1011E000F0BC70474FF40013C2F80435D5E700BFD8
:1011F000BFBDF07F0080004083DE1B4300B0004095
:1012000048B1004000F00140009000400C11004047
:101210004091004044910040014BD3F8480570478D
:1012200000B000400349044A01234B600B61536046
:101230001361704700800040009000400449054B56
:10124000C1F844054FF08862C3F80425704700BF19
:101250000080004000F00140054B06480649074A5F
:10126000C3F84805C3F84C15C3F80425704700BF00
:1012700000F0014000110040408000408000000468
:10128000014BD3F84405704700800040014B1860C3
:10129000704700BFE41F0020014B1868704700BF73
:1012A000E41F0020014BD3F8400570470080004048
:1012B000024B4FF00062C3F80425704700F0014074
:1012C000014BD3F84805704700800040014BD3F82C
:1012D00048057047008000400139012905D80B20DE
:1012E0000AB1F2F7B7B8F2F7C3B800DE704700BF33
:1012F00029B10139012905D80B20F2F7CDB8182002
:10130000F2F7CAB800DE0020704700BF88420BD059
:10131000012803D0022809D000207047A1F1020063
:10132000B0FA80F04009704701207047A1F1010038
:10133000B0FA80F040097047012908D0022906D090
:1013400059B9074B4FF08072C3F800217047044B26
:101350004FF40062C3F80021704700DE704700BF01
:1013600000E100E008B509F0A6F908BD032803D89C
:10137000054B185C28B1704700DE034B185C002851
:10138000F9D100DE704700BFD4B60100013810B4B7
:101390001C46042806D8DFE800F008111A230300D1
:1013A00004292FD000DE10BC70470429FAD1194B54
:1013B0009C6010BC02210020F6F792BA0329F1D1FB
:1013C000154B01219C6010BC0846F6F789BA042928
:1013D000E8D1124B9C6010BC02210120F6F780BAC4
:1013E000032908D00429DDD10D4B02219C6010BCDB
:1013F0000846F6F775BA0B4B9C6010BC0121022021
:10140000F6F76EBA084B9C6010BC02210320F6F779
:1014100067BA00BF04050020F4040020E4040020A3
:10142000C4040020D4040020B4040020014600209D
:10143000FFF7F2BB124B30B4012104460020596083
:10144000C3F80445C3F80001C3F80401196005E0BE
:10145000D3F8042132B9D3F804251AB1D3F8002106
:10146000002AF5D05960D3F80421002AE7D1D3F837
:101470000455002DE3D0C3F8042530BC704700BFED
:1014800000E0004070B5114C0126D4F804556660A8
:101490000E20F1F7EDFFD4F8040140B10021C4F8AB
:1014A0000411D5E90E323046BDE870401847D4F833
:1014B000003143B1C4F80001D5E90E3205F1200135
:1014C000BDE87040184700DE70BD00BF00E000407E
:1014D00070B58CB00E4615460146102268461C4673
:1014E000F6F75CF910220DEB02003146F6F756F9DB
:1014F0006846FFF79FFF25B1102208A92846F6F796
:101500004DF92CB108AD0FCD20606160A260E360A1
:101510000CB070BD10B5094C0A44914200D110BD09
:1015200011F8013B584003090001E35CC0B243409D
:1015300018091B01205CDBB25840EEE7D9BE010060
:10154000142870B503460C4612D80B4A12F8101036
:10155000D4E9000502EB4302A0FB01065278002308
:1015600001FB0561EFF77CF8C4E90001002070BDC4
:101570006FF01500FBE700BFE9BE010030B585B094
:1015800000230193CDF807304B798DF80B300B79A0
:1015900013F0200519D08A797F2A08BFFF228DF821
:1015A0000C20C3F3040203F01F03072B8DF80D205A
:1015B00015D80A780C2A12D8DFE802F00C091511A8
:1015C00017111911111B1D111F00FF22E7E701223E
:1015D0008DF806204A78032A11D0042A12D06FF021
:1015E000150005B030BD0222F2E70322F0E7042225
:1015F000EEE70522ECE70622EAE70722E8E7012208
:101600008DF807204A8844F20A00824228D843F61F
:10161000FE70824203D8002AE1D102222FE0A2F517
:101620007F523F3A0B2ADAD801A050F822F000BFCF
:10163000B9160100DF150100DF150100DF150100FB
:1016400083160100DF1501007D160100DF15010082
:10165000DF150100DF150100DF1501001B16010079
:1016600044F21400824225D044F22800824223D062
:1016700044F20F008242B2D1032200E001228DF831
:1016800008201A48012404FA03F390F85020DBB232
:10169000F5B18D797F2D11D1134380F850300B793E
:1016A00090F8512003F01F0304FA03F3134380F86A
:1016B000513009E00422E2E70522E0E722EA0302D2
:1016C0008DF8094080F8502001A808F068FB88E7F1
:1016D000134380F850300B7990F8512003F01F032A
:1016E00004FA03F322EA0303E1E700BF90010020BC
:1016F00010B50B4C94F83A3023B1BDE810400948BE
:1017000002F030B902F080F840B16FF00403636278
:1017100004F11400BDE8104007F07DBA10BD00BF11
:101720009001002029170100F8B50378002B40F044
:101730009480514CE36A94F850701F42254607D1BB
:10174000A36A002B3FD14D48BDE8F84007F063BACB
:1017500094F89810A26D94F85160A1B90121DBB200
:101760000B420BD00F4208D016EA010CB2F9000070
:1017700024D000EBD070401010800232490089B2B2
:10178000B942EDD9DCE73340018915D002EB4101C4
:101790009142D5D0B2F9003003EBD3735B1022F83D
:1017A000023BF5E732F91360002EB8BF22F81300B0
:1017B00001338B42F6DBC3E71846FAE70028B8BFCF
:1017C000A2F800C0D9E7236C43B1B4F84C202C49EF
:1017D0002C48984701280BD0022831D0B4F84C305F
:1017E000B4F848209A422BD90133A4F84C30002099
:1017F00094F8983083B994F8521018B9A36D03EB9C
:101800004103A365A06D01F0BFFF28B16FF0040391
:101810001A48636207F0FFF9E36B1BB9BDE8F840B3
:10182000FFF766BFBFF35B8F55E8003F5A1E45E8E0
:1018300000210029F8D1BFF35B8F012BEEDCF8BD4E
:10184000E36B002B3FF47FAF94F89830002B7FF4CC
:101850007AAF0D4803F0A2FE75E7022B09D101F023
:10186000D3FF0028EBD004486FF004034362143028
:101870006AE7052BE3D166E790010020A401002070
:10188000B8010020B4AD0100F0010020094BBFF306
:101890005B8F53E8002F511C43E800100028F8D15B
:1018A000BFF35B8F0AB9FFF723BF6FF00F025A62D5
:1018B000704700BF9001002010B50D490D4800226F
:1018C00009F0B1F8002001F08BFE044660B9024631
:1018D00001210720F1F7EEFD0748C36813B9043072
:1018E00007F099F9204610BD6FF00404FAE700BF35
:1018F0008D180100F0010020900100202DE9FF412A
:101900000F464FF0FF336E484FF0FF3202F012FEE9
:101910007E68731EFE2B21D80024254626FA04F388
:10192000DA0706D501F0A4FEE040C30716D501355D
:10193000EDB20134082CF1D185B13B7C083B062B7C
:101940000CD8DFE803F0140B160B040B180002216F
:10195000012D7A7C11D0002A00F095806FF01504DB
:10196000574807F058F9204604B0BDE8F08100213F
:10197000EEE70121ECE70321EAE7082AEED8DFE8E9
:1019800002F0050505050505050505003B68002B6A
:1019900079D05C68002C76D1186801387F2872D81D
:1019A0008DF808208DF809401B68464A1B01013B51
:1019B000ADF80A30012382F898308DF80C3002AA75
:1019C000414B304601F090FE04460028C8D13A68E9
:1019D0006B0012B1928902FB0333FA689A426CD30E
:1019E000384E86F8525096F89830B868B065B046D0
:1019F000002B51D03B689D890135A9B201F0C4FE8E
:101A000004460028ACD1BC46BCE80F002F4D0FC5E2
:101A1000DCF800302B6074623B68002B4AD00FCB9F
:101A20002F1D87E80F00F36BB762A6F84C40002B20
:101A300040D0BFF35B8F58E8003F48E80042002ADF
:101A4000F9D1BFF35B8F96F8981039BBF46B20483F
:101A5000204A4FF400470023E4FB0701EEF750FE55
:101A60000022CDE90001002305F1280003F05EFD0E
:101A700019484FF0FF324FF0FF3302F05BFD00B129
:101A80007062746A6CE70F4B002083F898000E4B6D
:101A9000304601F0F3FD97E72946AFE701F0B4FEC9
:101AA0000028E5D06FF00403A5F12400736207F06D
:101AB000B2F8DDE7FFF71CFEDAE76FF00B044FE743
:101AC000940100209001002029170100B801002096
:101AD0003F420F0040420F00A4010020084B70B5A8
:101AE000C31A0D4607499B10044659430648402235
:101AF00007F09CF82B4601462046BDE87040184789
:101B000034210020B76DDBB628AD010073B50C4C55
:101B10000C4A4023041B00930D460B460A49A410AF
:101B200061430646094807F0ACF8014628B1304643
:101B30002B4602B0BDE87040184702B070BD00BF30
:101B400034210020F18C0100B76DDBB628AD010017
:101B50000022F8B5012105461046F1F7ABFC10480C
:101B600001F0F4F90446B8B901F010FA2F690D49F3
:101B7000384604F03BFC031E09DB01263E642D6958
:101B8000084905F11C0004F031FC031E02DA1C4672
:101B90002046F8BDEE64FBE76FF00404F8E700BFF1
:101BA000D11C0100D8B601001FB500220123CDE9E8
:101BB00002236C46074A6B46CDE9004407F091F8D2
:101BC00028B94FF480420023684602F0B3FC04B009
:101BD00010BD00BF038D010010B5EFF31184202369
:101BE00083F31288BFF36F8F074A136823F0020153
:101BF000DB07116002D4012007F01FFD84F3118878
:101C0000BFF36F8F10BD00BF8421002030B4104B94
:101C10000C2202FB003301460020D3E90E529863E8
:101C2000EFF31180202484F31288BFF36F8F1C6CB4
:101C300004F0C00444F002041C6480F31188BFF374
:101C40006F8F1DB12B46034830BC184730BC70471E
:101C50003421002028AD010010B4EFF311802022C0
:101C600082F31288BFF36F8F17490B6843F00204A9
:101C700013F001030C601AD04FF08043D3F80C141A
:101C8000D3F80C3413F0010311D0EFF3118182F378
:101C90001288BFF36F8F0D4A136C03F0C00343F03B
:101CA0000203136481F31188BFF36F8F012380F364
:101CB0001188BFF36F8F1BB110BC0020FFF7A6BFC8
:101CC00010BC012007F0B1BC842100203421002089
:101CD00010B1012804D07047034B1B6C5B0701D186
:101CE000FFF794BF704700BF34210020024AC3B2FF
:101CF0001C2000FB0320704734210020094BBFF358
:101D00005B8F53E8002F42F0010143E800100028E8
:101D1000F7D1BFF35B8F930702D4012007F085BC96
:101D2000704700BF8421002010B5EFF311842023F9
:101D300083F31288BFF36F8F074A136823F0010102
:101D40009B07116002D4012007F077FC84F311880F
:101D5000BFF36F8F10BD00BF842100202DE9F0413B
:101D60003849BFF35B8F8046012251E8003F41E8CC
:101D700000200028F9D1BFF35B8F33B932493348D3
:101D80004B60CB608A6004F044FB08F1FF33012B09
:101D90004BD8B8F1010F07D14FF08043D3F81C3472
:101DA00003F00303012B40D008F085FC054658B131
:101DB000EFF31186202383F31288BFF36F8F012581
:101DC000234F4FF080441EE0224B1B78002BEFD0B6
:101DD0004FF080430222C3F808230646F0E735B3EC
:101DE000304605F083F8D4F8183563B9D4F80421E7
:101DF0004AB1C4F80431D4F804310123C4F81835C9
:101E0000C7F88031A360D4F81824D4F81834D2036A
:101E1000E5D503F00303012B02D0B8F1010FDED1A9
:101E200055B186F31188BFF36F8FBDE8F0810021B3
:101E3000212008F005FDD6E74FF080430222C3F8C9
:101E40000423F2E73021002020210020502100202F
:101E500000E100E0CA220020EFF31182202383F387
:101E60001288BFF36F8F0A4BD3F8001161B10021C4
:101E7000D3F80805C3F80011D3F80031C0B282F3DB
:101E80001188BFF36F8F70476FF00A00F7E700BF4C
:101E900000D00040F0B503468478C678EFF3118E89
:101EA000202080F31288BFF36F8F1D7893F801C054
:101EB000641B3440A24288BFA2B2AF183740284604
:101EC0001F708EF31188BFF36F8F8F188F4218D158
:101ED00065450CD1EFF31181202080F31288BFF308
:101EE0006F8F1878587081F31188BFF36F8F1B794B
:101EF000A41AA34228BF074B90B224BF01221A6044
:101F0000F0BD03EB000E01309EF805E001F801EB97
:101F10003040DBE700D00040DB432DE9F04713F011
:101F200001050F46144604D02448FFF7B3FFBDE86F
:101F3000F087B2B3EFF31186202383F31288BFF347
:101F40006F8F0D20F1F7A8FA80460D20F1F790FA77
:101F500086F31188BFF36F8FDFF864A0194ECAF8BB
:101F60000051DAF800314FF400590123CAF800306B
:101F70002546C6F88091DAF80031A3B1FFF76CFF6F
:101F8000031EA4BF05F1FF35ADB2C6F88091A8BF0E
:101F90007B55002DEFD1B8F1000F02D00D20F1F7E5
:101FA00059FA2046C3E7EFF31180202383F3128808
:101FB000BFF36F8F04F09AFFDDE700BFA821002078
:101FC00000D0004000E100E070B50D4614460CB9A9
:101FD000204670BD4FF0FF334FF0FF320C4802F047
:101FE000A9FA224629460B48FFF754FF064608483F
:101FF00002F06CFA3EB94FF0FF324FF0FF33064863
:1020000002F098FAE6E7A41BA4B23544DFE700BF6C
:1020100088210020BD2100209821002038B5012210
:102020001146174808F053FA154D0122002105F119
:10203000100008F04CFA40F207432B874FF0706312
:102040002B620C2385F8243000240E4B85F8354094
:10205000EC86D3F8042542F00102C3F804250121DF
:10206000C3F80041D3F80021C3F8041322461960D5
:102070000D20F1F71FFA0D20F1F7ECF9204638BDDD
:102080008821002000D0004010B5FFF7E5FE0028B1
:1020900020DB174B93F8222093F8214093F823106C
:1020A000141B31EA0404C0B20DD193F8372093F821
:1020B000364093F83810141B31EA04040BD10D4B51
:1020C00001225A600EE09C180132114084F825006C
:1020D00083F8221010BD9C180132114084F83A0098
:1020E00083F837100448BDE8104002F0EFB900BF94
:1020F0008821002000D0004098210020024B0B6076
:1021000001231360704700BFCC21002000487047B6
:10211000F4B601004FF08053D3F830310A2B16D1BA
:102120004FF08042D2F81035D90710D503F01E03C6
:10213000C2F81035D2F8081131B143F00103C2F8EA
:1021400010356FF08B007047024B01221A7000208F
:10215000704700BFB92200204FF08042D2F81035FE
:1021600003F01E0343F00103C2F81035014B0022B7
:102170001A707047B922002010B501221146074895
:10218000074C08F0A4F9FDF701F907F0E4FD206021
:1021900007F0DDFD6060002010BD00BFD4210020ED
:1021A000CC210020F8B5044607F0D1FD237B05467D
:1021B0000BB1FDF701F9134F0026FFF7ABFFE8B9AC
:1021C000606801F047F8A3685B1BA36063682B4459
:1021D00063603B780BB1FFF7BFFF237B01363BB950
:1021E000A368002BE9D1A068003818BF0120F8BD12
:1021F0003046EFF7F5FB0028F2D0F4E76FF08B00E4
:10220000F5E700BFB9220020F0B587B00E461546AD
:1022100007F09DFD29460746304606F0B7FDC8B3D6
:10222000B6FBF7F307FB1363A3BBB5FBF7F407FBA0
:1022300014547CBBBD4222D34FF0FF324FF0FF332A
:10224000164802F077F9FDF7B3F802AB0146102209
:10225000C0B12146184608F020FC01228DF8142058
:102260000F4ACDE900200F48CDE90365FDF798F846
:102270006846EFF715FB0446084802F027F92046A8
:1022800007B0F0BD184608F008FCCDE90365FFF77C
:1022900089FFF0E76FF01504F1E700BFD4210020BB
:1022A000A5210100645E010070B5037B04460BB1FB
:1022B000FDF782F8194E0125A368032B06D8184AAA
:1022C000D2F80034DB07FBD5002070BDFFF722FFFA
:1022D00008BB23686068196800F0D8FF33780BB139
:1022E000FFF73AFF636804336360236804332360B5
:1022F000A368043BA360237B0135002BDCD0284678
:10230000EFF76EFB0028D7D0054AD2F80034D90782
:10231000FBD50120D9E76FF08B00D6E7B92200206A
:1023200000E0014070B50D4686B0194628461646B5
:102330001C4606F02BFD60B345EA04039B0728D139
:10234000FCB14FF0FF334FF0FF32134802F0F2F8C8
:10235000FDF72EF80346CDE9026502A804949BB16F
:1023600001238DF814300D4BCDE9003041F64C506F
:10237000FDF716F86846EFF793FA0446064802F0B0
:10238000A5F8204606B070BD8DF81430FFF78CFF1D
:10239000F3E76FF01504F4E7D4210020A92201002F
:1023A00038B5430906D10A4B596819B101250C68A3
:1023B000854001B938BD8A682A4002D04B6805487B
:1023C00098471CB1236821461C46F2E72346FAE7EA
:1023D000E421002044AD010038B54568A86890B1FB
:1023E00007F0A2FB014670B9A86807F081FB04461C
:1023F00058B902460649A86807F06BFB224605213A
:102400000620F1F757F8002038BD6FF00400FBE715
:10241000A12301002DE9F04FDFF8E4E0394E002759
:1024200040F2FF1CFBB2994202D80020BDE8F08FB9
:1024300050F82750C5F3C72919F00809C5F3C3247C
:10244000C5F308034BD12D0E634508BF4FF0FF3392
:10245000052D1EF8044034D0062D37D0042D41D16F
:10246000C2F80835C8465D1C34D05D093DD1012550
:102470004FF0A04A05FA03FBCAF80CB550F827B094
:102480000BF4004ABAF1000F0CBFA9464FF0010847
:1024900003F01F055B092CD1AD0005F1A045CBF37E
:1024A000412BD5F800A7230243EA8B030AEA060A68
:1024B00043EA0A0343EA090343EA4803C5F800373D
:1024C00008E0C2F80C354FF00108CCE75D1CC2F8FB
:1024D000103501D10137A5E7C8464D46CEE76FF06C
:1024E0001500A3E76FF08500A0E70023C3F80C35C3
:1024F000FFDE05F5E075002353F82530F8E700BF4F
:1025000013BF0100F0F8FCFF2DE9F04F1D468B884A
:102510000469D0F804A09B0489B006468946174692
:102520003FD44FF0FF324FF0FF3304F1380002F098
:1025300001F8C4F82C90002F3AD1E76500232366F8
:1025400004F1700204F1600104F15C0006F0E5FDA5
:102550000746E066002D31D165660023A36604F1CD
:10256000780204F1680104F1640006F0D6FD00234E
:102570006067A3650FB1236F33BB08B1A36F1BBBAB
:10258000A36A13B19B889E0405D40023E36204F17F
:10259000380001F09BFF6FF01505284609B0BDE833
:1025A000F08F236C002BBCD1E36A9942B9D1C2E70A
:1025B0003B68E365002BC1D07B68C0E72B6863668E
:1025C000002BCAD06B68C9E7D6F81080756898F8F8
:1025D0008530D5F800B023B1D8F82830994500F0FF
:1025E0008280B9F804C01CF4006F0DD06FF085052F
:1025F000A36A13B19B889B04CFD40023E36204F148
:10260000380001F063FFC8E71CF0090F02D06FF03B
:102610001505EDE70CF4FC63B3F5807FF7D1D9F82D
:1026200000E0764B9E45F2D904350FCD6F460FC7BB
:1026300095E80F00DE4587E80F00714B28BFDE46A6
:102640009E4515D26F4B9E4500F2A4806E4B9E4571
:1026500000F2A2806D4B9E4500F2A0806C4B9E451F
:1026600000F29E806B4A6C4B6C49964588BF0B46C6
:102670001CF0020105930CF0040300F09380002B82
:102680000CBF02230323CCF3001C8DF818308DF807
:1026900019C0D8F80030D3F80825551C0DD002F029
:1026A0001F000123520900297ED1002A40F09E809C
:1026B0004FF0A0428340C2F80C3598F885302BB11A
:1026C000404601F091FB002388F88530544A334698
:1026D0006946404607F0F8FB051E89DB012388F8B0
:1026E0008530C8F82890012384F88430DAF8341053
:1026F000481C03D0DAF8300000F09CF800220121D9
:1027000004F1280006F03FFD304606F0F3FD0022FC
:10271000206E134683424ED10023A56E1946A9426E
:1027200050D19A4238BF1A464FF4FA5303FB02F5D0
:10273000A36A4FF000081B68B5FBF3F54FF4004C9B
:10274000C835414640F2E7304FF47A720023E5FB8A
:102750000C01EDF7D5FF04F1480702460B46384659
:1027600001F0E8FE024618B9A56D15F1740F30D1DD
:102770002046C4F8808001F037FB84F885806FF034
:102780007301304606F0A4FD384601F0F9FE6FF003
:1027900073052DE7234B6BE7234B69E7234B67E773
:1027A000234B65E79B086EE71ABB4FF0A0428340BE
:1027B000C2F8083581E7E16D01EBC30101334968D7
:1027C0000A44A7E7606E00EBC10001314068034492
:1027D000A5E72DB9A36A9B889A047FF509AFDCE6CB
:1027E00030691146283006F0CEFC01E7C1F80C151F
:1027F000FFDE0023C3F80835FAE700BF47E8010011
:1028000000127A00FF083D007F841E003F420F0047
:102810001FA107008FD0030048E8010090D00300FB
:10282000A993010000093D0080841E0040420F0072
:1028300020A107002DE9F0410D46064607F0C5F935
:10284000002207462946304607F076F96B0905F065
:102850001F0429D1A40004F1A044164BD4F800278A
:10286000134043F00C03C4F8003706F02DFE8046F9
:102870003368DB597BB100273046294607F0A3F9BE
:10288000D4F800270B4B134043F00403C4F800377F
:102890003846BDE8F08106F017FEA0EB08000628D8
:1028A000E6D96FF07307E7E704F5E074002353F807
:1028B0002430FFDEF0F8FCFF70B5012383400F4A9F
:1028C000BFF35B8FDC4352E8001F01EA040542E8D6
:1028D0000056002EF7D1BFF35B8F4FF48032824059
:1028E0000748C0F80823BFF35F8FBFF36F8F03EA79
:1028F0000100003818BF012070BD00BFF421002086
:102900000010014070B41249D1E90034D01AC31844
:1029100044F1000422F07F46C1E90034A6F500131B
:10292000B3F5400F09D20B4B1B681A0A1B069C1902
:10293000094B42F10005C3E90045EFF31181202363
:1029400083F31288BFF36F8F70BC02F0F7BC00BF37
:10295000180D0020F8210020200D002011B3BFF336
:102960005B8F0123104A834052E800CF4CEA030CEE
:1029700042E800C10029F7D1BFF35B8F0B4A4FF447
:1029800080338340C2F80433094BBFF35B8F1B686D
:10299000BFF35B8FC340DB0742BF064B4FF40032EF
:1029A000C3F80021704700BFF4210020001001404F
:1029B000F021002000E100E00D4B1868010A00063C
:1029C000BFF35F8F0B4BD3F80435181841F10001AA
:1029D000B3F5801F0AD2084BD3E90023904271EB74
:1029E000030303D210F1807041F10001704700BF72
:1029F000F821002000100140200D00202DE9F04FAB
:102A000085B016461F469DF840A00446FFF754FFC8
:102A10000190FFF7D1FFB04271EB07035ED23E4B4E
:102A2000301A67EB0101984271F1000109D36FF090
:102A3000150520460199FFF791FF284605B0BDE82E
:102A4000F08F364B03EB0413D3E902239F4208BFF8
:102A5000964254D032494FF4803804F1500508FAB8
:102A600004F8AD00C1F848832046ADB206F020FD61
:102A700026F07F4B05F1804504F5A87305F58835F0
:102A8000DC464FF003090293029A2CF07F4341F891
:102A90002230C1F84483D1F80435224A6FF0020095
:102AA000C01A604420F07F40904228D9286868B15D
:102AB000D1F804350393A3EB0B0020F07F40B0F571
:102AC000000F1CD9204606F0F3FC039BBAF1000F5F
:102AD000ADD109EB030C09F10109D5E7BAF1000FFB
:102AE000A5D10123104ABFF35B8FA34052E8000F2A
:102AF000184342E800010029F8D1BFF35B8F074972
:102B00000E98230101EB0412C8500F9B5360C2E9D9
:102B1000026700258DE700BF01008000080D00203E
:102B200000100140FDFF7F00F02100207FB51C4C0C
:102B30001C4BC4F80833C4F848331B4B00254FF036
:102B4000FF304FF0FF31C4F80855C3E902014FF4DC
:102B50008033C4F80433154B02264FF400320121B0
:102B6000C4F804631120C3F880212A46F0F7A2FCC0
:102B70001120F0F76FFC0E4A0123A360236013605D
:102B80000C4B0D4A0093CDE9015500232846FFF771
:102B900035FF3046FFF7E2F8284604B070BD00BFAD
:102BA0000010014003000F00080D002000E100E0CC
:102BB000F421002005290100FFFF7F002DE9F743E4
:102BC0002E4CD4F8043399070BD5D4F8043143B113
:102BD0002B4A0023C4F80431D4F8043113680133BC
:102BE0001360D4F80433DA0343D5BFF35B8F254B6E
:102BF00053E8002F22F0010143E800100028F7D12C
:102C0000BFF35B8FD30702D4D4F840318BB30025D8
:102C1000C4F84051D4F84031FFF7CEFEEFF31182F3
:102C2000202383F31288BFF36F8F174BD3E902671A
:102C3000B042B94120D34FF0FF304FF0FF31C3E92C
:102C40000201D3E900981D604FF48033C4F8483383
:102C5000C4F84051D4F8403182F31188BFF36F8F2C
:102C6000B9F1000F05D0CDF8008032463B46002078
:102C7000C84703B0BDE8F083A946EDE70010014066
:102C8000F8210020F0210020080D002030B5431C61
:102C9000124C85B005D08442A8BF0446012CB8BFB1
:102CA0000124FFF789FE0E4B0C4DD3E90013401AA7
:102CB000B0F5000F10D22218AA4228BF2A46521897
:102CC0004FF0000007490091CDE9010043F10003F6
:102CD000FFF794FE05B030BD2A46F0E7FFFF7F0006
:102CE000180D00200529010008B5FFF765FE024B0D
:102CF0001B68C01A08BD00BF180D002037B5046955
:102D000094F835300D464BBB0B7B022B29D10B6859
:102D10000BBB94F834204B68D2B9134A591E914228
:102D200019D823630DF10701204607F0F9F910F1D6
:102D30000C0F0BD0AB689DF8070013B1021D44F8CF
:102D4000223094F83430013384F8343003B030BD8D
:102D5000226B9A42E6D06FF01500F7E76FF00F0094
:102D6000F4E76FF08500F1E7FEFFCF0710B5002212
:102D7000046901211020F0F79DFB00232046034A3F
:102D8000BDE81040194607F0A7B900BF912D01001A
:102D9000F8B50A4E0C46012704B9F8BD94FAA4F51B
:102DA000B5FA85F52B1D56F8233013B10448294692
:102DB000984707FA05F524EA0504EDE7A405002085
:102DC0007CAD0100024AD2F80034002BFBD07047E2
:102DD00000E0014010B54FF08053D3F830210A2AAB
:102DE0005BD1D3F844224FF08041C2F34232C1F8A4
:102DF0003C250022C1F80C21C1F81021C1F838256A
:102E0000474AD3F80404C2F82005D3F80804C2F8EE
:102E10002405D3F80C04C2F82805D3F81004C2F82E
:102E20002C05D3F81404C2F83005D3F81804C2F8FE
:102E30003405D3F81C04C2F84005D3F82004C2F8C6
:102E40004405D3F82404C2F84805D3F82804C2F88E
:102E50004C05D3F82C04C2F85005D3F83004C2F85E
:102E60005405D3F83404C2F86005D3F83804C2F826
:102E70006405D3F83C04C2F86805D3F84004C2F8EE
:102E80006C05D3F84434C2F87035D1F80034DB0750
:102E900009D56FF00103C1F800344FF08053D3F827
:102EA00030310A2B0DD14FF08053D3F83431012B40
:102EB00001BF4FF08042D2F8E43E43F00F03C2F866
:102EC000E43E06F03EFB48B34FF010214FF0804344
:102ED000D1F80822C3F8582506F033FBF0B1D1F839
:102EE0000031013303D0D1F80431013316D10D483C
:102EF00001234FF01024C0F804350021FFF762FFD2
:102F0000C4F80011FFF75EFFC4F80411FFF75AFF81
:102F1000C0F80415BDE81040FFF754BF10BD00BF56
:102F200000C0004000E00140014B06F064BB00BF60
:102F3000E1950100014B00201B681847FC2100208F
:102F4000014B1B68184700BFFC21002010B50C4C3A
:102F5000237993B9012323710A4B2060002818BFFD
:102F6000184600F049F850B923680748002BBDE81F
:102F7000104008BF184600F08FB86FF0770010BD02
:102F8000FC210020352F0100412F010008B5064B20
:102F90001B683BB10020F0F77FFA18B9BDE8084084
:102FA000F0F758BA08BD00BFFC21002038B54FF03B
:102FB00080440123C4F8083363600023C4F800315F
:102FC000D4F8003142F21075D4F80C24D4F80C3443
:102FD000D20307D5DB0705D5012006F0C4FA013D71
:102FE000F2D138BD06F038FB0028FAD0014B0022A0
:102FF0005A71F6E70422002010B508490C794CB943
:10300000012308600B7106F027FB08B9002010BDF2
:103010004C71FBE76FF07700F9E700BF0422002056
:103020004FF080430022C3F80021D3F80021094962
:1030300001221A60096811B1C3F804237047D3F85C
:103040000021002AFBD00022C3F80021D3F8003170
:10305000704700BF0422002010B54FF08043D3F822
:103060000423D20715D5D3F8002192B10022C3F86A
:1030700000210121D3F80021C3F8081306F0ECFA6F
:10308000044B10B15A7922B95971BDE810401B6840
:10309000184710BD04220020074A137943B90121C3
:1030A000106011714FF080421846C2F81835704711
:1030B0006FF07700704700BF0C22002010B54FF072
:1030C00080431D4CD3F81814D3F8182411F4803F12
:1030D0001AD002F00302012A01D092B900224FF067
:1030E0008043C3F818250022C3F80421D3F8042133
:1030F00001229A6022688AB9D3F80421002AFBD001
:1031000014E006F0B8FAE9E7D3F81424D107E5D5BE
:10311000D3F81C249207F4D422681AB10222C3F80F
:10312000042310BDD3F80421002AFBD00022C3F8E9
:103130000421D3F80431F4E70C220020F8B54FF055
:103140008043194FD3F80443012504F01A040026E4
:1031500004B9F8BDB4FA84F0C0F11F00830003F590
:1031600080739BB203F1804305FA00F21968D2B272
:1031700024EA02040029EBD01E601B684FF0804354
:10318000022AC3F808230BD1D3F81814D3F8181463
:10319000890705D1C3F81855C3F804239D60D7E704
:1031A0003B68C0B29847D3E70C22002073B5CEB27B
:1031B00000EB46060446B38ADB070D4627D506F02A
:1031C00069FBB38A9A0608D55A0B236803EB82037E
:1031D0000022C3F81025C3F81025204629460024F4
:1031E00006F0E7FAB48201A8019506F05FFA019AA9
:1031F000084B02F5E07250F822100B404FF0A0414E
:1032000043F0020341F82230204602B070BD6FF057
:103210001500FAE7F0F8FCFF014806F0C4B900BF5A
:10322000E005002010B504480C4606F09EF9002881
:10323000A4BF2070002010BDE0050020044AD2F891
:103240000034DB07FBD50160BFF35F8F704700BF21
:1032500000E001404FF080531A69B0FBF2F302FB2B
:1032600013036BB9084B0222C3F80425C3F8080501
:10327000D3F80024D207FBD50020C3F8040570471B
:103280006FF00C00704700BF00E0014010B5054C26
:103290000123C4F80435FFF7D1FF0023C4F8043537
:1032A00010BD00BF00E0014080F08003042B04D873
:1032B000054B034413F8800C704707289ABF034B53
:1032C000185C0020704700BF1BBF010020BF010039
:1032D000064B93F82E00012806D0022818BF0428B8
:1032E00014BF0120002070470020704714220020E6
:1032F00010B5164B164A0020C3F8000592F82F406F
:10330000D3F8041382F82E40146821F033010CB175
:1033100041F02301C3F81C01D3F81C41C3F8180184
:10332000D3F81841C3F80801D3F8080192F8340023
:1033300092F8332002F0010200F00100D20142EACB
:1033400080120A43C3F8002310BD00BF0070004084
:103350001422002070B50D4A002392F83010012588
:103360001E4618B90BB182F8301070BD90FAA0F368
:10337000B3FA83F305FA03F40C3302EB430320EAB8
:103380000400DE8021EA04010123EAE71422002080
:1033900073B50023044601AA0E464FF480710193D1
:1033A00006F0DDFC4FF48A71204606F0D8FC4FF49D
:1033B00082710546204606F0D2FC20B11EB115B13F
:1033C000144BD3F8343601AA4FF48471204606F02A
:1033D000C6FC4FF48671204606F0C1FC4FF488719C
:1033E000204606F0BCFC0C4B234083B14FF48E7595
:1033F000294601AA204606F0B2FC291F083589B2E9
:103400002046ADB206F0ABFCB5F5AE7FF0D1019829
:1034100002B070BD00700040C0FF3F002DE9F04FCA
:103420009A464FF0805393B0D3F830311C9D0A2B4D
:103430003BD10DF1080C0AAF3E4C3E46E04600235E
:1034400004EB031E0133DEF8189548F8049B082BA3
:10345000DEF81CE546F804EBF2D1D4F8F065D4F8B8
:10346000403601934FF0010E0023D4F84496D4F86F
:103470004886C4F8FC3FC4F8FCEF2E4C5CF804BB53
:1034800004EB031E0133CEF818B557F804BBCEF891
:103490001CB5082BF2D1019BC4F84036F6B2C4F833
:1034A0004496C4F84886C4F8F065234B002483F89A
:1034B000334083F834409C601C611D6083F8310008
:1034C0009C831C4BC3F8F015C3F8F4257DB323226D
:1034D000C3F80023184D174C00220127110107FAE9
:1034E00002F301F18046034006F5E04619BF95F866
:1034F0001EE095F81FC09C469E46002B04EB01037E
:10350000C6F810E5C6F814C5D3F8181514BF56460A
:10351000002621F08071013241EA0661082AC3F8D1
:10352000181505F10205D9D113B0BDE8F08FC3F825
:103530000053CFE70070004014220020F8B5044685
:10354000067A4779417AC079FFF7AEFE10B96FF07D
:103550001500F8BD214A01F10C0502EB4503012FCE
:10356000987139D13046FFF79FFE0028EFD002EB6B
:103570004505E871E378A0781B03000200F4E060E1
:1035800003F480530343207800F0030003432079C1
:10359000000400F4E02003436078000100F03000F4
:1035A0000343A079000600F08070034360790005B2
:1035B00000F480100343080100F1804000F5E04072
:1035C000C0F81835012303FA01F192F830300B43AB
:1035D00082F830300020BCE70020C8E71422002029
:1035E00070B5204D95F82E40002C38D1FF200126D3
:1035F00085F82E60FFF7AEFE1B4B1C48C3F8004158
:10360000D3F80021C3F80441D3F80421C3F81041D2
:10361000D3F81021C3F81441D3F814311C239A08AD
:1036200006FA02F111F0330F1CBF03F1804101F5DE
:10363000E24102F1FF3218BF0C6006FA02F218BF35
:10364000096812F0330F1CBF1C501A5808335C2B4A
:10365000E5D10720EFF7FEFE0020286070BD6FF077
:103660007700FBE71422002000700040FC7000404F
:10367000014B93F830007047142200202DE9F743E6
:1036800007469946FFF724FE044608BBDFF8508042
:1036900098F83030082601252F4203D02B421CD049
:1036A0000134E4B2013E4FEA4505F5D10D4BC3F8B4
:1036B000F865131E18BF01233846CDF80090FFF7B8
:1036C000ADFE022388F8324088F82E30304601E003
:1036D0006FF00F0003B0BDE8F0836FF01500F9E75D
:1036E00014220020007000402DE9F3418046154669
:1036F0001A46FFF7EDFD0646002837D1204F97F810
:1037000030C008203446012318EA030F04D013EA1E
:103710000C0F2ED00134E4B201384FEA4303F3D149
:103720006B8813B1012C27D832B328786B7818B185
:1037300013B9012C20D80126009202464046FFF71B
:103740006DFE6B880F4A0BB143F48053C2F8F83515
:1037500087F832402B7987F83530042387F83660B4
:1037600087F82E30002002B0BDE8F0816FF00F0026
:10377000F9E76FF01500F6E76FF08500F3E700BF9B
:10378000142200200070004030B51D4A1369044621
:103790006BBB00F06043B3F1005F2BD192F8325065
:1037A000B1FBF5F305FB131038BB0BB2002B24DD86
:1037B00092F82E30052B06D8032B0BD8022B0ED0F7
:1037C0006FF0760030BD062BFAD10E4BC3F82C46B5
:1037D000C3F8301693683BB1C2E90441F2E78D4269
:1037E0000BD1C2E90245EDE7C2E90241EAE76FF019
:1037F0007700E7E76FF00C00E4E76FF00600E1E721
:1038000014220020007000402DE9FF41524CA368B3
:10381000002B00F09D8094F82E20022A06D0042A66
:1038200033D06FF0760004B0BDE8F0814B4D012637
:10383000C5F800652168E26849B1032184F82E10BB
:10384000C5F82C36C5F830262E600020EBE7C5F809
:103850002C36C5F830262E6006F099FA04F10803DC
:103860006E60019301990220FFF792FD0028F9D0C4
:103870003A4B0022C3F80821D3F80811C3F80C21F1
:10388000D3F80C11C3F80025DFE7344D4FF00108E1
:10389000C5F80085276857B1052284F82E20E26814
:1038A000C5F82C36C5F83026C5F80080CDE7A18BC9
:1038B00094F83220039203EB41030293C5F82C36AF
:1038C000C5F83026C5F8008006F061FA94F8363065
:1038D00063BB224D01236B6002A90220FFF758FD54
:1038E0000028F9D00023C5F80831D5F80821C5F81B
:1038F0000C31D5F80C21A18B94F832200A44E168F0
:1039000092B28A42A28321BF154AA383D2E902015F
:10391000236124BFC2E900011846104B4FF000029A
:1039200038BF6FF00F00C3F800257CE7D5F8F465C9
:10393000F6B208FA06F6013EBE42CAD9C5F80480BE
:1039400000210420FFF724FD0028F9D00137F3E718
:103950006FF00B0067E700BF1422002000700040EA
:103960001C220020F8B50246FFF7B2FC002851D116
:103970002A4E2B4C96F82E3086F82F30072386F8E7
:103980002E3001237260C4F80035D4F80453C4F813
:103990000003E3603AB125F0C00545F03305C4F8F3
:1039A00000530020F8BD00211020FFF7F1FC002893
:1039B000F9D00023C4F80431D4F80431194BC4F809
:1039C0002C3601270223C4F83036276006F0DFF9D1
:1039D000A76000212020FFF7DBFC0028F9D0104B66
:1039E0000022C3F80421D3F80411C3F80821D3F846
:1039F0000811C3F8002596F82F1086F82E10C3F88A
:103A00001C21D3F81C11C3F81821D3F81821C3F8CE
:103A10000053C6E76FF00F00C4E700BF1422002078
:103A2000007000402C2200207FB56549644E332091
:103A3000FFF7AEFC10F0100F05460BD0614B1022C3
:103A4000C3F80823B218C3F82C260222C3F8302684
:103A500001221A6015F0200F5B4C10D094F82E3024
:103A6000584A072B05D0D2F834369BB2E3600023C6
:103A70002361D2F80433DB0601D5FFF739FCA80730
:103A80001AD594F82E20A16802910023E1688DF8E0
:103A90000430062AADF80C101AD0072A39D0032AB0
:103AA0000AD1484AC2F80035C2F80035022384F82A
:103AB0002E30236801A89847E90751D594F82E3095
:103AC000033B042B4CD8DFE803F05C4B2B43600036
:103AD00094F8353023B1236913B13A4B01221A60AF
:103AE000236801A89847394B93E8030086E8030050
:103AF00000232361A368002BDED1324AC2F80035CF
:103B0000C2F80035042384F82E3005238DF80430E4
:103B1000CFE7FFF7EDFB02238DF804306368C9E7B8
:103B200004238DF8043001A823689847254BD3F867
:103B3000F825D20444BF01225A602269062384F882
:103B40002E302AB11F4B6169C3F82C26C3F83016FA
:103B500023692BB903238DF8043001A82368984703
:103B600094F82E30072B0AD0164B1948D3F804339B
:103B700000211840FFF70CFC012685094DB904B05F
:103B800070BD104B01225A60EAE70E4B01229A6089
:103B9000E6E795FAA5F3B3FA83F306FA03F225EA0A
:103BA00002055A08DB4303F001038DF809308DF854
:103BB000046023688DF8082001A89847DEE700BF5D
:103BC0001C2200200070004014220020242200202B
:103BD000C0FF3F000B4B984212D00BD80A4B9842C3
:103BE0000ED00A4A0A4B984218BF90420CBF0120DF
:103BF00000207047074B984202D0074A074BF2E774
:103C00000120704740420F0090D0030048E80100B7
:103C100020A1070000093D0080841E0000127A00E8
:103C200038B51446421C054618D0012902D1B3B15B
:103C300006F030F905F01F036D0913D19B0003F165
:103C4000A042A30043EA4103D2F800070B4308490E
:103C500001400B4343F44073C2F8003738BD06F00F
:103C600026F9E7E7002203F5E07352F82330FFDE80
:103C7000F0F8FCFFF8B5484B4D699D4207460C46ED
:103C800077D06BD8454B9D4276D0454B9D4276D040
:103C9000444B9D4214BF4FF080454FF00075E27ECB
:103CA00097F8223062F3000387F82230227CDBB2DF
:103CB00062F3410387F82230E67EEEB9237E206866
:103CC000012B94BF0023012332460121FFF7A8FFF7
:103CD0006068334632460121FFF7A2FFA27EA0684A
:103CE00033463146FFF79CFF237CE06883F00103F5
:103CF00032460121FFF794FFE3687B62227C97F84C
:103D0000223062F3410387F82230267FA07C217E97
:103D1000637E3A6846B9D4E900C6A468C2F808C50B
:103D2000C2F80C65C2F81045003B18BF01230229F8
:103D3000C2F8C005C2F8245527D0032928D001298C
:103D400001D143F00203C2F854357B681BB33868D5
:103D5000BDE8F84040F30730EFF77CBB124B9D42C3
:103D600010D0124B9D4214BF4FF080454FF00045DC
:103D700095E74FF0805592E74FF080658FE74FF061
:103D800000658CE74FF0005589E743F00403DAE75C
:103D900043F00603D7E7F8BD40420F0090D0030080
:103DA00020A1070048E8010080841E0000127A006C
:103DB000431C15D000F01F0340090BD19B0003F1F9
:103DC000A043084AD3F800170A4042F00202C3F8A1
:103DD00000277047002203F5E07352F82330FFDE1E
:103DE000704700BFF0F8FCFF70B50446006840F370
:103DF0000730EFF73DFB636843B12146104A51F8A5
:103E0000043BC3F80823206806F028F82368D3F899
:103E10000805D3F80C55D3F8106594F82230DB0769
:103E20000AD4FFF7C5FF3046FFF7C2FF2846FFF769
:103E3000BFFF606AFFF7BCFF002384F8203070BD2D
:103E4000520108000368034A01F5C07143F82120BC
:103E5000704700BF3546526E38B5EFF31185202309
:103E600083F31288BFF36F8F064B9C6806F0B8F996
:103E700085F31188BFF36F8F2046BDE83840EFF718
:103E80008DBB00BF4C22002038B50A4B53F82040B0
:103E9000013053F82050A54200D838BD606830B1D9
:103EA000037EDB0701D406F070F90834F3E72368DA
:103EB0009847FAE774B7010070B52A4B2A4C2B4D8E
:103EC00086B0012203201A70FFF7DEFF01F0C4FB69
:103ED0000420FFF7D9FF2646AE4204F130040FD389
:103EE00000F074FF204CAC4226D300F083FFEEF7C5
:103EF000D5F91F4A938923F00103938106B070BD61
:103F000054F80C3C059354F8103C049354F8143CBA
:103F1000039354F8183C029354F81C3C019354F852
:103F2000203C009354E90A2354E90C0100F05CFDA5
:103F300054F8303C5E65CEE7D4E90A23B3F1FF3F85
:103F400008BFB2F1FF3F05D052EA0301206803D158
:103F500006F08FFC3034C6E70649183001F05EF9F0
:103F6000F8E700BFCA220020F8AE0100F8AE010059
:103F7000A80D0020A1A7010070B5002386B0012282
:103F8000CDE90423114E124D01930F22CDE90232E7
:103F90001049142303FB005506EBC016044601EB41
:103FA00000210D4B00954FF48072304600F01CFD4F
:103FB000337C2C7423F004033374084BEE6001341B
:103FC00003EBC4236B6006B070BD00BF280D00205A
:103FD0004C22002060390020E1A201006031002065
:103FE0007FB50020FFF750FF274B83F30888274C4D
:103FF000636943F4007363610025E02384F8223091
:10400000E57725766576A576636A43F4E0236362F7
:1040100084F82350EFF7DAF9EFF7AAFA4FF0FF33FD
:10402000A362E362EFF794FBEFF71CFB1848194C0F
:1040300000F044FD0120FFF727FF0220FFF724FFD7
:1040400000F002FF144B15495C61154B05930123E9
:104050004FF40062CDE90353CDE90155114B0095B2
:10406000204600F0C1FC237C064623F004032046D2
:10407000237406F061FB2846FFF77EFF094A3146AC
:104080002046EFF759FA00BF6039002000ED00E04C
:10409000C80E0020A80D00204C220020603A00200D
:1040A00017BE0100B93E010038B5064C064DAC42C2
:1040B00001D3002038BDD4E90112204606F093F860
:1040C0001434F4E7DC060020DC06002038B5074C89
:1040D000074DAC4201D3002038BD204606F0A7F8BA
:1040E00008B91C34F5E76FF01500F5E788060020E5
:1040F000DC06002073B50C46EFF31181202585F313
:104100001288BFF36F8FC5685DB125602B68C360EF
:10411000836901338361002081F31188BFF36F8FBE
:1041200011E052EA030603D125606FF00B00F3E7BC
:10413000CDE900230246083000F0A6FD18B9034B74
:104140009B685B69236002B070BD00BF4C220020F9
:10415000F7B50D4604469DF82010EFF31187202097
:1041600080F31288BFF36F8F266AE06886423FD2E1
:104170002668B44219D0C6B1304606F0BCF806F144
:10418000180006F0CFFB54F8082F70692946002567
:1041900006F05CFC3046B56706F0CEFA204639469C
:1041A00006F024FB284603B0F0BDA268A9B1E0697F
:1041B000294606F04BFCE369A26813446269E36197
:1041C000934201D12369E361236A01332362002012
:1041D00087F31188BFF36F8FE5E7A06923699842E1
:1041E00008BF6069801AA061294606F02FFCEBE742
:1041F00052EA03010BD00749896804F108004D61B8
:10420000CDE900233946224600F03EFDCBE76FF0B2
:104210002200DDE74C220020F7B504460846EFF304
:104220001186202181F31288BFF36F8F216A002944
:104230003AD0A268A16906F009FCA369A2682568C2
:1042400013446269A361934204BF2369A361236A93
:10425000AC4203F1FF33236235D02846002D33D022
:1042600006F049F805F1180006F05CFB6969A268E0
:10427000E06906F0EBFBE369A26813446269E3615D
:10428000934204BF2369E361236A00270133236259
:104290002846AF6706F050FA04F10800314606F0F0
:1042A000A5FA384603B0F0BD52EA030111D00A491D
:1042B00089684861CDE900233146224604F10800AF
:1042C00000F0E2FCEEE7002086F31188BFF36F8F69
:1042D000E8E76FF02200F7E74C2200202DE9F341D8
:1042E000044617461E46EFF31188202383F31288F5
:1042F000BFF36F8F304BC2689B6872B18068984281
:1043000017D057EA060216D188F31188BFF36F8FD2
:104310006FF00F0002B0BDE8F08193F90E1021613B
:104320000132C4E9023288F31188BFF36F8F002095
:10433000F0E72169F3E793F90E1090F90E309942F6
:1043400030DA9942A8BF194605F0E9FF0546CDE9E4
:1043500000761A482246414600F096FC0028E6D036
:10436000EFF31186202383F31288BFF36F8FA068C9
:10437000D0B1236821699C420AD04BB193F90E3029
:104380009942A8BF19466FF07F039942B8BF1946FA
:1043900005F0C5FF40B10948314606F027FA6FF035
:1043A0000A00B7E70025D2E7002DF4D186F3118883
:1043B000BFF36F8FF3E700BF4C220020CB22002019
:1043C000F8B583680546002B3FD0234A9268934294
:1043D0003ED1C368012B03D9013BC3600020F8BD67
:1043E000EFF31187202383F31288BFF36F8F0169E6
:1043F000806805F094FF2C68A54207D10023C5E929
:10440000023387F31188BFF36F8FE7E7002CF5D0F5
:10441000D4E9003213605A60237C002623F00203A3
:104420002374C4E90066A66004F1180006F07AFA65
:10443000AC6094F90E302B612046A66706F07CF93B
:104440000648394606F0D2F9C8E76FF01500C6E70E
:104450004FF0FF30C3E700BF4C220020CB220020EA
:1044600073B51546EFF31186202282F31288BFF34D
:104470006F8F0468B4B12368426823F00303944249
:1044800008BF4360036023689B0704D0204665682B
:1044900006F0D5FA2C4686F31188BFF36F8F2046BD
:1044A00002B070BD55EA0302F5D000F10802CDE973
:1044B00000533146104600F0E7FB0028EFD1024BD5
:1044C0009B685C69EBE700BF4C22002070B5EFF3FE
:1044D0001186202383F31288BFF36F8F0468A042F4
:1044E0001AD0CCB1D4E9003213605A60237C002585
:1044F00023F002032374C4E90055A56004F11800F9
:1045000006F010FA2046A56706F016F9314608486D
:10451000BDE8704006F06AB9D0E902329A4218BF8D
:104520000133836086F31188BFF36F8F70BD00BFC6
:10453000CB22002013B5EFF31181202484F31288DD
:10454000BFF36F8F846844B1013C846081F31188AC
:10455000BFF36F8F002002B010BD52EA030406D1F2
:1045600081F31188BFF36F8F6FF00F00F3E7CDE990
:1045700000230246014800F087FBECE7CB22002035
:1045800070B50546EFF31186202383F31288BFF33D
:104590006F8F00232C68A54218D0BCB1D4E900323B
:1045A00013605A60227C002322F00202C4E9003327
:1045B0002274A36004F1180006F0B4F96FF00A0346
:1045C000A367204606F0B8F80123E3E70022AA60BB
:1045D00023B986F31188BFF36F8F70BD314602484F
:1045E000BDE8704006F002B9CB22002007B5074BAA
:1045F0000093074907484FF0FF334FF4806200F003
:104600004FF9002003B05DF804FB00BF8CB7010038
:1046100060420020280E00202DE9FF41544E044640
:104620002027EFF3118887F31288BFF36F8FD4F838
:104630008450F5B9022104F19C0005F054FF0028D4
:1046400070D004F1940500220121284606F031F9CA
:104650000028F8D1002302934FF0FF324FF0FF33D0
:10466000CDE90023414604F18C02424800F016FDDA
:10467000D7E7D4F888202B68C4F88430954208BF67
:10468000C4F88830D4F89C3043F00203C4F89C305E
:10469000EB6823F0040343F00103EB606B6888F3DD
:1046A0001188BFF36F8F28469847EFF3118887F37F
:1046B0001288BFF36F8FEB68D80623F001023ED457
:1046C000EA60EB689A0717D5306823F00203EB60C5
:1046D00090B10368002178B1426895423DD10368EA
:1046E000002934D172683360904200D17360002396
:1046F00040F8083BFFF7EAFED4F89C3023F00203B1
:10470000C4F89C30DB0530D4D4F88430003B18BFAB
:10471000012388F31188BFF36F8F002B81D000F045
:104720009BFB7EE7D4F89C30D90693D5C4F89C0057
:1047300088F31188BFF36F8F04B0BDE8F08123F0D8
:104740001103EB6005F11000FFF7C0FEB9E70B6045
:104750007368984208BF7160C9E701461BB11A68C7
:1047600018461346B7E71A46FAE70023D1E700BF19
:104770006C220020CB220020F8B5C3689A070446BB
:104780000E46C3F3400542D45F0742D40B680BB911
:1047900083680B60E368D80744BFA3683360376859
:1047A0004CBF0225012557B31B4B9A68D7F88030C0
:1047B0009A421ED105F07FFF80F00100C0B2D7F809
:1047C0009C30D907C3F380021CD5F2B1F8B10023A5
:1047D0002360D7F8883073B9C7E92144384605F01B
:1047E0009DFEE36843F00403E3603368A36028465A
:1047F000F8BD0020E3E71C60C7F88840EEE76FF0E3
:10480000150506E06FF0120503E01B07DFD56FF01A
:104810000F0500233360EAE74C220020F8B5C36897
:1048200003F00503002B06460C4614BF01270027A2
:104830001CD085680122002104F1100005F047FE1C
:104840001349204605F0CBFEE36843F01003E36014
:10485000F3685B0712D5336823606BB9D5F88830ED
:1048600033B9C5E92144284605F058FE3846F8BD5D
:104870001C60C5F88840F6E73460F4E7D5F884306A
:104880002360D5F88830C5F88440002BEBD1F0E7E1
:10489000FDA401000146014805F0BDBE280E002020
:1048A000F0B589B004460020C4E921000E9D04F152
:1048B0008C00C4E9230004F19400C4E9250055B339
:1048C0002879002840F2011008BF0120C4F89C009C
:1048D00000204FF0FF364FF0FF37CDE90330CDE930
:1048E0000100CDE906670D4B0094204600F0BAF8B0
:1048F00055B1296811B1204605F0E3FE6B791BB173
:10490000A38943F00103A381204605F0B2FFC4F858
:10491000804009B0F0BD0120D8E700BF1946010072
:1049200037B501900846EFF31184202181F31288F6
:10493000BFF36F8FC16811F01E0F16D153EA020545
:1049400008D101A9FFF718FF84F31188BFF36F8F17
:1049500003B030BD41F00801C16001998162044992
:10496000103000F05BFC0120EEE70020ECE700BF18
:1049700091A5010001460148FFF7D2BF280E002093
:10498000F7B50C46019016461D46EFF3118720231C
:1049900083F31288BFF36F8F084605F0B0FD55EA28
:1049A000060309D101A92046FFF7E6FE87F3118827
:1049B000BFF36F8F03B0F0BDE368074943F008030E
:1049C000E360019BA36232462B4604F1100000F025
:1049D00025FC0120EAE700BF91A50100014601483E
:1049E000FFF7CEBF280E00202DE9F04385B0984692
:1049F00000F158030732C0E91633109B838122F07F
:104A0000070504230026037401EB05090F9B83733C
:104A10000F46C0E9066649468660C6730446EEF74F
:104A2000F5FA07300E9B20F00700A066C4E9187560
:104A300002930D9B0193A9EB00090C9B00934A463E
:104A4000434639462046EEF75BFD054B66659B689D
:104A500003B1DB6EE366484605B0BDE8F08300BFF6
:104A60004C220020F0B587B000250595109D0495D7
:104A70000F9D03950E9D0295DDE912760D9D019522
:104A80000C9D00950446FFF7AFFFB6F1FF3F08BF4E
:104A9000B7F1FF3F05D056EA070305D1204605F0E0
:104AA000E8FE204607B0F0BD3A46334604F1180050
:104AB000014900F0B3FBF4E7A1A70100012303744F
:104AC00083810023C0E91833C366014B98607047A7
:104AD0004C220020094A93686FF00A01996708493F
:104AE00058674B6843F080534B60002383F3118871
:104AF000BFF36F8F9368986F704700BF4C22002000
:104B000000ED00E070B590F91020037C002A2FDB47
:104B1000D9062DD11A4C63F07F032246037452F854
:104B2000183FE169934207D1C0E900210860E061C4
:104B30000FE09942F8D01B68002BF5D093F90E6076
:104B400090F90E50AE42F4DD5968C0E900310860BA
:104B50005860A569954200D005B9E568A3681A7C3C
:104B6000D20606D1DA897F2A03D9AA690AB9636114
:104B700070BDAB4202D0284600F0D2FA6561F7E77B
:104B80004C22002038B590F91020037C002A014601
:104B900004DA03F07F03037405F096FD0D4D2A46F9
:104BA000AB6852F8184F944200D004B9EC688B42BD
:104BB00007D01A7CD20604D1DA897F2A01D9A269EA
:104BC0002AB1A34202D0204600F0AAFA23466B6124
:104BD00038BD00BF4C220020B3F1FF3F08BFB2F147
:104BE000FF3F03D00249183000F018BB704700BFE8
:104BF000A1A70100034648B9EFF3058232B9064A7E
:104C000051699268914201D0FFF764BF83F3118824
:104C1000BFF36F8F704700BF4C22002038B5184C8F
:104C2000A168E0690B68814214BF1A4600224968F6
:104C30000B605960A368E1692AB9124AC3E90021EF
:104C40000B60E3610AE092F90E5093F90E00854281
:104C500012DD5168C3E900210B605360A569094B5F
:104C60009D4200D005B9E568A3689D4202D0284660
:104C700000F056FA656138BD8A42DED01268DBE783
:104C80004C22002064220020F8B50E4B0C46114641
:104C90000D4A98681060DDE90667EFF31182202263
:104CA00082F31288BFF36F8F9D68284605F01EFDC2
:104CB000284632463B46FFF78FFF2046BDE8F840C6
:104CC000FFF708BF4C22002074220020F8B50446EC
:104CD000EFF31187202383F31288BFF36F8F037CD8
:104CE00003F01F02002A0CBF0126002649B235D16D
:104CF00003F07F03037405F0E7FC294D037C817307
:104D000063F07F032A46037452F8183FE869934220
:104D100007D1C4E900200460EC610DE09842F8D0AE
:104D20001B68002BF5D093F90EC08C45F6DD596851
:104D3000C4E900310C605C60AC69944200D004B9F5
:104D4000EC68AB689C4202D0204600F0E9F96C6147
:104D500087F31188BFF36F8F3046F8BD9B071CD5D2
:104D6000856805F0B1FC81732B689D4209D16B68A1
:104D7000C4E900531C606C60EAE76A689A42F6D0A6
:104D80001B68002BF3D093F90E208A42F5DD5A6898
:104D9000C4E9003214605C60DAE78173D8E700BFD1
:104DA0004C220020034648B9EFF3058232B9064A87
:104DB00051699268914201D0FFF78CBE83F311884C
:104DC000BFF36F8F704700BF4C220020EFF31181BB
:104DD000202383F31288BFF36F8F054B9A68D37B30
:104DE000013BD37381F31188BFF36F8F704700BF0E
:104DF0004C22002070B5EFF31186202383F3128834
:104E0000BFF36F8F0F4DAB68DA7B0132DA732A463E
:104E100052F8184F944200D004B9EC681A7CD206BC
:104E200004D1DA897F2A01D9A2692AB19C4202D031
:104E3000204600F075F923466B613046BDE87040AE
:104E4000FFF7D8BE4C220020024B03F11802C3E941
:104E5000062270474C22002070B5EFF31186202304
:104E600083F31288BFF36F8F1A4CA168E0690B6857
:104E7000814214BF1A46002249680B605960A3683A
:104E8000E1692AB9144AC3E900210B60E3610AE031
:104E900092F90E5093F90E00854216DD5168C3E970
:104EA00000210B605360A5690B4B9D4200D005B9F2
:104EB000E568A3689D4202D0284600F031F965619B
:104EC0003046BDE87040FFF705BE8A42DAD012686E
:104ED000D7E700BF4C22002064220020F8B550EA3A
:104EE000010306460C4603D1FFF7B6FF0020F8BDCC
:104EF000EFF31187202383F31288BFF36F8F124DD6
:104F0000124BA8681860FFF73DFEA86810492346B9
:104F10003246183000F082F9AA68137C43F004038B
:104F2000137404463846FFF7D5FDAB68D3E90A236E
:104F3000B3F1004F08BF002AD8D105F028FD201A90
:104F400020EAE070D3E700BF4C220020742200204A
:104F5000A1A70100014B9868704700BF4C220020B8
:104F60002DE9F84304468789EFF31186202383F364
:104F70001288BFF36F8F037C190705D586F311885C
:104F8000BFF36F8FBDE8F883D90943F008026FD1F2
:104F90000274A36813B1204605F09EFB04F11800CB
:104FA00005F0C0FCA56D04F15808A84511D04FF0DC
:104FB000000975B1284605F08FFB05F1180005F0D2
:104FC000B1FCC5F878902846FFF79CFDA56DA84573
:104FD000EFD1DFF8BC80D8F808309C4250D1EFF315
:104FE0000589B9F1000918BF4FF00109D8F8185028
:104FF000284A954200D00DB9D8F80C50AB4202D0E7
:10500000284600F08DF82046C8F8145001F057FFEC
:10501000B9F1000F02D02048FFF750FDD8F8083052
:105020009C4230D1EFF305836BBBA289D20711D527
:1050300086F31188BFF36F8F83F31188BFF36F8FEF
:105040000423184602DFEFF31186202383F312882E
:10505000BFF36F8F3046FFF73DFDFB0792D500236E
:1050600083F31188BFF36F8F0423184602DF89E7AB
:1050700003F07F0343F00803037405F025FB88E782
:105080004FF00009B2E786F31188BFF36F8FE4E7B2
:105090004C22002064220020C80E0020D3B5DDE998
:1050A0000667089CCDE90067FFF7EEFD1CB1034BD6
:1050B0009B685B69236002B0D0BD00BF4C2200201A
:1050C000027C12F01F02034610D10A4988420DD01B
:1050D0000949086868B1D9897F2909D893F90E2050
:1050E000064B1B689A42B8BF0020704700207047EB
:1050F00010467047280D0020E4050020782200208B
:10510000044BC01A044BC0105843044B01221A54DC
:10511000704700BF480F0020ABAAAAAACB220020EC
:1051200070B50C4B0C4D1E7CFFF7CAFF182303FB18
:1051300006550446284605F0F5FB084B00229A5513
:105140003CB1621E28460649BDE87040D31700F006
:1051500065B870BD4C220020480F0020CB220020F3
:105160000151010038B5EFF31185202383F3128834
:10517000BFF36F8F0F4B104A9C681068A04206D196
:10518000FFF7CEFF85F31188BFF36F8F38BD002185
:105190001B7C1160094AD35C002BF3D02046FFF73B
:1051A0008FFF0028EED0237CDB0601D1FFF736FD10
:1051B0002046E5E74C22002074220020CB2200206C
:1051C000024B1868984208BF00207047E80500208D
:1051D000034B1B680BB9FDF787BD0020704700BF6C
:1051E0007C22002030B570B10B4B5B6898420AD02E
:1051F000036843B1D3E90421D0E90445121941EB16
:105200000501C3E90421D0E9003213605A6000238C
:10521000C0E9003330BD00BFE8050020B3F1FF3F17
:1052200008BFB2F1FF3F2DE9F84F044699461546F5
:105230001F467AD08160EFF31188202383F3128810
:10524000BFF36F8FB9F1000FDFF8E4A020DBFFF7A9
:10525000BFFFDAE90027013549F100092D1849EBB4
:10526000E073C4E90453AD18064643EB07074FF05B
:105270000109FFF7A5FFDFF8BCE0DEF804A0034654
:10528000EBB9C4E900EACAF80040CEF8044028E0CF
:10529000DAE900126FF001035B1A4FF0FF3161EBA6
:1052A00002025B1B62EB0902012B72F10001BCBF21
:1052B00001230022C0E904324FF00009D9E7D3E905
:1052C000041CD4E904208A4270EB0C0B24DA891AFE
:1052D0005A686CEB0000C3E90410C4E900321460A2
:1052E0005C60FFF76DFF84420ED1134B1B685BB906
:1052F000B9F1000F02D1FFF76BFF0646304605F00B
:10530000FAFA0021FDF7C2FC88F31188BFF36F8F12
:1053100028463946BDE8F88F521A60EB0C00534519
:10532000C4E90420ADD01B68AAE700252F46EFE7AB
:10533000600F0020E80500207C2200202DE9F047C6
:10534000DFF8A890DFF8A880C9F800000246FFF750
:1053500037FF0D4600260027D8E900134FEAE27E0A
:1053600050B1D0E9044CA2427EEB0C0A1BDAA41A1D
:105370006CEB0E06C0E9044652184FF0000443EBF4
:105380000E032046C8E90023C9F8004005F0B3FA2F
:105390002146FDF77BFC85F31188BFF36F8FBDE8D5
:1053A000F047FFF7DFBE611843EBE473C0E9046721
:1053B000C8E90013FFF716FF01224FF00043C0E9D0
:1053C000042385F31188BFF36F8F83689847EFF349
:1053D0001185202383F31288BFF36F8FD9F8002043
:1053E000121BC9F80020FFF7EBFEB5E77C22002076
:1053F000600F002010B5EFF31184202383F312888F
:10540000BFF36F8FFFF7E4FE054A0346D2E90001C0
:10541000181841EBE37184F31188BFF36F8F10BD4F
:10542000600F0020F8B50446EFF31187202383F3C3
:105430001288BFF36F8FD0E90423B3F1004F08BF88
:10544000012A04D087F31188BFF36F8FF8BDD0E92C
:105450000A566A1C46F10003022A73F1000334D392
:10546000013D46F1FF36002EBCBF00252E4605F05B
:1054700092FA013041F10001401946EB0101012887
:1054800071F1000147DB05F086FA013041F10001BE
:105490006FF00203401946EB010183426FF00043B5
:1054A0008B413DDB05F077FA013041F100016FF0EF
:1054B0000102401946EB0103121A4FF0FF3161EB74
:1054C000030319492046FFF7A9FE236B0133236329
:1054D000236A63B187F31188BFF36F8F2046984723
:1054E000EFF31187202383F31288BFF36F8F54F8F3
:1054F000185FA542A6D0002DA4D0284605F02BF9B0
:105500000023AB6787F31188BFF36F8F2846BDE890
:10551000F84005F011B96FF001024FF0FF33D0E70A
:1055200000224FF00043CCE7255401002DE9F04163
:1055300005461C4690461F46EFF31186202383F351
:105540001288BFF36F8FB4F1FF3F08BFB2F1FF3F86
:1055500005D186F31188BFF36F8FBDE8F081002C71
:1055600009DB012A74F10003BCBF0122002412F1FF
:10557000FF3844F1FF37284605F0D4F9DDE906018C
:105580000023C5E90A012B6342463B4628460249EF
:10559000FFF744FEDDE700BF2554010070B5054666
:1055A000EFF31184202686F31288BFF36F8F05F086
:1055B000B9F920B184F31188BFF36F8F70BD6B6AA6
:1055C00063B184F31188BFF36F8F6B6A28469847E5
:1055D000EFF3118486F31288BFF36F8F05F1180083
:1055E00005F0EEF80028E5D005F0A6F821460248BF
:1055F000BDE8704005F0FAB8CC220020F8B50746A7
:105600000C46164605F057F808B10020F8BD0D4BC2
:105610009B68DD6E002DF8D0221DF6D2EFF31184C9
:10562000202383F31288BFF36F8F47F004012846CD
:10563000B04784F31188BFF36F8F0028E5D040F89E
:10564000045BE3E74C2200200146024A0020FFF7FA
:10565000D5BF00BF45620100014800F039BE00BF60
:1056600025BE01002DE9F04F8BB04368009383788D
:105670009C078046924640F1F98000250878002872
:1056800000F0F68025280AD04B1C019301354146D5
:10569000009B98470028C0F2E3800199EEE74E781E
:1056A0008B1C252E0193F1D00027B9463C460A22D7
:1056B0001F2C22D8A6F12003102B20D8DFE803F0FE
:1056C000141F1F1A1F1F1F0B1F1F1F121F171F1F23
:1056D000090044F00104019B13F8016B0193002EB3
:1056E000E6D13AE044F0020444F00404F3E744F065
:1056F0000804F0E744F01004EDE77F2C24D8A6F16D
:105700003003092B08D860064EBF02FB073702FBA7
:10571000093944F02004DEE72A2E0DD161065AF83B
:10572000043B53D4002BA7BF44F020049946C3F197
:10573000000944F02804CEE72E2E05D1630600F1BF
:10574000978044F04004C6E76C2E2ED028D8682EEF
:1057500032D06A2E37D04C2E35D0002F46F02003A1
:10576000B8BF24F04004A3F16502BCBFA4B2002777
:10577000022A01D9612B2BD10AF1070A2AF0070A64
:105780009C4E0AF1080A0727210760D506EB070B94
:1057900034465C455DD1AE1BA219A9EB070959E15E
:1057A000742E98D07A2E96D0D7E7260648BF44F4B8
:1057B000007444F080048EE7E00548BF44F40074B0
:1057C00044F4807487E744F4207484E71F4682E73A
:1057D000A6F16302122A00F2D880DFE812F013006B
:1057E0004D00D600D600D600D6004D00D600D6001B
:1057F000D600D600D600E800D100D600D6001A00A8
:10580000D600A0005AF8043B8DF81030012704AEF2
:10581000BAE75AF8046B784B002E08BF1E4614F006
:10582000400F14BF39464FF0FF31304605F04DF9B7
:105830000746A9E7009B41462020984700280FDB38
:10584000013CA742F6D34D442D1BA1469EE74C4692
:10585000F7E714F8010B009B41469847002898DAB7
:1058600098F8023043F0040388F802304FF0FF3517
:1058700028460BB0BDE8F08F220630D5A3052AD507
:105880000AF1070A2AF007039A4659685AF8080BE2
:1058900024F0100B00291FFA8BFB2FDA404261EB3A
:1058A00041014BF4806B04AC0A23224605F019F940
:1058B0001BF0400FA0EB040200F08E802BF00104DF
:1058C0009742A4B240F38F80002E40F08E802BF0E0
:1058D0001104A4B21DE05AF8040BC117D8E7E00583
:1058E0005AF8041B01D40846F7E7A2054BBF48B29B
:1058F00008B241F3C01141F3C031C9E750EA0103D6
:10590000D1D16306CFD5002FCDD124F01104A4B29C
:105910003A463B4640F206410C4262D124E024F074
:105920001004A4B20A2314F0800243D014F40071CE
:105930001FBF0AF1070A2AF007029246516814BFF6
:105940005AF8080B5AF8040B50EA01023ED124F031
:10595000160B62061FFA8BFB3CD5002F3AD124F0C0
:105960001704A4B23A463B4621075AD4E10705D5AD
:10597000994572DDA9EB03039F184B469B464AE00D
:1059800044F0100410237826CDE7782B04D1C6F11B
:10599000780343F01003C6E7009B41462520984753
:1059A0000028FFF65DAF02354146304670E6082319
:1059B0000026B8E714F480715AF8040BC4D014F42C
:1059C00000711ABFC0B2114680B2BDE724F00604D0
:1059D0001FFA84FB04AC68E713465C46E10699D5E0
:1059E0002EB90133C0E71346F8E73B46F6E702332A
:1059F000BAE700BF54BE01004DBE0100CDE902323E
:105A00004146009B202098470028FFF629AFDDE99A
:105A100002320BF1010BD945F0DCEB1A03EB0B055D
:105A20005B46E10627D5CDE902324146009B302096
:105A300098470028FFF614AFDDE902327EB9013540
:105A40002F44791B8A4229DB144604AE9CBB2A44AE
:105A5000A9EB03091546914442E017468EE7CDE9CC
:105A60000232023541463046009B98470028DDE966
:105A70000232E5DAF4E640F206410C42E0D014F0DE
:105A8000020F14BF2B20202014F4806FCDE90232C6
:105A900005F10105414618BF2D20E5E7CDE90232A9
:105AA0004146009B302098470028DDE9023205F18D
:105AB0000105C6DAD4E6013CCDE90232305D009B37
:105AC000414698470028DDE90232BFDAC8E6009B6C
:105AD000414620209847002805F10105FFF6C0AE99
:105AE000A9EB0503002BF2DCD7E500BFF8B521F0E8
:105AF0000046B6F1FF4F034605D820F00042B2F150
:105B0000FF4F074604D91846EAF7DCFA034610E0CF
:105B1000B1F17E5F03D1BDE8F84000F095B88C1775
:105B200004F0020444EAD0746AB9022C03D0032CB6
:105B300004D01846F8BD35493548E5E733493548BE
:105B4000EAF7BEFAE2E736B9002F304901DA324807
:105B5000F6E73248D8E7B6F1FF4F21D1B2F1FF4F57
:105B600016D1022C08D0032C0CD0012C274901D0CF
:105B70002B48C9E72B48E3E72B492948EAF7AAFB5A
:105B80002249C1E729492648EAF7A4FB1F49D7E77C
:105B9000022CD0D0032CD1D0012C33D00023C8E765
:105BA000B2F1FF4FD0D0921BB2F1F45F4FEAE25056
:105BB00010DB1F491948EAF783FA0346012C17D076
:105BC000022C18D0002CB4D01A491846EAF77AFAF9
:105BD0000F49B5E7002901DA3C3007DB1846EAF740
:105BE0002DFC20F0004000F02FF8E6E70023E5E769
:105BF00003F100439DE70F491846EAF763FA0146AF
:105C000003489DE74FF0004393E700BF6042A20DB9
:105C1000DB0F4940DB0F49C0DB0FC9BFDB0FC93FBA
:105C2000DB0F493FDB0F49BF00004040000040C090
:105C30002EBD3B332EBDBB3308B504F0F9FF014840
:105C400008BD00BF0000C07F20F00043B3F1A14FAA
:105C50002DE9F0410446804612D3B3F1FF4F06D937
:105C60000146EAF72FFA04462046BDE8F0810028F5
:105C7000634901DD6348F4E76348EAF721FAF2E794
:105C8000624A934257D8B3F1445FEDD34FF0FF36E9
:105C900021462046EAF71EFB01460746EAF71AFBB3
:105CA0005B490546EAF716FB5A49EAF70BFA29461B
:105CB000EAF710FB5849EAF705FA2946EAF70AFB22
:105CC0005649EAF7FFF92946EAF704FB5449EAF78F
:105CD000F9F92946EAF7FEFA5249EAF7F3F93946A3
:105CE000EAF7F8FA504907462846EAF7F3FA4F4927
:105CF000EAF7E6F92946EAF7EDFA4D49EAF7E0F95D
:105D00002946EAF7E7FA4B49EAF7DAF92946EAF7CA
:105D1000E1FA4949EAF7D4F92946EAF7DBFA0146FC
:105D20003846EAF7CFF92146EAF7D4FA731C014660
:105D300051D12046A1E7414A934220F000442AD89D
:105D4000A2F5D002934214D821462046EAF7BAF9C8
:105D50004FF07E51EAF7B4F94FF0804105462046F6
:105D6000EAF7B0F901462846EAF768FB0026044640
:105D70008EE74FF07E512046EAF7A2F94FF07E51B0
:105D800005462046EAF79EF901462846EAF756FB03
:105D9000012604467CE72A4A934215D84FF07F51EA
:105DA0002046EAF78DF94FF07F5105462046EAF785
:105DB00091FA4FF07E51EAF785F901462846EAF755
:105DC0003DFB0226044663E721461E48EAF736FB00
:105DD000032604465CE71C4B53F82610EAF770F9DB
:105DE0002146EAF76DF9194B014653F82600EAF708
:105DF00067F9B8F1000F0446B8BF00F1004433E77B
:105E00006821A233DA0FC93FDA0FC9BFFFFFDF3EB7
:105E1000D769853C59DA4B3D356B883D6E2EBA3DCE
:105E20002549123EABAAAA3E21A215BD6BF16E3DDB
:105E300095879D3D388EE33DCDCC4C3EFFFF973F8F
:105E4000FFFF1B40000080BF98B70100A8B701000A
:105E5000704737B50C460569836801A95B689847A8
:105E600048B92B6801985840012303FA04F108400F
:105E7000003818BF012003B030BD08B504F08BFD19
:105E80004FF47A72A0FB020302FB0131C00B40EA1F
:105E90004140C90B08BD012303FA01F103691B68E6
:105EA000194218BF82F0010212B18368DB681847FB
:105EB00083681B69FBE7F0B41346DA02876806695A
:105EC00007D513F4402F1EBF43F3000202F4402213
:105ED0005340346801258D4023F48012DB074CBF0A
:105EE0002C43AC4334603B68F0BC1847014640F299
:105EF000E73008B54FF47A72002300EBC130490C4B
:105F0000EAF7FEFBBDE8084004F09ABC0320ECF77A
:105F10009BB90020ECF798B9F0B585B004460F4660
:105F200001220DF107012F20ECF700FB064620B1FE
:105F30006FF00405284605B0F0BD9DF807506B06CC
:105F400054BF05F01F052025BD42A8BF3D46023CB9
:105F5000AE42EFDA062202A92820ECF7E7FA002881
:105F6000E6D102A92346A01D4C7811F8022B42EA83
:105F7000042242F30B1223F8022F8342F4D101369C
:105F80001C46E5E710B5BDF8081049B9012B07D14B
:105F90001478012C07D10420ECF756F9204610BDE7
:105FA0006FF00C00FBE76FF01200F8E70720ECF74A
:105FB0004BB90020EEF704BCECF7A4BF00EBC10026
:105FC000408840087047F8B50346FFF7F7FFB0FA7E
:105FD00080F0C0F11F0003EB800CCA00DCF81060F9
:105FE000171D0C4606328DB256B9012101FA00F098
:105FF000D9680143D960CCF81040DD539D52F8BDFB
:10600000F1000431585AD85303EBC0009E52C580AA
:106010005D52F4E710B500EBC104E388994202F148
:1060200004010AD1012303FA02F2C36823EA02033E
:10603000C360002340F8213010BDA28840F8213011
:1060400000EBC20100EBC300CB808280F4E708B50F
:106050000346FFF7B3FFB0FA80F2C2F11F02184601
:10606000BDE80840FFF7D6BF2DE9F843B1FA81F348
:10607000C3F11F0200EB82090646D9F810700D46E5
:1060800087B9C3F120034FF0FF349C40F3681C40F4
:1060900014D094FAA4F2B2FA82F2131D56F82340F7
:1060A000214608E03C464FF0030821463046FFF702
:1060B00085FFA84205D33046FFF7ACFF2046BDE878
:1060C000F88306EBC404B8F10108E488C9F810406D
:1060D000D7D0A742E9D1D4E738B50446FFF76EFF21
:1060E0000D46034611462046FFF768FF03449BB266
:1060F00004EBC5055A006A802046FFF75FFF0144A4
:1061000024F8313038BD70B50446FFF757FF0B4611
:1061100004EBC305511A9B1A89B203444E009BB28B
:1061200004EBC2006E805D00458024F832102046EA
:106130001146FFF743FF014424F8313070BDF8B534
:10614000002951D004680D1F2D1BEE0825F007050E
:106150006219538813F0010306D183F31188BFF34A
:106160006F8F0423184602DF31462046FFF726FFD3
:10617000304434F83030C01A864207D0002383F30D
:106180001188BFF36F8F0423184602DF538823F072
:106190000103538031462046FFF710FF371804EB08
:1061A000C7035B88DA0708D439462046FFF74FFF5C
:1061B0003A4631462046FFF78FFF655B751B04EBBF
:1061C000C5035B88DB0709D429462046FFF73FFF5C
:1061D000324629462046FFF77FFF2E4631462046AD
:1061E000BDE8F840FFF7EFBEF8BD70B509B9002073
:1061F00070BD056801F007030B33CC0804EBD30432
:10620000AB689C4228BF1C4621462846FFF72CFF5E
:1062100006460028EBD001462846FFF7CFFEA042F5
:1062200007D932192846FFF76EFF11462846FFF7B7
:10623000CAFE05EBC6021046538843F001035380A3
:106240000430D5E71146FFF7D0BF043A2DE9F843F3
:10625000CC1D114424F0070421F00706A6EB040826
:106260004FEAD807B7FA87F2C2F12405AD004FF024
:1062700000090735C2F12002ED0804604946A76015
:10628000C4F80C90920004F1100004F006FCAAB2CD
:10629000530043F0010363807B1B9BB204EBC501F9
:1062A0005800A4F80090488024F83520A6F8029001
:1062B00024F8083004EBC70329465A8842F001024B
:1062C0005A802046BDE8F843FFF77DBE00207047A6
:1062D0000FB407B504A951F8040B0191ECF702FBC8
:1062E00003B05DF804EB04B070470FB407B504A920
:1062F00051F8040B0191ECF7F5FA03B05DF804EBEB
:1063000004B0704708B5EFF31183202383F312889C
:10631000BFF36F8F00F0D5FE036800220BB918465B
:1063200070478B4210D10B6842B9426803609142BA
:1063300000D1436000230B60012070471360436865
:10634000994208BF4260F5E71A461B68E6E7038BEF
:1063500013F0070306D10368002B18BF032008BF02
:1063600000207047022B05D1408BB0FA80F0400925
:1063700080007047012B04D10368002B18BF052053
:10638000EDE70020704710B50C4600B111B96FF071
:10639000150010BD081D00F0C6F80028F9D1A3684B
:1063A000032BF6D9F3E72DE9F0410D4607461946D0
:1063B000281D90461E4600F0C7F8044638B1334603
:1063C000424629463846A446BDE8F0416047BDE84C
:1063D000F08110B4EFF31182202484F31288BFF30C
:1063E0006F8F416110BC0121ECF7AEBA38B50C4695
:1063F000054658B151B10B6843B14B6833B11C220B
:10640000002104F04AFB2C61002038BD6FF015001C
:10641000FBE7F8B504460E46FFF7B5FF051E3BDB6C
:10642000EFF31182202383F31288BFF36F8F638B06
:10643000278B4FF6FF718B4207F007072ED0062FF0
:106440002FD8DFE807F0182E082E180418006FF078
:106450008505002303E0013363830225012382F3D2
:106460001188BFF36F8FBBB100233A4631462046F7
:10647000FFF799FF10E000233360636823B9C4E994
:10648000006627B13D46E4E71E606660F9E7022139
:106490002046ECF759FA3D462846F8BD6FF00A054C
:1064A000D7E76FF00405D4E710B5EFF3118220238E
:1064B00083F31288BFF36F8F048B04F00704022C60
:1064C0000AD0012C0CBF6FF004006FF0850082F33E
:1064D0001188BFF36F8F08E0438B013B9BB243836E
:1064E00023B92146ECF730FA204610BD2046EEE7EE
:1064F00038B5A8B1A1B1EFF31185202282F312883B
:10650000BFF36F8F048BFFF707FF30B104F0070074
:1065100085F31188BFF36F8F38BD6FF07700F7E711
:106520006FF01500F8E7034658B1426802F0030225
:10653000012A03D0032A04D1026812B10020986016
:1065400070476FF0150070474268816002F00302E7
:10655000032A4FF0000203460CBF006810465A6041
:106560007047704710B484686468A44610BC6047E4
:1065700070B4C6680468806A0D0C06FB054414FA02
:1065800081F184682468A44670BC60472DE9F0431B
:106590001C46C36A1D686D4289B006468846174688
:1065A00005F020051CB9204609B0BDE8F083AC42D7
:1065B000A14628BFA9464B466A4641463046FFF7EA
:1065C000D7FF0028F0D16B46484502D1241A8044F9
:1065D000E8E713F8012BBA4201D10130F4E70120BA
:1065E000E2E70B6803F580330B60008A1A0CB0EB0E
:1065F000134F04BFA3EB02430B60704738B5C2686A
:1066000003680D0C090C04462D04806A02FB01315D
:1066100000F023FC50B9E26AE3685279294620462B
:10662000FFF7B4FF002818BF6FF0050038BD10B5A4
:10663000014604460722FF20FAF76CFFE07110BD07
:106640002DE9F04F07465368D06803445069C342B0
:1066500093B003D1002013B0BDE8F08FFC683B6815
:10666000D7F82CB0080C04FB003313FA81F592E83C
:10667000030004AB83E80300D2E9020106AB83E820
:106680000300D2E90401DBF8008008AB83E80300D3
:106690000024C8F10003A146019312AB03EBC90A21
:1066A0004FEAC9015AF8346CAEB909F10109B9F1E0
:1066B000030FF2D1002CCDD00AAE9BF80510A8EB49
:1066C0000402301904F0E9F9B86A43463246294613
:1066D000FFF748FFBFE7B4B9019B334013D05AF826
:1066E000382CB86A2946CDE90223FFF73BFF002882
:1066F000B1D1DDE902231A44F61A4AF8382C4AF8D7
:10670000346C1D44C9E7A8EB0402B24228BF3246EC
:10671000A2B101F148030DEB030A0AAB5AF8381C89
:106720001819CDE9021204F091F9DDE902121144C1
:10673000B61A4AF8381C4AF8346C14444445ACD1B3
:10674000B86A23460AAA2946FFF70CFF002882D11F
:1067500025440446A1E7F8B507220D460646FF206A
:106760004C888F88FAF7D6FEEB79834205D13C44FA
:10677000B4428CBF00200120F8BD0020FCE7036874
:10678000012B81BFC91801F1FF315B421940084656
:10679000704738B50D460A4681680446FFF750FF3A
:1067A000EB68696819446B6902461944E06AFFF7AF
:1067B000E6FFA3680344A360104638BD70B586B0F9
:1067C000466804460D4618220021684604F065F923
:1067D00002956A460825314620460395FFF730FFAB
:1067E00029460246E06AFFF7CAFF63681B1A104693
:1067F000636006B070BD13B54FF6FF730022044608
:10680000ADF800308DF806308368ADF80420684696
:10681000ADF80230FFF70BFF69462046FFF7CEFFC9
:1068200002B010BD70B506460C46C06A0821FFF7DD
:10683000A6FF0546F068401B214680B2FFF78BFF9C
:1068400080B1A08878B922884FF6FF739A4209D1A7
:106850006288F3689B1AB3FBF5F205FB1230B0FABD
:1068600080F0400970BD0020FCE7F7B504460D46F6
:10687000C06A0821FFF783FF2968074608232046DE
:10688000FFF776FE0646002836D12B683B442B6086
:10689000E26899B2D21B91422ED11A0C03BF228A10
:1068A00002F1FF3203EB0241A3F580312960082396
:1068B0006A462046FFF75CFEE8B9E36A5A796B4600
:1068C00013F8011B8A420CD101300828F8D1636803
:1068D00005E02B68BDF802206FF30F0313442B6013
:1068E0000AE069462046FFF79DFF0028F1D12946BE
:1068F0002046ECF749F90646304603B0F0BD2DE9D5
:10690000F04F0446A1B024220D4617A8002104F040
:10691000C4F8E06A0821FFF732FF636881466FF32D
:106920000F0306A920460693FFF75BFE069BE66869
:1069300001931E44A6EB0906082309AA3146204606
:106940000796FFF715FE0028C0F21581E36A09AA31
:106950005979002312F8010B814240F0FB8001338A
:10696000082BF7D1A36862684B449A4280F0EB8011
:1069700001992046FFF742FEFDE0BDF826306FF397
:106980000F061E4407960BAA07A92046DDF81CA097
:10699000FFF76BFF002840F0EE800BA91FFA8AF08A
:1069A000FFF7D9FE48BB039B9A45ECD1102200218A
:1069B00013A804F072F81F9E129617AB119395B1AD
:1069C000D4F82C8008214046FFF7D9FE2F890246D3
:1069D000F1194046FFF7D3FEA168636802440A44F8
:1069E000934280F09180002EBCD011A92046FFF781
:1069F000D0FE002840F0BF80B4E7676808970DAA72
:106A000008A92046FFF731FF002840F0B480BDF808
:106A10003420BDF82C309A4244D0089B62689A42D8
:106A20003ED1BA45BFD1BDF83060002EBBD03DB1DC
:106A30002A88BDF82C309A4202D12B89B342B2D9B0
:106A4000BDF82E801F9A3B0C1B049844E36A1B6818
:106A5000591E5B4203F020030493A368164401EA25
:106A600006001344009026EA0106ADF82E3006BB5E
:106A7000009B5BB11F9A17A99B1A20460A44414606
:106A8000FFF776FD002876D1009B1F930BA8FFF738
:106A9000CEFD0BA92046FFF791FE002883D06AE0C7
:106AA0001F46ACE70DA9B8B2FFF755FE0028B4D0D9
:106AB000B7E7049B1F9FB34228BF3346A3EB070BE6
:106AC00017AA02933A445B4641462046FFF750FD21
:106AD000002850D11F9B01465B44182211A8059342
:106AE00003F0DBFF17AB139311A9059B149320460A
:106AF000FFF74FFE00283ED11F9B1F90FF1A029BFD
:106B00003744FE1AD844B2E731446B68ADF83E1002
:106B1000204611A9CDE91337FFF73BFE58BB2B8860
:106B2000ADF83C302B89ADF840300FA8FF238DF82D
:106B30004230FFF77CFD0FA92046FFF73FFED0B99A
:106B40000123AB720EE72046FFF755FE00283FF405
:106B50000FAF10E0A6EB090309A920460393FFF746
:106B600061FE00287FF409AF07A92046ECF70CF876
:106B700000283FF408AF21B0BDE8F08F2DE9F04FB9
:106B80001E46837C95B0044689469046002B00F053
:106B9000CB80C26A08211046FFF7F1FDB1B2019027
:106BA0001046FFF7ECFDE368019AA3EB82038342F2
:106BB0000746C0F0BC801EB1B8F1000F00F0B780EE
:106BC000D4F804A0CDF810A005AA04A92046FFF728
:106BD0004CFE0546002841D1BDF814304B4507D086
:106BE000DDF810A063685345EED1002E3CD135E0AE
:106BF00005A91FFA8AF0FFF7AEFD0028F0D0BDF816
:106C000018307EB3B3422FD14FEA1A43BDF816A015
:106C1000CDF800801B049A44E36A1B685B4203F0D2
:106C200020030293B346029B5B4528BF5B460CAA38
:106C3000514620460393FFF79BFC002850D1039B4D
:106C400000981A460CA903F030FF68B9039B009A1C
:106C5000BBEB030B1A449A440092E4D1284615B0CA
:106C6000BDE8F08F002BF9D0002F3CD1BA4604F1DB
:106C7000140B4FF0FF324FF0FF335846FDF72EFB59
:106C8000238A9D424DD0D4E901320AEB02018B42A6
:106C90002ED39BB263B3FF23ADF81E200021182230
:106CA0000CA88DF82230ADF81C90ADF8206003F0F0
:106CB000F4FE0CA92046CDE90E86FFF76AFD0746D3
:106CC00048B907A8FFF7B3FC07A92046FFF776FDF0
:106CD000074600B937465846FDF772FB3D46BDE70B
:106CE000C2DC0546BAE7019B1F441FFA87FABEE7DC
:106CF0002046EBF71DFF3DB9ADF82490CDF8288074
:106D0000ADF82C608DF82E5009A92046FFF7F7FD4D
:106D100007460028DFD19DF82E300135002BAFD07B
:106D2000D8E76FF01B07D6E76FF00C0596E76FF01A
:106D3000150593E72DE9FF471E46837CBDF830908B
:106D400004460F469046002B43D0C06A0821FFF747
:106D500016FDE368A3EB4003B3423DD3656801959C
:106D60004FF0000A02AA01A92046FFF77EFD20BBD2
:106D7000BDF80830BB4206D102A9A8B2FFF7EBFC70
:106D800050441FFA80FA019B62689A421AD0CA45A1
:106D900016D9BDF80C30CBB1CA4517D3BDF80A10CF
:106DA000B3426FF30F0528BF3346424629442046BD
:106DB000FFF7DEFB08B9BDF80C0004B0BDE8F087B2
:106DC0001D46CFE7BDF80830BB42E2D06FF00100AE
:106DD000F3E76FF00C00F0E76FF01500EDE713B587
:106DE00000240094FFF7A6FF02B010BDF0B587B0F5
:106DF0001F4604460D46164600F0C4FB02230293CC
:106E00000DF116030193BDF83030ADF81600009374
:106E100032463B462946204601F0DAFC07B0F0BD79
:106E20002DE9FF411F460D4616460446EDF748F989
:106E30008046E9F77FFCBDF82830009380B2CDE9A9
:106E400001803B4632462946204601F0C1FC04B091
:106E5000BDE8F0817047002070472DE9F041876858
:106E6000FB6804460D4616469847BB682BB1324670
:106E700029462046BDE8F04118476FF05700BDE8AD
:106E8000F08103F00ABE03F0E1BD01460068ECF7B3
:106E900089B808B5ECF7B6F8BDE80840ECF76EBB6A
:106EA00000210120ECF77EB808B5ECF71BFBECF7EE
:106EB00051F8ECF75BF8ECF7B1FBFDF791F86FF0E8
:106EC0008500704761B662B680F31188BFF36F8F9B
:106ED000704772B6002383F31188BFF36F8FBFF33F
:106EE0004F8F30BF62B6BFF36F8F704772B600230B
:106EF00083F31188BFF36F8FBFF34F8F20BF80F3F1
:106F00001188BFF36F8F62B67047202809D9B0F19E
:106F1000004F08D80138B0FA80F0C0F11F004000DF
:106F20007047082070473E2070477047BFF35B8F63
:106F300050E8003F013340E80032002AF8D1BFF3A7
:106F40005B8F7047002303824369C3607047C16948
:106F50008968ECF717BDEFF31182202383F31288C1
:106F6000BFF36F8F00230B60436833B9C0E9001192
:106F700082F31188BFF36F8F704719604160F7E7A4
:106F800010B50346EFF31181202282F31288BFF37C
:106F90006F8F006828B15C6802681A60A04208BF61
:106FA0005A6081F31188BFF36F8F10BD08B5014699
:106FB0000830FFF7BBFF084608BD034618465B686C
:106FC000002BFBD17047426810B52AB10B461C4616
:106FD0005B68002BFBD16260416010BD10B50446B8
:106FE00028B901F10800FFF7A1FF084610BD0346CC
:106FF00018465B68002BFBD1FFF7E5FF2046F5E75D
:1070000010B508B14B6843604C68002308464B60DC
:10701000ECF736FD204610BD83680B4403607047D3
:1070200003680B6043684B6083688B60704783889C
:10703000026819448180D018704730B4848805688C
:10704000A3188380281930BC03F000BD10B58388D5
:1070500002685C1C8480D154D01810BD03460068BF
:107060009A88401A11441860998070470268531E2C
:10707000036083880133838002F8011C7047828893
:10708000521A03468280006808441860704703461D
:1070900000689A88521A01449A801960704710B5A6
:1070A00003681C780121FFF7EAFF204610BD10B5E8
:1070B00003681C880221FFF7E2FF204610BD002074
:1070C000704708B500224FF4C0414FF00050FBF765
:1070D0002BFF4FF080430122C3F80025BFF34F8FF1
:1070E00020BFFDE710B50C46017822788A4288B0AF
:1070F0000ED06946ECF7FEFC04A92046ECF7FAFC3A
:1071000010220DEB0201684603F0CFFC08B010BD61
:10711000012A06D0022A07D072B940886388C01AB3
:10712000F4E740686368FAE71022611C013008B098
:10713000BDE8104003F0B9BC6FF01500E6E7042A83
:107140000AD0102A0DD0022A4FF0000315D1037087
:107150000B88438001207047012303700B68436054
:10716000F8E7022300F8013B01F1100351F8042B6A
:1071700040F8042B9942F9D1ECE7184670470123F7
:1071800010B50621044600F8013BF8F75FF818B97E
:10719000A37963F03F03A37110BD0B6803608B8874
:1071A00083808B798371037823F002030370704727
:1071B0000078C0F34000704738B50446807AECF799
:1071C000B7FB6169054649B1637ADB0704D4C3693B
:1071D0001B6820469B689847002363612146284628
:1071E000BDE8384003F057B92DE9F0410C4601F1F4
:1071F0000C08054600F10C01404617461E46FFF7F5
:107200000FFF6269E3682F829B1A13FA87F36B8280
:1072100001236B7239464046FFF731FFE368736024
:10722000628A0023E3607281638234602846BDE88D
:10723000F08138B5D1E90032DA600B684A895A82A8
:107240000C4605460868ECF71BFC2046102200217E
:1072500003F023FC2846BDE83840FFF7ADBF438A62
:1072600023B9C068B0FA80F0400970470020704729
:1072700070470F2806D80D280BD8052814BF022008
:1072800003207047132804D01A2814BF02200120BD
:1072900070470120704738B5C3681D7875B9B3F8D9
:1072A00001000F21EEF798F9044638B12946EEF7B0
:1072B000FBF82046BDE83840EEF7A0B838BD08B569
:1072C000C3680121B3F80100EEF786F918B1BDE8F3
:1072D0000840EEF793B808BD10B50346BFF35B8FC7
:1072E00053E8000F40EA010243E80024002CF7D1E4
:1072F000BFF35B8F10BD01210C30FFF7C8BE38B55E
:10730000C5680121B5F80100EEF766F9044698B1A9
:107310002B783BB9D5F80330C0F89930D5F8073051
:10732000C0F89D30201D4FF48031FFF7D5FF204677
:10733000BDE83840EEF762B838BD30B402EBC303A5
:10734000044608469A4201D130BC7047114611F8F4
:10735000085BA54206D1018A53789942F4D330BC28
:10736000536818470A46EDE7BFF35B8F50E8003FCC
:107370000B4040E80032002AF8D1BFF35B8F704722
:1073800010B5EDF73BFD6FF4807104461030FFF748
:10739000EBFF2046BDE8104000F07DBAC368DB7803
:1073A000012B01D1FFF7ECBF70472DE9F047D0F872
:1073B0000C80028A98F800309B000133934241D937
:1073C000BDE8F08708EB86030F21B3F80100B3F89E
:1073D0000370EEF701F9044628B100F1C00947B97E
:1073E0002046EEF70BF8013698F800309E42E9DBB4
:1073F000E6E76569002DF3D0A2692B6863619542C9
:1074000008BFA3612046EDF797FFFDF75FF8C5F8C9
:1074100000A0236A9BB9C4E90755BFF35B8F59E805
:10742000003F013B49E80032002AF8D1BFF35B8FEF
:1074300000212046013FEDF78BFFBFB2CFE71D6073
:107440002562EAE70026B246CEE7C368DB78012B67
:1074500001D1FFF795BF704773B5C5680121B5F835
:107460000100EEF7B9F80446002851D02B781A2B0A
:1074700000F1040619D1C378012B2DD14FF48041BE
:107480003046FFF729FF42040FD4D4F88C30009324
:107490006946D4F8943001932046EEF71DFD20464E
:1074A00002B0BDE87040EDF7A9BF2B78A3B9B5F8DD
:1074B000033040F2E2425343C4F88830B5F8053057
:1074C000A4F89030B5F80730A4F892306FF48051EA
:1074D0003046FFF749FF17E0BFF35B8F6368BFF3E8
:1074E0005B8FDB04F2D52B78202BEFD194F898300A
:1074F000002BEBD0013B84F898304FF4203200236E
:1075000004F14000FDF736FA2046EEF72FFAC6E701
:1075100002B070BD10B5EDF771FC6FF480711030E2
:10752000FFF722FF0020ECF7A7FB044648B13C23FD
:1075300043720021EDF7B8FF2046BDE81040EDF79B
:107540005DBF10BD10B5028843889A4218D8052A3D
:1075500016D9B3F5486F13D88488B4F5FA7F0FD2E3
:10756000C188A1F10A0292B240F67640824207D861
:1075700004FB0333B3EB810F34BF0120002010BDA7
:107580000020FCE7002070470020704770B50646D9
:107590000D464FF0FF304FF0FF31ECF759FD044638
:1075A00068B103210C30FFF742FD0680857021464B
:1075B0000022BDE8704040F20640ECF7D5BD6FF008
:1075C000680070BDC06803781BB13C2B03D1FFF786
:1075D000A1BFECF74FBE704738B54FF0FF310546FD
:1075E0004FF0FF30ECF734FD044668B102210C3057
:1075F000FFF71DFD2B88038021460022BDE838409F
:1076000042F21600ECF7B0BD6FF0680038BD70B5FF
:1076100006460D464FF0FF304FF0FF31ECF718FDF6
:10762000044660B103210C30FFF701FD0680857030
:10763000214642F22100BDE87040ECF74DBD70BD1F
:1076400073B5C368D9789A781E8842EA0122ADF8EA
:10765000002059791A7942EA0122ADF80220D9793D
:107660009A7942EA0122ADF804201A7A5B7AB4B220
:1076700042EA032301212046ADF80630EDF7ACFFC6
:10768000054628B902212046FFF7C1FF02B070BDB0
:107690006946EEF7BDF938B91E212046FFF7B7FF5E
:1076A0002846EDF7ABFEF1E74FF0FF304FF0FF312A
:1076B000ECF7CEFC04460028F2D00E210C30FFF788
:1076C000B6FC00230680C0F80A30BDF800304380C5
:1076D000BDF802308380BDF80430C380BDF80630A9
:1076E0000381214642F22000ECF7F6FCD8E7033193
:1076F00038B5C9B205460E20EDF750F9032104460E
:107700000C30FFF794FC01230370A0F801502046D1
:1077100038BD70B505460E460F200421EDF73EF941
:10772000042104460C30FFF782FC012206704270EF
:107730004580204670BD08B5072203F0B6F9B0FABF
:1077400080F0400908BD00280CBF084600207047A3
:1077500018B111B10846EDF761B96FF01500704727
:1077600013B5044680B106216846F7F76FFD48B9A6
:107770009DF80530694603F03F0320468DF805303B
:10778000FFF7E6FF02B010BD6FF01500FAE7003812
:1077900018BF012070472DE9F74F884601904FF040
:1077A000FF314FF0FF30ECF753FC0446002849D07E
:1077B00020210C30FFF73BFC002120220646002749
:1077C00003F06BF9D8F8005006F1010B3946D8F8F0
:1077D00004309F4208D3019831700022214603B043
:1077E000BDE8F04FECF7C0BC6A7895F800C0881C83
:1077F00013181F2B5FFA80F908D9BCF1090FC9F1E2
:107800001F0217D1002A15DD4FF0080C5FFA82FA2B
:107810000AF1010E0BF801E00131C9B258440BF82E
:1078200001C0D144696803F011F901375FFA89F1A9
:107830000835CCE72046ECF723F96FF0150003B0CC
:10784000BDE8F08F6FF06800F9E770B5064686B0C6
:107850000D464FF0FF304FF0FF31ECF7F9FB0446D7
:10786000B0B10C3095B10121FFF7F0FB06F1100229
:1078700003A9204600950823ECF7D8FB00222146F7
:1078800042F20A00ECF770FC06B070BD2946EBE747
:107890006FF06800F8E7183002F0FABEEDF772BC3E
:1078A000D0F8B400003818BF012070470846896935
:1078B0001160C2691A60C27A0021183003F0EDB875
:1078C00030B4827A072A034618D1BFF35B8F021DBA
:1078D00052E8001F41F4806442E80045002DF7D1D2
:1078E000BFF35B8F4A0509D4BFF35B8F5B68BFF3BF
:1078F0005B8FDB0302D430BCFFF76EBE30BC704739
:107900002438EDF7EDBC036800220BB91846704728
:107910008B4210D10B6842B942680360914200D19A
:10792000436000230B600120704713604368994255
:1079300008BF4260F5E71A461B68E6E710B5044643
:10794000006918B1ECF79CF80023236110BD70B5F5
:1079500016460D4601210446EDF7FAFC012E17D01C
:10796000022E17D1236913B12046FFF7E7FF2561E7
:1079700021690A8A012A39D9CB681B8804339BB252
:107980009A4233D32AD92046BDE87040FFF7D6BFCC
:10799000206918B92046FFF7D1FF01E02A8A22B9F1
:1079A0002846BDE87040ECF76BB8018A438A466907
:1079B0005B1AC168891B5B1A9A4207D901460022EB
:1079C000204600F0B8F900232361E9E7E9680C30AC
:1079D000FFF733FB2846ECF753F8C9E70023236190
:1079E00020460122BDE8704000F0A5B970BD10B579
:1079F00000F1C802BFF35B8FD0F8C830BFF35B8FD4
:107A00007BB1BFF35B8F591C52E8004F9C4204D1FD
:107A100042E8001CBCF1000FF6D1BFF35B8FE7D149
:107A200010BD1846FCE710B5837A023B0446062BCE
:107A300016D8DFE803F009041515150B090041728B
:107A400000212046EDF730FD002010BD0088FFF733
:107A50009DFD0028F9D1A37A072BF5D10821F0E785
:107A60006FF07F00F1E738B5037A8B420446154684
:107A700015D100F170010722284603F016F880B1F5
:107A8000E378072243B904F17E01284603F00DF89C
:107A9000B0FA80F0400938BD04F17701F5E7002025
:107AA000F9E70120F7E708B5EEF718F810B1EDF7A0
:107AB000A5FC012008BDF8B507460D464FF0FF3084
:107AC0004FF0FF31ECF7C4FA0646D0B10E210C306E
:107AD000FFF7ADFA0E220446002102F0DEFF3B88DC
:107AE00023802B8863806B88A380AB88E380EB883E
:107AF000238131460022BDE8F84042F21300ECF742
:107B000033BB6FF06800F8BD704710B50446FDF751
:107B10005DF9234653F8402BD2F8B41061B92164C3
:107B2000D2F8B81061B9C2E92D33FDF763F92068C6
:107B3000BDE81040EDF78EBC8B42F6D00968EDE74A
:107B40000B60C2F8B830F0E703682BB141681A68DF
:107B500002608B4208BF4260704770472DE9F843CE
:107B6000446B2CB154F8085905B1083D00270CB9F5
:107B7000BDE8F883D4E900682EB3FDF727F9D6F8FD
:107B8000B43004F14001002263B1994233D1236C37
:107B90004ABBD6F8B820C6F8B430914201D1C6F835
:107BA000B8302764FDF726F904F1300900220023DC
:107BB0004846FCF755FC064600BBD8F804300BB12C
:107BC000204698472760E3680BB120469847D8F8CD
:107BD00020300BB120469847DDB1AB6803B1083BBC
:107BE0002C461D46C3E71360D6F8B830994208BF4B
:107BF000C6F8B820D5E71A461B68C5E7B36923B1B4
:107C0000F16920686FF06D0298473046EBF738FF56
:107C1000CCE72B46E4E7F8B50E46002107461546AB
:107C200000234FF480320846EEF77CF8044630B16A
:107C300004210C30FFF7FBF90770467045802046A1
:107C4000F8BD38B50546006898B1807A072810D18C
:107C5000087A012810D1C87A07280DD98A61CB612A
:107C600005F1300002F00CFC2846FFF74EFF002023
:107C700038BD6FF07F00FBE76FF01500F8E7406B51
:107C800030B1838B8B42A0F1080001D08068F7E708
:107C9000704710B54AB989B2FFF7F1FF28B14368C0
:107CA0009B6913B1BDE81040184710BD38B50D46AB
:107CB0000521FFF7E4FF00231A462946FFF7C1FF1D
:107CC000044610B12846EBF7DBFE204638BD38B538
:107CD0000B8A032B05460C4621D9042104F10C0024
:107CE000FFF7D5F9238A42889A4218D14178B1B179
:107CF0000378012B13D0132B11D0022201202D6801
:107D0000FFF789FF044650B102210C30FFF78FF9CD
:107D100000230370437021462846FFF7C7FF002069
:107D200038BD406B30B183898B42A0F1080001D08F
:107D30008068F7E7704738B50B8A032B05460C4679
:107D400004D82046BDE83840EBF79ABE042104F180
:107D50000C00FFF79CF941882846FFF7E2FF002856
:107D6000EFD0436821465B699847EAE770470346CE
:107D7000006828B1596802681A60884208BF5A60D2
:107D800070470346002003B970471A8A5B681044A5
:107D9000F9E710B5D4682378023113B921700120B6
:107DA00010BD8B42FBD0038A023B0382002010618E
:107DB000F6E72DE9F04104468868FFF7E2FF638BA0
:107DC000628D934228BF134683420D461DD3216521
:107DD000D1F8088000278F60FCF7F8FF4146204665
:107DE000EEF7E0F8064638B1C5F808802765FDF7DC
:107DF00001F83046BDE8F081618D638B994228BF60
:107E00001946284600F0C4FEF1E76FF07906F0E766
:107E10002DE9F041C469074644B154F8986906B1A8
:107E2000983E0022154607F104080CB9BDE8F08120
:107E3000236D9BB905B98AB94046FFF798FF0546FF
:107E400058B101462046FFF7B4FF0028EED07B680A
:107E50002B60BB687D6003B9BD60224636B1D6F8A1
:107E6000983003B1983B34461E46DEE73346FAE7C6
:107E700073B51446014605464FF49572206800F02C
:107E80009FFD207530B92068294600F084FE20B996
:107E900008232375002002B070BD237AB3B1A3F18B
:107EA0001802534253419B000193638A0093AE68CA
:107EB000238AE26820682946B047002808DB238A25
:107EC00083420CD1002323750120E4E70223EBE772
:107ED00010F1FF0F03D34042C0B22075DAE70E2045
:107EE000FBE738B504460D46EEF75CF830B129469D
:107EF00004F15400BDE8384002F0C2BA38BDF8B50C
:107F00009368166805460F46144663B95068012108
:107F10000C30FFF78CF8A0602B681B78002B14BF87
:107F2000022301230370A3681B78012B03D0022BCB
:107F30001FD000201CE02B681B78002BF9D1606853
:107F400004210C30FFF773F8E06007802A68E368CB
:107F500052885A806168728D738B088A9A4294BFE6
:107F6000C0EB0200C0EB0300042894BF00200120F6
:107F7000F8BD2B681B78022BDBD1606812210C3016
:107F8000FFF755F8E06007802B68E268591C023261
:107F9000113351F8040B42F8040B9942F9D161688E
:107FA000728D738B088A9A4294BFC0EB0200C0EBBB
:107FB00003001228D9E770B40668F2695AB3144670
:107FC00054F8983903B1983B002211467CB9438D8F
:107FD000408B8B4201D890421FD9824238BF024663
:107FE0009942306838BF194670BCEFF727BB84420E
:107FF00007D0658D648BA94238BF2946A24238BF9D
:10800000224633B1D3F8985005B1983D1C462B4613
:10801000DCE71D46FAE71146D9E770BC70472DE949
:10802000F041CB681F88BBB2162B05461BD9032134
:10803000EEF774F80646C0B102210C30FEF7F7FFE8
:1080400000244FF0170880F800804470314628461D
:10805000FFF747FF2846A5F81A806F85FFF7ABFFAB
:108060002046BDE8F0810420FBE70E20F9E7D06848
:108070000378043113B90170012070478B42FBD0A3
:1080800091680B8A0020043B0B82106170472DE938
:10809000F041884617460121042205461E46EDF7A9
:1080A000D9FF044670B104210C30FEF7C0FF80F800
:1080B0000080A0F80170C67021462846BDE8F04156
:1080C000FFF70FBFBDE8F0811FB5CDE90123002305
:1080D00000931A46EEF7E4FF05B05DF804FB036871
:1080E000002203B970478B420FD10B683AB942683E
:1080F0000360914200D1436000230B60704713601E
:108100004368994208BF4260F6E71A461B68E8E7F1
:10811000BFF35B8F50E8003F43F0080240E80021C6
:108120000029F7D1BFF35B8FC3F3C000704707B5D9
:10813000CA681388528800920C210D22EEF790F83D
:1081400003B05DF804FB07B5CB6800221B880092E2
:108150000A210B22EEF784F803B05DF804FB70B53A
:1081600004460E46002200230846FCF779F905462E
:1081700058B101462046EDF715FF044618B12946CF
:10818000304602F088F9204670BD6FF00104FAE72E
:1081900037B50C46054601F10C00FEF788FF228A30
:1081A0000192E26800920346132212212846EEF75C
:1081B00095FA03B030BD37B50C46054601F10C0009
:1081C000FEF775FF228A0192E268009200220346C0
:1081D00011462846EEF782FA03B030BD2DE9F04390
:1081E00091B0D2F8008007460E46002542F6010302
:1081F0000068D8F804908DF82C500BA91446ADF8FF
:108200002E30FEF76FFF002800F082804FF42053DD
:1082100038688DF82C500BA9ADF82E30FEF762FFB0
:1082200038B1A3681BB15A88B24200D25E800120E7
:1082300010E061680846FFF7A4FDB8F82A20B8F8F6
:108240001A309A4294BFC0EB0200C0EB030003282F
:1082500003D8002011B0BDE8F0830846FEF7ADFE5C
:10826000616805460846FFF78CFD6B8A2A8AA3EBF6
:10827000020C6B69EA68D21AACEB0203B8F81AC0B8
:10828000B8F82A20944594BFC0EB0C00C0EB020064
:10829000834228BF03466BB9887AEBF749FB00227B
:1082A0000023FEF754FE05460028D2D00146606840
:1082B000FEF794FE00230093D7F80480394610237C
:1082C00002AA4846C047071E22DB227CE068BA4269
:1082D0001AD001460BA8FEF732FFC8B1FAB202A9C4
:1082E00006A8FEF72CFF98B106A90BA8FEF7FAFE28
:1082F00070B900236374042105F10C00FEF797FEAA
:10830000A0600680A36891E702A902F0CEFBEFE728
:108310000023A3608BE72DE9F04F064685B0104699
:1083200090469946FFF72DFD738B728D934228BFBF
:10833000134683428B4675D9736803934046FEF714
:108340003CFE4FF0000A04464046FFF71AFDE16884
:10835000228A658A6369778BCB1AAD1AED1A738D01
:108360009F4294BFC0EB0700C0EB0300854228BFCB
:10837000054625BB98F80A00EBF7DAFA002200233D
:10838000FEF7E5FD044608B9574627E0014640469A
:10839000FEF724FE4046FFF7F4FCE168228A658A76
:1083A0006369778DCB1AAD1AED1A738B9F4294BF18
:1083B000C0EB0700C0EB0300854228BF0546CDF89F
:1083C0000090DBF8047003980A44ABB25946B847F2
:1083D000071E07DABAF1000F18BF5746384605B036
:1083E000BDE8F08F0E9BABB9394604F10C00FEF7E7
:1083F0001EFE4046FFF7C5FC738D728B934228BF6B
:108400001346B9448342BA441FFA89F9BCD9AF4232
:108410009AD0B9E70F9A0E9B394620469847002814
:10842000E2D1B1E70027D9E72DE9F3411768D7F882
:1084300004800023144613730146064695224046E5
:1084400000F0BEFA0546207330B93146404600F0D0
:10845000A0FB28B908232373002002B0BDE8F081F7
:10846000A068798B7A8D038A914294BFC3EB010394
:10847000C3EB0203012BEFDD02210C30FEF7D7FD29
:10848000CDE900558046A388A26831463846FFF7FB
:1084900042FF031E06DA13F1FF0F26BF5B42DBB279
:1084A0000E23D8E7A8F800300120D6E72DE9F341E4
:1084B0001768D7F804800023144613730146064654
:1084C0009522404600F07CFA0546207330B93146CB
:1084D000404600F05EFB28B908232373002002B059
:1084E000BDE8F081CDE900553146A388A268384641
:1084F000FFF711FF002807DA10F1FF0F26BF4042F7
:10850000C0B20E202073E9E70120E8E7F8B5054680
:10851000071F00F1480350F8044CBFF35B8F53E88A
:10852000001F21F0040143E80012002AF7D1BFF335
:108530005B8FFCB1EB6C83B9636873B1201DFFF7EF
:1085400016FC064601463846FFF733FC90B16368D7
:108550003360A368666003B9A66005F15001384630
:10856000FFF7FDFD30B104F10C013846BDE8F840DD
:10857000FFF7F5BDF8BD08B5837A072B01D00020C1
:1085800008BD0421FFF7CDFB0028F8D0BFF35B8FB7
:10859000836CBFF35B8FDB07F1D550F8040CEFE77A
:1085A00038B50546BFF35B8F0B68BFF35B8FDB0706
:1085B00016D550F8040C98B1EB6C8BB90430FFF76A
:1085C000D6FB044660B10146281FFFF7F2FB38B125
:1085D00055F8043C5A6822609A685C6002B99C6055
:1085E00038BD70B50E461546FFF7C5FF78B1C369B3
:1085F0006BB1184650F8983903B1983B691C428D0D
:10860000448BA24228BF2246914202D93BB90020A6
:1086100070BD2A463146BDE87040EDF71BBDD3F86A
:10862000984004B1983C18462346E8E7EEF7C8BCEA
:1086300010B504466438EEF725FB54F8640C13219A
:10864000BDE81040FFF7EFB908B500230A8AC968F2
:10865000EEF7E2FA002008BD70B50D46FFF78BFF7C
:10866000044628B92846EBF70BFA6FF07F0070BD7F
:1086700000F10C062946304601F002FFE469C4B15E
:1086800054F8985905B1983D0022104607E022465B
:108690007DB1D5F8983003B1983B2C461D46831C1C
:1086A00001D1002AF4D131462046FFF758FD0028B9
:1086B000EDD10020DBE738B505460C46FCF786FB1C
:1086C0002846FFF758FF20B9FCF794FB6FF07F00B6
:1086D00038BD0023236083683BB9C0E90144FFF73C
:1086E00097FBFCF787FB0020F2E71C608460F6E74D
:1086F00010600020704710B5029CA36833B1B1F53B
:10870000807F28BF0E21CAB221469847A37DE26828
:10871000013BDBB2A37522B11BB92046BDE8104076
:10872000104710BD106091800020704770B50D4655
:10873000064611F8010BEDF7D1F9044610B12C896A
:10874000ECF75CFE6B89A34207D0EB686C8123B128
:1087500021463046BDE87040184770BD10B514463C
:1087600032B900F17001007AEEF702FB00B18460CB
:1087700010BD08B5EEF7FCFA18B1002303604360A2
:10878000836008BD70B500F1700605463146007A79
:10879000FEF7FAFE04463146287A1CB1BDE8704067
:1087A000FFF7E7BFEEF7E4FA10B1046044608460BD
:1087B00070BD022A10B508D1002300F170011A46DD
:1087C000007AEEF7E7FA022010BDFFF7DBFFFAE7C9
:1087D00038B5BDF81010BDF81840059DA1421046EF
:1087E0000CD84CB16DB1641A9C42A8BF1C46A4B20F
:1087F0002246294402F02AF9204638BD6FF00604CB
:10880000FAE76FF00D04F7E770B5CC6886B026780C
:10881000BDF8285066B96488ADF816400224029469
:108820000DF11604CDE90054FFF7D2FF06B070BD7C
:10883000102602960134F5E7F0B50C4687B0C968FA
:10884000054616461F46EEF745FB00B10089ADF818
:108850001600022302930DF116030193BDF8303088
:10886000009332463B4621462846FFF7B1FF07B04A
:10887000F0BD13B5044610B9002002B010BD0023AE
:108880008DF80430006842F6030301A9ADF8063004
:10889000FEF728FC0028EFD1E36898880028ECD187
:1088A0002046EEF7CDFB013080B2E6E72DE9F0413E
:1088B000CC688AB0064698460846A3798DF81430ED
:1088C0000D461746FFF7D5FFADF81500246823784D
:1088D00093B96388ADF817300523029305AB019374
:1088E000BDF8403000933A46434629463046FFF7EC
:1088F0006FFF0AB0BDE8F081631C0DF1170211345F
:1089000053F8041B42F8041BA342F9D11323E4E7F4
:108910001FB5CDE90123002300931A46EEF7C0FBF3
:1089200005B05DF804FB13B5002304468DF8043050
:10893000006842F6030301A9ADF80630FEF7D2FB4A
:1089400018B92046EEF706FC0446204602B010BDDA
:108950002DE9FF41D1F80C80054640461F460C46E4
:108960001646E7F7E7FEBDF82830009380B2CDE960
:1089700001803B46324621462846FFF729FF04B0D6
:10898000BDE8F08130B5CC6887B025788DF81050FF
:1089900094F901508DF811506588ADF81250257981
:1089A000E488ADF815400724029404AC0194BDF8A6
:1089B000284000948DF81450FFF70AFF07B030BD2F
:1089C0004B8A12F0010FC3F30E0304D013F0950F7E
:1089D00010D0486870B112F0020F04D013F4957FE4
:1089E0000AD0896841B1134013F4DE7F14BF05201B
:1089F0000020704702207047032070472DE9F041A6
:108A0000837A072B86B006460C46154640F08580D3
:108A100000238DF81430206842F6030305A9ADF851
:108A20001630FEF75FFB90B96768002F75D0009095
:108A3000012304AA2146B84701286ED19DF81030C1
:108A400013F0300F69D02046EEF784FB0446002374
:108A500020688DF8143005A942F60213ADF81630DF
:108A6000FEF740FB18B12046EEF774FB04460027E2
:108A700042F6021820688DF8087002A9ADF80A8045
:108A8000FEF730FBF8B9002320688DF8143005A9F3
:108A900042F60213ADF81630FEF724FB00283CD155
:108AA0006768002F39D00090022305AA214630467E
:108AB000B847022831D1BDF8143005EA0300003868
:108AC00018BF01202AE020688DF80C7042F60303DD
:108AD00003A9ADF80E30FEF705FB0028D3D02068BF
:108AE0008DF810704FF4205304A9ADF81230FEF742
:108AF000F9FA0028C7D020688DF8147042F60103F7
:108B000005A9ADF81630FEF7EDFA0028BBD02046D7
:108B1000EEF720FB04460028ACD1002006B0BDE8EB
:108B2000F081F8B50F4651684B8A03F0940306466E
:108B3000144613BB0122FFF761FF08B3A2891B2172
:108B400002323046FFF74DFD0546E0B1A1890C30F9
:108B50000231FEF76CFA20F8027BA289A16801F0CD
:108B600075FFD4E9041228460123EEF7EFF82946F1
:108B70003046BDE8F840FFF76FBD4FF0FF30F8BD5D
:108B80006FF01500FBE76FF00B00F8E7012070476E
:108B90007047012070470120704713B5C068144624
:108BA00068B100238DF8043001A94FF4C053ADF82B
:108BB0000630FEF797FA10B92368013323600120CD
:108BC00002B010BD0021F8B54FF0FF324FF0FF3377
:108BD00005460846EDF7A6F800F10C07044601210A
:108BE0003846FEF724FA0526067001213846FEF7BE
:108BF0001EFA002306701A4621462846FFF721F880
:108C000010B12046EAF73CFF0020F8BD6FF0850068
:108C1000704700207047FBF759BC0369C9B20C22AA
:108C200002FB0133186C00F00700704770B5034673
:108C3000C9B20069EFF31186202484F31288BFF3D0
:108C40006F8F0C2505FB0104246C14F0C00401D0C7
:108C5000A24210D105FB010001220264002086F32C
:108C60001188BFF36F8F28B95B6803EBC1035B68A2
:108C70009847002070BD4FF0FF30F0E78022FFF7EB
:108C8000D5BFF8B5069F04690546C9B2EFF3118C4C
:108C9000202080F31288BFF36F8F0C2606FB01465D
:108CA000306C00F0070EBEF1010F11D137640026C1
:108CB0008CF31188BFF36F8F46B90C2000FB014481
:108CC000C4E90E236B6853F8313098473046F8BD3D
:108CD00000F0C00087420CBF6FF077064FF0FF3600
:108CE000E6E713B580240094FFF7CBFF02B010BD78
:108CF00010B40069CBB21C2404FB0300002110BC9B
:108D000010471046FBF7E2BB00F0CEBCFAF7D6B92D
:108D1000F7B51C461646002382682360A36053699A
:108D20000D4601AA69469847019B5A1E01921BB93C
:108D30006FF0150003B0F0BD0098A2684768216885
:108D4000676085B9B31AD0F800C0634528BF634691
:108D50001A4403FB07112160A26002689A4206D8F8
:108D600008300090E0E76B1AB3FBF7F3EBE7002065
:108D7000E0E713460022FFF7CBBF10B50C4600F02A
:108D8000E0FF0023C4E90003184610BD38B50546CE
:108D90000C4600F0D6FF002D07DBA84205D9401B8A
:108DA00084428CBF0020012038BD0020FCE770B554
:108DB0000D462846194616461C46FFF7E7FF38B110
:108DC00024B122462946304601F040FE002070BD05
:108DD0006FF01500FBE743685B68D3F810350B6054
:108DE0000020704743685B6802EA010021EA020143
:108DF000C3F80805C3F80C150020704743685B688A
:108E00000020C3F80815704743685B680020C3F86A
:108E10000C15704743685B68D3F8042521EA02000B
:108E20001140C3F80805C3F80C150020704730B591
:108E30000369586800B30024884219D108688CB9C6
:108E40009C685860A14200D19860002008602AB157
:108E50005A680A609A68596002B9996000200FE068
:108E60002846E9E720609868814208BF9C60ECE7EB
:108E700005680446002DF3D1002AE9D16FF01500F2
:108E800030BD00F0A4BE2DE9F043476840F206363D
:108E9000D0063B7C87B002EA060654BFC2F3401CF2
:108EA0004FF0030C01F01F05B6F5837F144645EA29
:108EB00043158DF803C042D00DD8062E16D005D824
:108EC000A6B1022E3DD06FF0150035E0B6F5807FDB
:108ED000F9D101260AE040F20222964233D0B6F5DB
:108EE000407F32D0B6F5007FEDD1022622032ED589
:108EF0007A6801238B40C2F80835B86878BB05F062
:108F00001F026D0974D1920002F1A042C4F3004126
:108F1000D2F8003781F00101C4F3404423F4E16347
:108F200044EA410423F007031C4344EA8C0444EA66
:108F30000624C2F80047002007B0BDE8F0830726EA
:108F4000D4E70426D2E70526D0E70326CEE763035D
:108F500041BF01237A688B40C2F80C35CDE70DF193
:108F60000202294600F0B8FD14F4403F80460CD1BF
:108F7000B868294600F0DEFDB8F1000FDBD19DF89E
:108F80000210B868FAF748F9D5E74FF0000901ABCD
:108F9000CDE90199CDE90439CDF80C90B86803AA60
:108FA000294600F094FC4845C5DB14F4003314D086
:108FB000C4F300449DF803308DF80E3084F00104B2
:108FC0008DF80C608DF80D40B8684B4603AA294611
:108FD00000F018FD0028CFDAADE7CDE904330DF13C
:108FE00003030393B86803AA294600F070FCF1E775
:108FF00002F5E07250F82230FFDEF0B54468164604
:10900000A068227C01F01F0587B045EA42150028C0
:1090100065D0B6F5001F04D1294600F0D4FD00202C
:109020004EE001AA0020B6F5800F0190506036D1C5
:10903000B3F1007F14BF052304238DF8043000230F
:10904000CDE904230393E36823FA01F111F0010150
:109050000DF1030736D1B6F1A07F33D105F01F0320
:109060006A0903F5E0733DD14FF0A04252F8233076
:10907000DB0727D4A0683A46294600F02DFD1630BC
:1090800018D00297A06803AA294600F020FC002807
:1090900016DBA0680122294600F04EFDBFE7B3F1C0
:1090A000C06F05D0B3F1007F14BF01230223C4E7D2
:1090B0000323C2E7A0683946FAF7B4F80028E0DADB
:1090C00007B0F0BDA0683A46294600F005FD00282B
:1090D000D8D19DF80310A068FAF79EF8D2E76FF098
:1090E0008500EDE751F82330FFDE30B543681360AB
:1090F000057A446804EBC504A34202D36FF0010073
:1091000030BD5C798C4203F10803F0D10020F7E711
:10911000002201210420EAF7CDB910B50B6813B97C
:109120001360184605E003685C681CB114600368AE
:10913000186810BD083303600B68013B0B60EDE756
:1091400013B501AA0446FFF7D0FF002805DB019BF9
:10915000226819791868F9F75DF902B010BD034665
:109160000A4600681979012303FA01F103691B68B3
:10917000194218BF82F0010212B18368DB681847F8
:1091800083681B69FBE710B504460068D0B1037D16
:10919000C3B149B101210830FFF7E1FF2368186925
:1091A000BDE8104000F0EDBF12B98388DB0409D49C
:1091B000006900F0E6FF20680021BDE8104008309B
:1091C000FFF7CDBF10BD10B5012200210446FFF707
:1091D000DAFFA36933B9636004F11000BDE8104001
:1091E000FBF774B910BD10B50069C36A8B420AD190
:1091F000826A93420AD190F8844054B92830FFF72C
:10920000E2FF204610BD6FF07700FBE76FF015001E
:10921000F8E76FF00F00F5E72DE9F84344680669B9
:1092200001210546E06AFFF78BFF616B481C17D1EF
:10923000636A9847346B01270834D6E90C3203EB94
:10924000C203A4F10802934214D806F12800FFF7E4
:10925000BAFF6B680021D86AFFF772FF002007E0B1
:10926000206B00F0FDF810F1130F01D0411DDFD18C
:10927000BDE8F88354F8080C00F09FFF28B354F8B9
:10928000080C14F8041C34F8023CD0F810E0D0F8B4
:109290000890DEF800C0DA0754BF43F4B01383F43B
:1092A000D01323F4801207FA01F8DB074CBF48EA19
:1092B0000C032CEA0803CEF80030D9F800309847A8
:1092C000002804F10804B8DAD2E76FF01200CFE703
:1092D00038B505690446A96505F14800FBF7F6F8BD
:1092E000002285F8842020691146BDE838402830E6
:1092F000FFF749BFF0B50469226FA36F85B006463A
:109300003AB95BB91946304605B0BDE8F040FFF701
:10931000DFBF002B44D0934228BF13467068E16E34
:10932000058D676F9D4228BF1D4679B172B101F06E
:109330006043B3F1005F09D0082D28BF0825D4F899
:1093400088002A4601F082FBD4F88810626F5AB177
:10935000A36F4BB107F06043B3F1005F04D0082D59
:10936000D4F88C7028BF0825E36EC4F8805023B170
:10937000236F002B14BF2B460023019392B1A36FE0
:10938000002B08BF00250091002269462046039566
:10939000029700F0B8FD01460028B4D105B0F0BD39
:1093A0001346BBE71546EEE738B502780346002AB8
:1093B00055D10C69D4F8802032B9E06F6FF0730199
:1093C000BDE83840FFF784BF606F48B1A16F39B185
:1093D000DB682BB1834203D0D4F88C1001F036FB4C
:1093E000236FD4F880509BB19D4211D85B1B23673B
:1093F0004BBBE36D0833E365236E013B236604F149
:10940000700204F1600104F15C00FFF786FEE06683
:10941000A36F9BB19D4211D85B1BA367CBB9636E51
:1094200008336366A36E013BA36604F1780204F17E
:10943000680104F16400FFF770FE6067E06FBDE84B
:109440003840FFF757BFE36E002BE1D02B44E366B3
:10945000DEE7636F002BF1D02B446367EEE738BD86
:10946000F0B587B001238DF8023002238DF8043067
:109470006B4403930E4601AB0DF103010027054633
:10948000029104930597F9F7CDFE041E0BDB03AAA6
:109490003146284600F01BFA041E07DA9DF8031037
:1094A0002846F9F7B9FE204607B0F0BD3C46FAE77A
:1094B00000F150039B009BB203F1804303F5883316
:1094C00000221A601B68704708B5F9F775FA08BDE5
:1094D0004FF0FF30704708B5006990F8343099427A
:1094E00007D290F835303BB1C9B2FAF7ABFC002097
:1094F00008BD6FF01500FBE76FF00A00F8E71FB535
:10950000046900230193CA070393236B02935CBF92
:10951000012301938B0758BF019B01A958BF43F05A
:109520000803204658BF019300F0E5FD002806DB44
:10953000204600F0EFFD012384F83530002004B010
:1095400010BD4FF08053D3F830210A2A06D1D3F84A
:109550003401012894BF002001207047002070478B
:1095600003460020184700F00CBE10B502461168F3
:10957000B1B1BFF35B8FB1FA81F3C3F11F000123D7
:10958000834021EA030352E8004F8C4204D142E8B1
:10959000003CBCF1000FF6D1BFF35B8FE7D110BDEB
:1095A0006FF00B00FBE710B50368CB40DB0714D46A
:1095B00001238B400268BFF35B8F43EA020150E84E
:1095C000004F944204D140E8001CBCF1000FF6D1DA
:1095D000BFF35B8FEED1002010BD6FF01500FBE7ED
:1095E0000001090400F1804012B1C0F8041970476D
:1095F000C0F8081970472DE9F04100F160404C1E99
:10960000044416461F46050B240B4FF00108A542E3
:1096100001D9BDE8F08105F00101C5F347003246EC
:1096200008FA01F1B8470135F1E710B1012802D07D
:109630007047F9F743BDF9F7F3BC18B1012803D11E
:1096400000F017B800F030B8704708B5F9F704FD1E
:10965000BDE80840F9F772BD4FF08053D3F83021D0
:109660000A2A03BFD3F83401B0FA80F04009002081
:109670007047F9F79BBC38B54FF080440223C4F81B
:1096800008330123E3600023C4F80431D4F8043123
:1096900042F21075D4F81834DB0304D50120FFF72B
:1096A00062FF013DF6D138BDFFF7E5BF036803F067
:1096B0001F025B0902600CBF4FF0A0400020704702
:1096C000F7B51646019001A8DDE908471D46FFF7EA
:1096D000EDFFB6F1000C18BF4FF0010C019B0A1E04
:1096E00018BF0122002D42EA4C0203F5E0730CBFC3
:1096F0004FF0000C4FF00C0C002C42EA0C020CBF97
:109700004FF0000C4FF4E06C002F42EA0C0250F8CE
:1097100023000CBF4FF0000C4FF4403C42EA0C0217
:1097200020EA020201B109780EB1367876001143C1
:109730000DB12D78AD0031436CB120780002294382
:109740000FB13F783F0408434FF0A042384342F83E
:10975000230003B0F0BD2046F1E71FB50DF10F0364
:10976000019300238DF80F1000931A461946FFF756
:10977000A7FF05B05DF804FB70B5CBB20833164601
:1097800030F81330DA0504460D4609D5C3F34323F8
:1097900000EBC302314650F83330526828469847F0
:1097A000A3682BB1E26831462846BDE870401847EF
:1097B00070BD10B4CBB200EB43039A8AD1051BD520
:1097C000C2F3432122F4F8529A8200F1520400F1CC
:1097D000120232F8023F13F4807F03D0C3F3432315
:1097E000994209D0A242F4D100EBC10300225A6091
:1097F00010BC5830FFF7D7BE10BC7047024611F0BE
:10980000010011D04FF0A043D3F8200510604FF0B5
:109810008052C3F82005D2F830210A2A08BFD3F8B5
:109820002035003818BF01207047F0B5034600F519
:109830008074002005460127844695420AD1D3F85A
:109840007C2132B10022C3F87C21D3F87C3140F076
:109850000040F0BD25F0404607FA06F6314209D037
:10986000D4F800E0BEF1000F04D0C4F800C0D4F872
:1098700000E0304301350434DFE7C9B200EB4100BA
:10988000808A830643BF400B800000F580704FF450
:10989000BE7070470246CBB202EB430308469B8A78
:1098A000990611D599070FD410685B0B01219940D7
:1098B000C0F80813126802EB8303D3F8102522F0D6
:1098C0000302C3F8102570470021FFF746BFF0B52B
:1098D000136885B005460C461646DBB1CFB200EBE7
:1098E0004707BA8A02F02202222A1ED00022CDE9BE
:1098F00000228DF80E208DF80F200DF10E010DF1D4
:109900000F022046FFF7DCFEBB8A23F0020343F080
:109910000103BB8273682BB31A785868E3B205EB76
:109920004303998A8F0703D5B0B16FF015001CE08F
:1099300021F4604121F02001998268B1032AF4D812
:10994000716849680F7829684FEA870C614472B9D9
:10995000C1F81025C1F81025998A21F01C0141EAAF
:1099600082029A82B36843BB002005B0F0BDD1F8F3
:10997000100520F00300C1F8100528686044D0F8F5
:10998000101521F4473121F44071C0F8101521025F
:10999000D0F810C501F4F85141EA024141EA0C0146
:1099A000C0F8101505EB4701A1F85C40998A41EA1F
:1099B000473141F020019982CEE7D3E90067214683
:1099C0002846FFF7F6FE002ECED06B689E4206D0EA
:1099D00005F15800FFF7C9FD002804DAC5E7AB68B8
:1099E0009F42F5D1002005EBC003C3E90167E4B253
:1099F00005EB4404C0B2A38A43EA402343F48073D6
:109A0000A382B1E7F0B5064685B00C461F46F2B119
:109A1000CDB200EB4505AB8A980701D499061ED458
:109A200013F01C0F02D05378012B18D001238DF8AE
:109A30000F300023CDE900230DF10F01931C2046C8
:109A40000132FFF73DFEAB8A43F00303AB82002FE8
:109A50003DD0E2B206EB4202938A9B0703D46FF03B
:109A6000150005B0F0BD3878336803EB80030021A2
:109A7000C3F81015C3F81015938A23F4604323F03C
:109A8000200393827D784FEA800C05B33168BF785C
:109A900061442D04D1F8103523F4981323F4F853BE
:109AA000C1F81035230203F4F85305F440353F059F
:109AB000D1F810652B4307F480173B433343C1F8BB
:109AC0001035938A43EA403343F020039382002009
:109AD000C7E7C0E903127047C9B200EB4100838AAF
:109AE000990643BF5B0B002013706FF015007047A1
:109AF00038B590F86C4005469CB940222146143098
:109B000000F0CBFF2868C0F87C41D0F87C3140F3EE
:109B10000730E9F79FFC012385F86C30AB652046E0
:109B200038BD6FF07700FBE790F86C00003818BF85
:109B300001207047F9F73ABB73B50C46C9B200EB88
:109B4000410105688B8A9E0619D513F0020616D1CD
:109B50005B0B9C0004F580716E50695801682144CC
:109B6000D1F8104544F00104C1F810452AB101684C
:109B7000012202FA03F3C1F8043302B070BDD5F834
:109B80000433002BA4BF4FF00043C5F804338B8A85
:109B9000C3F38203042B12D0052B12D001A8019429
:109BA000FFF784FD019AD0F81035D34003F001038C
:109BB000991C204602B0BDE87040FFF7CEBD0321DE
:109BC000F7E70221F5E7FFF765BEFFF756BE2DE97F
:109BD000F04F074685B057F8049BD9F80413C9B273
:109BE0008046082241F000414846FFF71EFE051E50
:109BF00017DA0DF1080A0023012150460293FFF7FE
:109C0000FDFD0191029A92B94FF000414846FFF7DD
:109C10000CFE01215046FFF7F1FD0028F2D125F09E
:109C200000450124002D76D105B0BDE8F08F92FAF1
:109C3000A2F4B4FA84F408EB4403E608998A019B81
:109C40001AF80620039404F0070003FA00F022EA51
:109C500000020AF80620C1F3820B03A8CDF800B079
:109C6000FFF724FD039A02F5E072CB0650F822605C
:109C7000C6F3014635D5009A38462146FFF77CFDEC
:109C800003A80394FFF712FD039B03F5E073F6B2FC
:109C900050F82330C3F301439E4207D100212046F0
:109CA000FFF75BFD31462046FFF757FD03A80394FD
:109CB000FFF7FCFC039B019A02FA03F3C0F820357E
:109CC0004FF08053D3F830310A2B9BD14FF0A04393
:109CD000D3F82025D3F82025D3F82025D3F8203534
:109CE00090E7022E14BF022103212046FFF735FD25
:109CF000BBF1030F04D0022E08D1BBF1010FD5D167
:109D0000009A21463846FFF737FDCFE7032ECDD125
:109D1000BBF1020FF3E795FAA5F3B3FA83F304FA64
:109D200003F225EA020503F5A27208EB430359F892
:109D30002220B3F85C10C2F301423846FFF71CFD45
:109D400070E74FF080531A695869504370474FF0DD
:109D50008053186970474FF080535869704710B5A9
:109D6000A1F58074A4080123A34018400AD001F192
:109D7000804101F5E041086820B1002008600968D1
:109D80000AB9012010BD116819431160F9E708B53F
:109D900000210120F9F7FCFA0028F9D008BD08B528
:109DA0000246F9F795FA20B9BDE808401046F9F7E0
:109DB000C5BB6FF00F0008BD30B5054690084038B0
:109DC0000124844014EA010009D0A85838B10021C8
:109DD000A950AA5813B11A6822431A60012030BD55
:109DE0002DE9F341002304460D460193904601AB53
:109DF0004FF4A672FFF7E0FF4FF482722946204627
:109E0000FFF7DAFF4FF48C72074629462046FFF72A
:109E1000D3FF064630B1B8F1000F1DD017B1D4F80A
:109E20003C353E4601AB4FF4887229462046FFF789
:109E3000C3FF30B1B8F1000F03D016B90FB1D4F899
:109E40003C3501AB4FF4907229462046FFF7B4FF32
:109E5000019802B0BDE8F0814646E3E770B54B7F5C
:109E600004460D467BB10123436164260022022192
:109E70002046FFF7B5FF20B90120FFF774FB013E34
:109E8000F4D100236B77AB7F5B0744BF0023C4F89A
:109E9000003570BD430906D101234FF0A042834035
:109EA000C2F8083570470023C3F80835FFDE4309C0
:109EB00006D101234FF0A0428340C2F80C35704711
:109EC0000023C3F80C35FFDE70B51D4690F8203036
:109ED000044616468BB919B14869F9F77BFE78B18B
:109EE000C4E9016511B12046F9F7C4FE0020012341
:109EF00084F8210084F8203070BD6FF07700FBE714
:109F00006FF01500F8E7F0B590F8213085B0054600
:109F10000E461746002B40F0958043682BB112F097
:109F2000140F04BF012380F8213096E80F0005F1DB
:109F3000100484E80F00686A441C05D095F82230AC
:109F4000990717D5FFF7A6FF33682C6823B103F0F4
:109F50006043B3F1005F06D1B36873B103F06043AF
:109F6000B3F1005F09D0002385F821306FF00C00B9
:109F700005B0F0BDFFF79BFFE6E717F0010318BF40
:109F80000123C4F8503517F0020318BF0123C4F8A9
:109F90004035D6E900C0D6E902120023C4F844C512
:109FA00017F01C0FC4F84805C4F83415C4F8382558
:109FB000C4F81831D4F8183135D1D4F80035073B3E
:109FC00018BF012395F8226063F3820685F82260AA
:109FD000072317F00806C4F8003512D16B684FF05C
:109FE000010EC4F810E063B9D4F81831002BFBD08F
:109FF000CDE90212CDE900C06A4640212046FFF7B4
:10A00000EFFE6B68A3B9686A421C05D095F8223050
:10A010009B070AD5FFF74BFF1EB9291D2046FFF706
:10A020001DFF0020A4E70123CCE7FFF733FFF3E790
:10A0300017F0040F4FF0400314BFC4F80833C4F8FE
:10A040000433EEE76FF00F0092E770B50246044666
:10A0500052F8105B40212846FFF7C2FED8B1606A73
:10A06000421C05D094F822309B0711D5FFF71FFF43
:10A0700094F821301BB1211D2846FFF7EFFE204642
:10A08000002300F80C3FD4E90131BDE870401847C7
:10A09000FFF700FFECE770BD38B5D1E90051044689
:10A0A0000023C8034FF47A72490CE6F729FB2368B2
:10A0B000C3F80C55C3F80405A36863B124680023F2
:10A0C000C4F8003144F30730D4F80031E9F7C2F99D
:10A0D0000123C4F8043338BD38B5C0E902234379FD
:10A0E00033B90123437109B1FFF7D6FF002038BD12
:10A0F0006FF07700FBE708B543792BB1022B06D050
:10A10000FFF7CAFF002008BD6FF07600FBE76FF095
:10A110000F00F8E7036801221A60022343717047B9
:10A1200010B5EFF31184202383F31288BFF36F8FF0
:10A130000379072B11D80B7001330371026809787A
:10A14000D2F8080501238B400343C2F808350020EC
:10A1500084F31188BFF36F8F10BD6FF00B00F7E72A
:10A160000368D3F80414D3F800214AB10022C3F8DD
:10A170000021D3F80031D0E902324FF48070184743
:10A18000704708B1E9F7A4BC704710B543690446AD
:10A190003BB90020E268537843F00103537040421A
:10A1A00010BD98470028F4D00028B8BF4042E368AB
:10A1B000FF28A8BFFF201870ECE740B1C3685878AB
:10A1C00010F001001EBF1878B0FA80F04009704707
:10A1D000EFF31183202383F31288BFF36F8FFEE721
:10A1E00008B5FFF7F5FF10B400F10C04C0E9034413
:10A1F00010BCFCF72AB838B50446EFF311852023CC
:10A2000083F31288BFF36F8FFBF799FF04F10C0003
:10A2100000F007FB30B1294604F11400BDE83840D6
:10A2200000F0E4BA85F31188BFF36F8F38BD10B525
:10A2300042696AB1836842EA0301890708D101696A
:10A24000A2FB011424B95B182CBF0121002102D309
:10A250006FF0150005E0C1609B1A02698A4201D8BF
:10A26000002010BDC2681A604269C36001319B1AA8
:10A27000F3E72DE9F04105460F46EFF3118820235F
:10A2800083F31288BFF36F8FC668F6B90468A042E3
:10A290001BD0D4B1D4E9003213605A60237CA6608D
:10A2A00023F002032374C4E9006604F1180000F0EF
:10A2B00039FB2046A667676100F03EFA414605F18A
:10A2C0000800BDE8F04100F091BA3E60AB69EF6074
:10A2D000013BAB6188F31188BFF36F8FBDE8F0815C
:10A2E00008B52024EFF3118384F31288BFF36F8F36
:10A2F000FCF7EFFDF6E7D0E9003213605A60027C0C
:10A30000002322F00202C0E9003302748360704728
:10A3100013B501240094F9F71BFF02B010BD90F9AA
:10A320000E308B4201D0FAF7D1BC002070470346B3
:10A330000020C3E90200C3E900337047D0E90032CE
:10A3400013605A60027C002322F00202C0E900334D
:10A350000274836070472DE9F843904604469DF8E7
:10A3600020200D46EFF31187202181F31288BFF3DF
:10A370006F8F02B14568A66804F10809B14515D090
:10A38000A6B13046FFF7DAFF002406F1180000F00E
:10A39000C9FA3046B467C6F8148000F0CDF94846D3
:10A3A000394600F023FA2046BDE8F883A3B108201F
:10A3B000FBF74AF9002832D00122C0F8048002607D
:10A3C000016801F003015DB922680A430260626816
:10A3D00020606AB960600BE0C8F800304046EFE7E3
:10A3E0002A68032A10D80160616839B9C4E90000FD
:10A3F000002087F31188BFF36F8FD5E70A6802F05A
:10A40000030202430A60E5E722F003020A43026006
:10A410002A6802F0030240EA02032B60E8E76FF0CB
:10A420000B00E6E70023C0E9003300F10803C0E9B0
:10A430000233704770B5EFF31185202383F3128840
:10A44000BFF36F8F846800F10806A64213D094B161
:10A450002046FFF773FF04F1180000F063FA0023B1
:10A460002046A367636100F067F929463046BDE8DE
:10A47000704000F0BBB985F31188BFF36F8F70BDDA
:10A4800007B50123009300230A461946FFF763FF2F
:10A4900003B05DF804FB07B500230A460093194694
:10A4A000FFF759FF03B05DF804FBEFF3118320229F
:10A4B00082F31288BFF36F8F006818B102689207A9
:10A4C00018BF406883F31188BFF36F8F70473AB1AC
:10A4D0008A4205D3C0E90212C0E90000002070479B
:10A4E0006FF015007047026801238B4022EA0303D6
:10A4F000036022FA01F000F001007047704710B5C8
:10A50000032104460C30FFF7EEFF30B104F11000D8
:10A5100000F008FAB0FA80F0400910BD20B1002226
:10A5200011468C3000F0C5B9704770B5C368C3F3ED
:10A5300040069B07044616D4856802210C30FFF7BD
:10A54000D2FF80B1D5F884206AB194421DD122682F
:10A550009EB9D5F88830C5F884209C4201D1C5F851
:10A56000882000232360E36813F01F001EBF43F020
:10A570000203E36040F0020070BD3260D5F888202D
:10A58000944208BFC5F88860EBE716461268DBE71F
:10A5900073B50446EFF31185202383F31288BFF3CC
:10A5A0006F8F00230193D0E90423B3F1004F08BF5C
:10A5B000012A05D085F31188BFF36F8F02B070BDFB
:10A5C000A0F1100603210438FFF78DFF0028F1D019
:10A5D000A369019301A93046FAF7CEF8EAE738B546
:10A5E00004460D461022002100F057FA656038BD80
:10A5F00013B501900846EFF31184202383F31288EA
:10A60000BFF36F8F01A9FAF7B7F884F31188BFF38E
:10A610006F8F02B010BD10B5FFF7EAFF041E08DD12
:10A62000EFF31180202383F31288BFF36F8FFAF7C3
:10A63000B9FB204610BD70B50D46EFF311862023FF
:10A6400083F31288BFF36F8FFAF7E8F8044686F3B6
:10A650001188BFF36F8F38B14FF0FF324FF0FF33E7
:10A6600005F11000F9F766FF204670BD08B5A0227D
:10A67000002100F012FA08BD38B5302204460D461C
:10A68000002100F00AFA4FF480736560E36038BD82
:10A6900038B50446EFF31185202383F31288BFF306
:10A6A0006F8FFFF72CFF2046FFF73FFF85F31188E0
:10A6B000BFF36F8F38BDEFF30580003818BF01205E
:10A6C00070476FF057007047D0E9003213605A604E
:10A6D0000023C0E90033704708B5FFF7F5FF037C9E
:10A6E00023F0020303740023836008BD38B50446D9
:10A6F0000D46FAF747FA237C43F002032374D5B1E1
:10A70000A5602B689D4209D16B68C4E900531C60A9
:10A710006C6010E06A689A42F6D01B68002BF3D098
:10A7200093F90E1094F90E209142F3DD5A68C4E9B2
:10A73000003214605C6038BD10B5EFF31184202343
:10A7400083F31288BFF36F8FFAF7DCF984F3118873
:10A75000BFF36F8F10BD08B5EFF31181202282F394
:10A760001288BFF36F8F83680BB1FFF7B5FF81F3DA
:10A770001188BFF36F8F08BD08B5037C13F0280F55
:10A7800001460CD183680BB1FFF7A6FF0B7C23F0C9
:10A7900004030B740846BDE80840FAF7B3B908BDD6
:10A7A00010B5EFF31184202383F31288BFF36F8F6A
:10A7B0001838FFF7E1FF84F31188BFF36F8F10BDE6
:10A7C00008B50346EFF31181202282F31288BFF30C
:10A7D0006F8F0068834207D008B1FFF77DFF81F3D8
:10A7E0001188BFF36F8F08BD0020F8E70846FAF71D
:10A7F00001BA38B504680546AC424FF0000000D1FC
:10A8000038BD002CFCD02046FFF766FF04F118008D
:10A8100000F088F82046FAF775F92C680120A54267
:10A82000EDE710B5EFF31184202383F31288BFF313
:10A830006F8FFFF7DEFF84F31188BFF36F8F10BDBA
:10A8400038B50C460546FAF749FBB4F1FF3F08BF9F
:10A85000B5F1FF3F1FBF47F6FF7300224FF47A7137
:10A86000E0FB01321ABFD80B40EA42404FF0FF3004
:10A8700038BD38B50446EFF31185202383F31288E1
:10A88000BFF36F8F037C5B070ED5183000F04AF8DA
:10A89000237C23F0040320462374FAF733F9284677
:10A8A000BDE83840FAF7A6B985F31188BFF36F8F7A
:10A8B00038BD38B5EFF31185202383F31288BFF339
:10A8C0006F8F0468A04212D09CB1A16762612046DC
:10A8D000FFF702FF04F1180000F024F82046FAF711
:10A8E00011F9012085F31188BFF36F8F38BD002067
:10A8F000F8E72046F6E708B50246FAF761FC70B1C2
:10A90000D0E904319B1A61EBE272B3F1004F72F1AE
:10A91000000104DA002AACBF1846002008BD6FF021
:10A920000040FBE738B50246EFF31185202383F39F
:10A930001288BFF36F8F0368D3B1FAF741FC044666
:10A940001046FAF74FFC00224FF000438442C0E962
:10A95000042305D0002085F31188BFF36F8F38BD25
:10A96000FAF736FCFFF7C7FF0021F8F78FF9F1E798
:10A97000D0E90413B3F1004F08BF012904D100202E
:10A980004FF00041C2E904016FF01500E3E708B59C
:10A99000FAF730FD08BDFAF72DBDB3F1FF3F08BF50
:10A9A000B2F1FF3F70B506461D46144614D01A4357
:10A9B00016D0002B08DBFAF71DFD041941EB050149
:10A9C000C6E90041304670BD6FF001031C1B4FF01B
:10A9D000FF3363EB0501F3E74FF0FF342146EFE768
:10A9E0000024FBE7B3F1FF3F08BFB2F1FF3FF8B52A
:10A9F000074616461C4610D054EA020311D0FAF757
:10AA0000F9FCB0420A46A14103460AD2F31A64EBAC
:10AA10000204C7E900343846F8BD4FF0FF331C4646
:10AA2000F7E70023FBE70023C0E9081200F1180252
:10AA3000C0E90622C0E9003303634363704720B1D5
:10AA4000011F50F8040CFFF7D6BB70470A4491422F
:10AA500000F1FF3300D1704710B511F8014B03F836
:10AA6000014F9142F9D110BD884210B501EB0204AB
:10AA700002D98442234607D8431EA14207D011F8C9
:10AA8000012B03F8012FF8E70244824200D110BDE8
:10AA900013F8011D02F8011DF7E702440346934233
:10AAA00000D1704703F8011BF9E710B501390244E2
:10AAB000904201D1002005E0037811F8014FA34234
:10AAC00001D0181B10BD0130F2E710B50246014459
:10AAD0008A42134603D01C780132002CF8D1181A90
:10AAE00010BDF0B5C3F137070446FFB203F01F03F2
:10AAF0001046082BE6B233D0102B3ED06508A408D0
:10AB000044EA817445EAC1752D194FEA910242EB7E
:10AB10005102290941EA02716D1842EB1212290A09
:10AB200041EA02616D1842EB1222290C41EA02410E
:10AB30006D1842EB1242AD1842F10002EC0844EAF3
:10AB40004274D10804EB8402A6EB4205EDB2092D54
:10AB50000CD90134A5F10A0541F10001EDB212E072
:10AB6000E40844EA417406F00705C908303554EAA0
:10AB7000010200F8015BBCD1F0BD240944EA017474
:10AB800006F00F050909092D84BFED19EDB2EDE7B7
:10AB900020F00042B2F1FF4F70B50346044610D3D7
:10ABA000002807DA00F044F820B92046BDE87040DC
:10ABB000FBF742B821462046E5F784FA04462046D2
:10ABC00070BD002AFBD00028F0DB10F0FF4127D039
:10ABD000C215C3F31603A2F17F0043F40003D207AA
:10ABE00058BF5B00002440105B00192526464FF03B
:10ABF000807172189A42DDBF561864189A1A1A4664
:10AC0000013D4FEA42034FEA5101F2D112B1013442
:10AC100024F00104641004F17C5404EBC054CEE72A
:10AC20005B0018020A4601F10101F9D55242D0E752
:10AC300020F00040B0F1FF4F94BF0020012070478A
:10AC4000C0F3C7530028A3F17F010246ACBF012027
:10AC50004FF0FF301E291ADC002903DA013118BF3A
:10AC6000002070471629D8BF4FF48003C2F31602A4
:10AC7000D8BF0B4142F40002CDBF963B9B18C1F1F7
:10AC8000170102FA03F3D8BFCB405843704701289D
:10AC90004FF0FF3018BF002000F100407047000067
:08ACA000A45AFE7F0100000030
:10ACA800BF700100000000000000000028AD010096
:10ACB800A940010000000000CD4001000000000094
:10ACC8000000000044AD01000000000060AD01007C
:10ACD800000000007CAD01002D2B010000000000E9
:10ACE800D538000000000000ED450100000000001C
:10ACF80000000000B4AD010000000000D0AD01006C
:10AD08000000000098AD010000000000ECAD01005B
:10AD1800493C000000000000576E010000000000E0
:10AD2800B1BD0100E4B601006CAF010008060020C7
:10AD380034210020511B010000000000EABD010081
:10AD4800FCB6010024AF01000E060020E42100201B
:10AD5800D923010000000000C0BD01000000000070
:10AD680004AF01000A060020882100201D200100F0
:10AD78000000000005BE01000000000050AF010007
:10AD880012060020A40500206D2D0100000000001F
:10AD980070B401000000000060AF0100040600204C
:10ADA800681B00200000000000000000A4BD010096
:10ADB80000000000F8AE01000606002000000000B8
:10ADC800B918010000000000D0BD0100000000001B
:10ADD8000CAF01000C0600200000000079210100E2
:10ADE80000000000F8BD010010B7010048AF0100E5
:10ADF8001006002014050020199201000000000030
:10AE08004B9601006195010000000000A16E010051
:10AE180000000000A16E010000000000A16E01000A
:10AE2800140500204BA0010000000000A16E0100E5
:10AE3800A4020020838E0100293A010061950100D7
:10AE480000000000A16E010000000000A16E0100DA
:10AE580000000000A16E010000000000E5F3000002
:10AE680000000000A16E0100882100208920010057
:10AE7800000000008514010000000000A16E010020
:10AE8800A405002061A1010000000000BD2B010005
:10AE980000000000A16E010000000000A16E01008A
:10AEA80000000000A16E010000000000A16E01007A
:10AEB80000000000A16E010000000000A16E01006A
:10AEC8000000000015F4000000000000A16E010061
:10AED80000000000A16E010000000000A16E01004A
:10AEE80000000000A16E010000000000A16E01003A
:0CAEF8007D150100FD180100580200004B
:08AF0400C91F0100191F010023
:10AF0C00AF8D010025230100092201000D21010054
:08AF1C007B8D0100FD20010006
:10AF2400878E0100D78D0100E58D0100FD8D0100A4
:10AF3400098E0100158E0100FB8F01002F8E010088
:04AF44000000000009
:08AF480009250100E791010059
:10AF5000FF940100D1940100FD2C0100D794010061
:0CAF600039A00000599E0000D59D0000A3
:10AF6C00A91B01007D8C0100E38C01000000000096
:0CAF7C001B8C0100000000000000000021
:10AF880005000000095D000006000000D176000001
:08AF980004000000A96900009B
:10AFA00025270000FD260000AD5F01000000000025
:08AFB000000000000000000099
:10AFB800DCB301000400000010B10100070000002C
:10AFC8009CB101000500000070B0010008000000FD
:10AFE0000001060201000000000102010404040443
:10AFF0009000A00000009001000000000000000090
:10B000000738FDD870470000B4AD0100000100040E
:10B010000A400080000000000C00000044AD010068
:10B0200008000000ECAD010000093D000601000031
:10B0300044AD010004000100000000000100000018
:10B0400000000000000000000300000054050000A4
:10B05000780500000000000007100000F005002047
:10B060000101000000060020090A00007CB8010070
:10B07000ECB7010009880100000000007EBE01005D
:10B0800000000100E8B70100AD88010000000000E9
:10B0900060020020000001006DBE0100E1260000FA
:10B0A000000000000000000000000100E4B7010003
:10B0B00039880100016F00004802002000000300F1
:10B0C000E0B70100518901000000000081B80100D3
:10B0D00000000100DCB70100AD88010000000000A5
:10B0E00040020020000001005CBE010000000000E2
:10B0F000855F01000000000000000200D8B70100D9
:10B10000518901000000000087B801000000010023
:10B1100018B80100098801000000000014B80100FF
:10B120000000010010B80100AD880100000000001F
:10B130007C0200200000010008B80100216E01001F
:10B1400000000000000000000000010004B8010041
:10B15000AD88010000000000740200200000010022
:10B16000FCB70100ED6D01000000000000000000D0
:10B1700000000100F8B70100AD88010000000000E8
:10B180006C02002000000100F0B70100B12E0000A9
:10B1900000000000000000000000010034B80100C1
:10B1A000098801000000000030B801000000010023
:10B1B0002CB80100AD880100000000009C020020B6
:10B1C0000000010024B80100DD2E00000000000096
:10B1D000000000000000010020B8010039880100D3
:10B1E000016F000084020020000003001CB8010071
:10B1F000858901000000000038B80100000001004E
:10B20000000000200000000000000B06020000000B
:10B2100014B20100000000006CBC01002200020218
:10B220000000002074BC01001C000B1161390000FB
:10B23000000000002B6F01002CB2010048B2010099
:10B240004700000000000000604600202CB2010012
:10B250005CB201002E00000000000000044B002042
:10B260002CB2010070B201000201000000000000D9
:10B27000D84B00200E030000714800000F040000AE
:10B280006D4900001A010000717201000504000000
:10B29000FD3B000013010000AB7301003E01000004
:10B2A000CD3D0000011200009D7301000A1E000048
:10B2B0004B740100FF010000A53C00003E010000AE
:10B2C000C53C000005040000977201001001000059
:10B2D000F772010001120000C54300000A1E0000C1
:10B2E000C57501000309000059740100040B00003A
:10B2F000FF720100060A0000417601000C05000003
:10B30000BF7201002CB2010014B30100470000001D
:10B3100000000000F44C00202CB2010028B3010012
:10B320000000000000000000B44D00202CB201001D
:10B330003CB301002000000000000000DC4D0020B4
:10B34000097B01005B7B01000000000000000000A1
:10B3500000000000CF7C01000000000000000000A1
:10B360000000000000000000020201001F80010038
:10B3700004040100B5610000060601001964000024
:10B3800008040100D96400000A020100478101009D
:10B390000C0401002F8101000E040100F162000085
:10B3A000200401008563000010040100ED65000029
:10B3B00012020100918101001E0004004986010073
:10B3C00052020000B78101002CB20100D8B3010085
:10B3D0002200000000000000B44E002054B801001C
:10B3E000098801000000000050B8010000000100C1
:10B3F0004CB80100AD880100000000008C03002063
:10B400000000010044B8010000000000000000003E
:10B41000000000000000000040B801003988010071
:10B42000016F0000940300200000030000000000F2
:10B43000000000000000000000000000000000000C
:10B44000C58B0100000000000000000000000000AB
:10B450000000000042542043544C522052582070A7
:10B460007269000042542043544C5220525800004C
:10B4700062745F6863695F636F6E74726F6C6C6532
:10B48000720000005A6570687972204F532076343C
:10B490002E342E3200000000574553545F544F5055
:10B4A0004449522F7A65706879722F737562737987
:10B4B000732F626C7565746F6F74682F636F6E7431
:10B4C000726F6C6C65722F6C6C5F73772F756C6C20
:10B4D0005F636F6E6E2E6300657272203D3D20309B
:10B4E000207C7C20657272203D3D202D3132300061
:10B4F000415353455254494F4E204641494C205BDD
:10B5000025735D20402025733A25640A0000000061
:10B5100009706172616D313A202575207061726128
:10B520006D323A2025750A00574553545F544F50E9
:10B530004449522F7A65706879722F7375627379F6
:10B54000732F626C7565746F6F74682F636F6E74A0
:10B55000726F6C6C65722F6C6C5F73772F6E6F728D
:10B560006469632F6C6C6C2F6C6C6C5F6164762EFD
:10B5700063000000300000000925733A2041637425
:10B5800075616C204556454E545F4F5645524845AF
:10B5900041445F53544152545F5553203D2025751B
:10B5A0000A000000574553545F544F504449522FEE
:10B5B0007A65706879722F7375627379732F626C14
:10B5C0007565746F6F74682F636F6E74726F6C6CD7
:10B5D00065722F6C6C5F73772F6E6F726469632F67
:10B5E0006C6C6C2F6C6C6C5F7065726970686572E6
:10B5F000616C2E630000000011C9000021C9000029
:10B6000031C9000000000000000000000000000040
:10B6100000000000D9C9000041C90000000000007E
:10B62000000000000000000051C90000E9C900004E
:10B630000000000061C9000019CA000071C90000C3
:10B640000000000081C900000000000009CA0000DD
:10B6500029CA000039CA000091C90000000000009A
:10B6600000000000000000000000000000000000DA
:10B67000F9C9000008020B020A03000000000000E4
:10B6800000000000020200000000000004030000AF
:10B69000000009030000000000000000000000009E
:10B6A000070300000000000000000000F401FA00A1
:10B6B000960064004B0032001E001400707265702A
:10B6C0006172655F63620000707265706172655FD0
:10B6D00063620000010304050D1B0100DD1A010077
:10B6E00000000000591C0100D91B01000D8D010054
:10B6F000098D01000400000000FF0000FFFFFFFFB4
:10B7000000000050A40200200000008000000000A3
:10B7100000127A000000000000000000000000009D
:10B72000FFFFFFFF0000FF0000000000000000011D
:10B730000100000011910100FF0300004CB701005F
:10B7400000000000FFFFFFFF00000000004000407D
:10B7500058B701000100000060B7010003000000BD
:10B7600005000004020000050300000644AD0100CE
:10B7700004000100A8AC0100A8AC0100E0AC01008D
:10B78000E8AC010020AD010028AD01001CBE0100A5
:10B7900000010000000000006937AC31682122334D
:10B7A000B40F14336821A2333863ED3EDA0F493FFA
:10B7B0005E987B3FDA0FC93FB80B6400540B500012
:10B7C000F00A3C008C0A2800280A1400C4090A0068
:10B7D00060090500D00700000000012900000328CF
:10B7E00000000129000002290000032800000028B1
:10B7F0000000042A0000042A000003280000012A97
:10B800000000012A000003280000002A0000002A8E
:10B810000000032800000018000000280000042990
:10B82000000002290000192A0000192A000003283C
:10B8300000000F18000000280400AD2701000601D9
:10B84000000002290000052A0000052A0000032844
:10B85000000001180000002809636F6E766572739E
:10B86000696F6E20726573756C74206973206F75D3
:10B8700074206F662072616E67650A004B6E6966A0
:10B8800065416E676C6500436F6D6D616E6400723B
:10B89000302F61313A2020307825303878202072DE
:10B8A000312F61323A2020307825303878202072CC
:10B8B000322F61333A20203078253038780A0072F0
:10B8C000332F61343A202030782530387820723197
:10B8D000322F69703A202030782530387820723144
:10B8E000342F6C723A20203078253038780A0020C6
:10B8F000787073723A20203078253038780A004604
:10B9000061756C74696E6720696E737472756374A7
:10B91000696F6E20616464726573732028723135BB
:10B920002F7063293A203078253038780A00556E18
:10B9300068616E646C6564204952516E3A202564DA
:10B940000A002A2A2A2A2A205553414745204641DF
:10B95000554C54202A2A2A2A2A0A00202044697693
:10B960006973696F6E206279207A65726F0A0020B0
:10B9700020556E616C69676E6564206D656D6F72D0
:10B9800079206163636573730A0020204E6F206322
:10B990006F70726F636573736F7220696E73747208
:10B9A000756374696F6E730A002020496C6C65675B
:10B9B000616C206C6F6164206F66204558435F5254
:10B9C000455455524E20696E746F2050430A002032
:10B9D00020496C6C6567616C20757365206F66200B
:10B9E00074686520455053520A00202041747465E4
:10B9F0006D707420746F206578656375746520754B
:10BA00006E646566696E656420696E7374727563D1
:10BA100074696F6E0A002A2A2A2A2A204255532066
:10BA20004641554C54202A2A2A2A2A0A002020530B
:10BA30007461636B696E67206572726F720A0020B1
:10BA400020556E737461636B696E67206572726FE7
:10BA5000720A002020507265636973652064617406
:10BA60006120627573206572726F720A0020204235
:10BA700046415220416464726573733A20307825E0
:10BA8000780A002020496D707265636973652064CF
:10BA900061746120627573206572726F720A002092
:10BAA00020496E737472756374696F6E206275736A
:10BAB000206572726F720A002A2A2A2A2A204D50A3
:10BAC00055204641554C54202A2A2A2A2A0A002069
:10BAD00020537461636B696E67206572726F7220A8
:10BAE00028636F6E746578742061726561206D697A
:10BAF000676874206265206E6F742076616C69647B
:10BB0000290A0020204461746120416363657373D6
:10BB10002056696F6C6174696F6E0A0020204D4D6C
:10BB200046415220416464726573733A203078252F
:10BB3000780A002020496E737472756374696F6EA1
:10BB4000204163636573732056696F6C6174696F1C
:10BB50006E0A005265736572766564204578636588
:10BB60007074696F6E20280053707572696F7573F9
:10BB700020696E7465727275707420284952512064
:10BB800000535053454C20696E207468726561649F
:10BB9000206D6F646520646F6573206E6F7420691B
:10BBA0006E646963617465205053500A002A2A2A22
:10BBB0002A2A2048415244204641554C54202A2AE2
:10BBC0002A2A2A0A002020427573206661756C7447
:10BBD000206F6E20766563746F72207461626C658D
:10BBE00020726561640A00202044656275672065E3
:10BBF00076656E740A0020204661756C742065734A
:10BC000063616C6174696F6E20287365652062657D
:10BC10006C6F77290A00415243485F4558434550AD
:10BC200054207769746820726561736F6E2025787F
:10BC30000A0A002A2A2A2A2A204465627567206D8A
:10BC40006F6E69746F7220657863657074696F6E6A
:10BC5000202A2A2A2A2A0A002A2A2A2A2A2025735E
:10BC600020256429202A2A2A2A2A0A00464C4153E0
:10BC7000485F30005352414D5F3000574553545F89
:10BC8000544F504449522F7A65706879722F7375FA
:10BC9000627379732F626C7565746F6F74682F6847
:10BCA0006F73742F6863695F636F72652E630062E0
:10BCB000745F6863695F6576745F6765745F666CFF
:10BCC000616773286864722D3E657674292026208A
:10BCD0002831554C203C3C20283129290041535320
:10BCE000455254494F4E204641494C205B25735DD7
:10BCF00020402025733A25640A006576745F666CDF
:10BD00006167732026202831554C203C3C20283088
:10BD1000292900657272203D3D20300009436F6E75
:10BD200074726F6C6C657220756E726573706F6E75
:10BD3000736976652C20636F6D6D616E64206F7022
:10BD4000636F6465203078253034782074696D65C0
:10BD50006F75742077697468206572722025640A93
:10BD600000425420525820575100627566005745D2
:10BD700053545F544F504449522F7A65706879721A
:10BD80002F7375627379732F626C7565746F6F743E
:10BD9000682F686F73742F6863695F636F6D6D6F71
:10BDA0006E2E6300616463403430303037303030A1
:10BDB00000636C6F636B40343030303030303000B3
:10BDC00072616E646F6D40343030306430303000FA
:10BDD000666C6173682D636F6E74726F6C6C6572E4
:10BDE000403430303165303030006770696F403535
:10BDF00030303030303030007370694034303030A3
:10BE000034303030007761746368646F6740343079
:10BE1000303130303030006D61696E007379737786
:10BE20006F726B71002A2A2A20426F6F74696E67E5
:10BE3000205A6570687972204F53206275696C646E
:10BE40002076342E342E32202A2A2A0A00286E75B3
:10BE50006C6C29002A666C6F61742A0002EB6A27F9
:10BE60000A943F8CA41440194D0300908C02EB6A95
:10BE7000270A943F8CA41440194D0200908C02EBC9
:10BE80006A270A943F8CA41440194D0100908C003D
:10BE9000FFFFFFFFFFFF00000000000000FFFFFFAB
:10BEA000FFFFFF0000000000000000000000001085
:10BEB00000800000805F9B34FB0104000200000052
:10BEC000020000000000000005000000000000006B
:10BED00000000000000000000500070E091C1B12F6
:10BEE00015383F363124232A2D06010501040107A8
:10BEF000020301050202010302050401010102011E
:10BF000003010401060108010C01100118012001C0
:10BF1000400180000102030405060709000000003B
:08BF20000102030405060708F5
:10BF2800000000006922000000000000000100007D
:10BF380000000000000000000000000000000000F9
:10BF480000000000000000000000000000000000E9
:10BF580000000000000000000000000000000000D9
:10BF680000000000000000000000000000000000C9
:10BF780000000000000000000000000000000000B9
:10BF880000000000000000000000000000000000A9
:10BF98000000000000000000000000000000000099
:10BFA8000000000000000000000000000000000089
:10BFB8000000000000000000000000000000000079
:10BFC8000000000000000000000000000000000069
:10BFD8000000000000000000000000000000000059
:10BFE8000000000000000000000000000000000049
:10BFF8000000000000000000000000000000000039
:10C008000000000000000000000000000000000028
:10C018000000000000000000A94700000000000028
:10C028000000000000000000000000000000000008
:10C0380000000000000000000000000000000000F8
:10C0480000000000000000000000000000000000E8
:10C0580000000000000000000000000000000000D8
:10C0680000000000000000000000000000000000C8
:10C0780000000000000000000000000000000000B8
:10C0880000000000000000000000000000000000A8
:10C0980000000000000000000000000098AD010052
:10C0A8001F00000000000000FFFFFFFFFF1F00004F
:10C0B800000000009401002094010020000000000E
:10C0C80001000000A4010020A401002000000000DD
:10C0D8000100000000000000000000000000000057
:10C0E8000000000000000000000000000000000048
:10C0F8000000000000000000000000000000000038
:10C108000000000000000000000000000000000027
:10C118000000000000000000000000000000000017
:10C128000000000000000000000000000000000007
:10C1380000000000000000000000000000000000F7
:10C1480000000000000000000000000000000000E7
:10C1580000000000000000000000803FFFFFFFFF1C
:10C168005CBE010000000C000000000000000000A0
:10C1780000000000D12600000000000000000000C0
:10C188006DBE010000001200CD620100F4B701008D
:10C198000000020000B80100000002000CB8010015
:10C1A8000000020000000000000000000000000085
:10C1B800556E0100000000000000000028B80100D2
:10C1C80000001200006000400000000000000000B5
:10C1D8000000000000000000000000000000000057
:10C1E8000000000000000000000000000000000047
:10C1F8000000000000000000000000000000000037
:10C208000000000000000000000000000000000026
:10C218000000000000000000000000000000000016
:10C228000000000000000000000000000000000006
:10C238000000000000000000AD4800000000000001
:10C248000000000000000000E53C000000000000C5
:10C258000000000000000000C955000000000000B8
:10C2680000000000000000008D52000000000000E7
:10C278000000000021620000856C00000000000042
:10C2880000000000000000009D6700000D8501000F
:10C29800A1850100ED600000000000000000000022
:10C2A800756A0000000000000000000048B80100A6
:10C2B8000000200000000000000000000000000056
:10C2C80000000000B387010000000000000000002B
:10C2D800BC120020000000008D9D0000000000003E
:10C2E800C412002000000000D591000000000000EA
:10C2F800CC1200200000000091F8000000000000AF
:10C30800D41200200000000091F800000000000096
:10C31800DC12002000000000FD8E0000000000007C
:10C32800901B002000000000DD010100000000005B
:10C33800981B00200000000091F800000000000099
:10C34800A01B00200000000091AF000000000000CA
:10C35800141C002000000000BDB600000000000012
:10C368001C1C00200000000091F8000000000000E4
:10C37800241C00200000000049B800000000000054
:10C388002C1C002000000000F9BE00000000000086
:10C39800501D002000000000981D00200000000033
:10C3A800281E002000000000D81E00200000000009
:10C3B800790A010000000000F81E002000000000BB
:10C3C800D9F5000000000000181F00200000000040
:10C3D80091F8000000000000182100200000000073
:10C3E800558200000000000010210020000000001D
:10C3F8005582000000000000082100200000000015
:10C40800817E0000000000000021002000000000E4
:10C418005582000000000000F82000200000000005
:10C42800817E000000000000F020002000000000D5
:10C43800558200000040004000000000000000009D
:10C4480000000000000000000000000000000000E4
:10C4580000000000000000000000000000000000D4
:10C46800000000006CB70100010000004C0500202E
:10C478004C05002000000000010000005C050020C1
:10C488005C05002000000000010000000000000022
:10C498000000000000000000000000000000000094
:10C4A8000000000000000000000000000000000084
:10C4B800ECAD01000000000000000000C2220020D6
:10C4C800BA22002000000140000000000000000027
:10C4D8000000000000000000000000000000000054
:10C4E8000000000000000000000000000000000044
:10C4F8000000000000000000000000000090D003D1
:10C50800FF00000090020000E8050020E805002078
:10C51800EB6A270A943F8CA41440194D0100908CB3
:02C528000664A7
:10C52A000000000000000000000000000000000001
:02C53A000000FF
:10C540000000000000000000255401000000000071
:10C55000000000000000000030060020300600202F
:10C560000D5F01000000000000000000000000005E
:10C5700000000000000000000000000000000000BB
:10C580002554010000000000000000000000000031
:10C590006806002068060020135F0100000000000C
:10C5A000000000000000000000000000000000008B
:10C5B0008806002088060020944F0020000000001C
:10C5C000010000002400000000000000A40600207C
:10C5D000A4060020802B00200000000001000000C5
:10C5E000A000000000000000C0060020C0060020DF
:10C5F000B84F002000000000030000001000000001
:04C600000000000036
:10C60400DC060020DC060020010000001000000011
:10C61400E84F0020F84F0020E84F0020E84F0020AA
:08C6240000000000000000000E
:10C62C00040700200407002000000000FFFFFFFFAC
:10C63C0000000000000000001C0700201C07002068
:10C64C0000000000000000002C0700202C07002038
:10C65C000300030010000000000000002CB30100D8
:10C66C003C4E00200000000000000000500700209D
:10C67C00500700200300030010000000656100005B
:10C68C00C8B301001C4F0020000000000000000097
:10C69C007407002074070020030003000000000052
:10C6AC00000000004CB20100904B00200000000084
:10C6BC0000000000980700209807002001000100EE
:10C6CC00100000004152000018B30100B44D0020CE
:10C6DC000000000000000000BC070020BC07002088
:10C6EC0002000200000000000000000004B3010082
:10C6FC00844D00200000000000000000E007002036
:10C70C00E00700200C000C00040000005D3B000062
:10C71C0038B20100B4490020000000000000000005
:10C72C0004080020040800200100010000000000A3
:0CC73C000000000060B20100DC4C002096
:04C7480015E015E003
:04000003000033F9CD
:00000001FF
