:1000000068310020B11B00008FBD00009D1B000067
:100010009D1B00009D1B00009D1B000000000000B8
:10002000000000000000000000000000E91B0000CC
:100030009D1B000000000000811D00009D1B0000B2
:10004000ED1D00005D600000ED1D0000ED1D0000D5
:10005000ED1D0000ED1D0000ED1D0000ED1D000078
:10006000ED1D0000ED1D0000ED1D0000ED1D000068
:10007000ED1D0000ED1D0000ED1D0000ED1D000058
:10008000ED1D0000ED1D0000ED1D0000ED1D000048
:10009000ED1D0000ED1D0000ED1D0000ED1D000038
:1000A000ED1D0000ED1D0000ED1D0000ED1D000028
:0800B000ED1D0000ED1D000034
:1000B80080F0004002E000BF81F0004142001FBF15
:1000C8005FEA410392EA030F7FEA226C7FEA236C1E
:1000D8006AD04FEA1262D2EB1363C1BFD218414013
:1000E80048404140B8BF5B42192B88BF704710F0A9
:1000F800004F40F4000020F07F4018BF404211F04C
:10010800004F41F4000121F07F4118BF494292EAB3
:10011800030F3FD0A2F1010241FA03FC10EB0C00DF
:10012800C3F1200301FA03F100F0004302D549426C
:1001380060EB4000B0F5000F13D3B0F1807F06D319
:1001480040084FEA310102F10102FE2A51D2B1F111
:10015800004F40EBC25008BF20F0010040EA030006
:100168007047490040EB0000013A28BFB0F5000F86
:10017800EDD2B0FA80FCACF1080CB2EB0C0200FA3C
:100188000CF0AABF00EBC25052421843BCBFD0408B
:100198001843704792F0000F81F4000106BF80F405
:1001A80000000132013BB5E74FEA41037FEA226CC8
:1001B80018BF7FEA236C21D092EA030F04D092F093
:1001C800000F08BF0846704790EA010F1CBF0020C7
:1001D800704712F07F4F04D1400028BF40F0004024
:1001E800704712F100723CBF00F50000704700F044
:1001F800004343F0FE4040F4000070477FEA22626B
:1002080016BF08467FEA23630146420206BF5FEA3B
:10021800412390EA010F40F4800070474FF000033B
:1002280004E000BF10F0004348BF40425FEA000C02
:1002380008BF704743F0964301464FF000001CE0AA
:1002480050EA010208BF70474FF000030AE000BF00
:1002580050EA010208BF704711F0004302D540423E
:1002680061EB41015FEA010C02BF844601460020B0
:1002780043F0B64308BFA3F18053A3F50003BCFACB
:100288008CF2083AA3EBC25310DB01FA02FC634478
:1002980000FA02FCC2F12002BCF1004F20FA02F27F
:1002A80043EB020008BF20F00100704702F1200272
:1002B80001FA02FCC2F1200250EA4C0021FA02F2D3
:1002C80043EB020008BF20EADC7070474FF0FF0CD8
:1002D8001CEAD0521EBF1CEAD15392EA0C0F93EAD3
:1002E8000C0F6FD01A4480EA010C400218BF5FEA75
:1002F80041211ED04FF0006343EA501043EA5111E8
:10030800A0FB01310CF00040B1F5000F3EBF4900E1
:1003180041EAD3715B0040EA010062F17F02FD2AE5
:100328001DD8B3F1004F40EBC25008BF20F00100C8
:10033800704790F0000F0CF0004C08BF49024CEADF
:10034800502040EA51207F3AC2BFD2F1FF0340EA71
:10035800C250704740F400004FF00003013A5DDCE2
:1003680012F1190FDCBF00F000407047C2F1000223
:10037800410021FA02F1C2F1200200FA02FC5FEA10
:10038800310040F1000053EA4C0308BF20EADC705A
:10039800704792F0000F00F0004C02BF400010F4CC
:1003A800000F013AF9D040EA0C0093F0000F01F079
:1003B800004C02BF490011F4000F013BF9D041EA9B
:1003C8000C018FE70CEAD15392EA0C0F18BF93EA9D
:1003D8000C0F0AD030F0004C18BF31F0004CD8D1C7
:1003E80080EA010000F00040704790F0000F17BF4E
:1003F80090F0004F084691F0000F91F0004F14D094
:1004080092EA0C0F01D142020FD193EA0C0F03D1EB
:100418004B0218BF084608D180EA010000F00040EE
:1004280040F0FE4040F40000704740F0FE4040F4C9
:10043800400070474FF0FF0C1CEAD0521EBF1CEA68
:10044800D15392EA0C0F93EA0C0F69D0A2EB030286
:1004580080EA010C49024FEA402037D04FF0805320
:1004680043EA111143EA10130CF000408B4238BFE5
:100478005B0042F17D024FF4000C8B4224BF5B1AF3
:1004880040EA0C00B3EB510F24BFA3EB510340EA41
:100498005C00B3EB910F24BFA3EB910340EA9C00EF
:1004A800B3EBD10F24BFA3EBD10340EADC001B015F
:1004B80018BF5FEA1C1CE0D1FD2A3FF650AF8B4203
:1004C80040EBC25008BF20F0010070470CF0004C10
:1004D8004CEA50207F32C2BFD2F1FF0340EAC2503B
:1004E800704740F400004FF00003013A37E792F0FC
:1004F800000F00F0004C02BF400010F4000F013A5A
:10050800F9D040EA0C0093F0000F01F0004C02BF54
:10051800490011F4000F013BF9D041EA0C0195E7BD
:100528000CEAD15392EA0C0F08D142027FF47DAF56
:1005380093EA0C0F7FF470AF084676E793EA0C0F46
:1005480004D14B023FF44CAF08466EE730F0004C44
:1005580018BF31F0004CCAD130F000427FF45CAFD4
:1005680031F000437FF43CAF5FE700BF7BB972B95D
:100578000029BEBF00204FF0004106E008BF002858
:100588001CBF6FF000414FF0FF3000F057B8ADF1DD
:10059800080C6DE904CE002909DB002B1ADB00F0FA
:1005A80057F8DDF804E0DDE9022304B07047404263
:1005B80061EB4101002B1BDB00F04AF8DDF804E099
:1005C800DDE9022304B0404261EB4101524263EB92
:1005D80043037047524263EB430300F039F8DDF8F8
:1005E80004E0DDE9022304B0404261EB41017047B9
:1005F800524263EB430300F02BF8DDF804E0DDE939
:10060800022304B0524263EB4303704753B94AB91B
:10061800002908BF00281CBF4FF0FF314FF0FF3002
:1006280000F00CB8ADF1080C6DE904CE00F010F83C
:10063800DDF804E0DDE9022304B07047704700BF2D
:10064800034613F8012B002AFBD1181A013870470A
:100658002DE9F0478C468E46089E154604461946F5
:10066800002B40F0D080724547D9B2FA82F74FB1DB
:10067800C7F120030EFA07FC20FA03F3BD4043EA52
:100688000C0CBC404FEA154EA8B2BCFBFEF8230C7C
:100698000EFB18CC08FB00F943EA0C43994528D90E
:1006A800EB1808F1FF3204D2994502D9A8F10202E9
:1006B8002B44A3EB0903A4B2B3FBFEFC0EFB1C33D3
:1006C8000CFB00F044EA0344A04214D92C190CF1A5
:1006D800FF3304D2A04202D9ACF102032C44241AFD
:1006E80043EA02401EB1FC40002334607360BDE859
:1006F800F0874246DDE76346F1E7002A79D0B2FA8F
:1007080082F3002B3FD01946C1F1200302FA01F50C
:100718002EFA03F20EFA01FE20FA03F343EA0E035F
:100728004FEA154E00FA01F4B2FBFEFCAFB20EFB25
:100738001C201A0C0CFB07F842EA004290455AD9D3
:10074800AA180CF1FF3004D2904502D9ACF102008E
:100758002A44A2EB08029BB2B2FBFEFC0EFB1C2251
:100768000CFB07F743EA02439F4246D9EB180CF10A
:10077800FF3204D29F4202D9ACF102022B44DB1BA8
:1007880042EA004202E0AEEB020301224FEA154EB4
:10079800AFB2B3FBFEFC200C0EFB1C330CFB07F8BE
:1007A80040EA034398452AD9EB180CF1FF3004D2EC
:1007B800984502D9ACF102002B44A3EB0803A4B27C
:1007C800B3FBFEFC0EFB1C330CFB07F744EA0344A7
:1007D800A74216D92C190CF1FF3304D2A74202D92B
:1007E800ACF102032C44E41B43EA00400F461146D7
:1007F80078E71F2188E76046ABE76246BFE76046B7
:10080800DBE76346EFE7734506D916B900210846CA
:100818006DE7C6E9000EF9E7B3FA83F787B97345C0
:1008280001D3824207D8841A6EEB030301209C4649
:100838001EB900215BE73846FAE7C6E9004CF8E73D
:10084800C7F1200CBB4022FA0CF51D4320FA0CF12D
:100858002EFA0CF30EFA07FE41EA0E014FEA15498B
:1008680000FA07F4B3FBF9F81FFA85FE09FB183004
:100878000B0C08FB0EFA43EA00439A4502FA07F20A
:1008880040D9EB1808F1FF3004D29A4502D9A8F1F3
:1008980002002B44A3EB0A0389B2B3FBF9F809FB66
:1008A800183308FB0EFE41EA03418E452CD969181E
:1008B80008F1FF3304D28E4502D9A8F10203294476
:1008C80043EA0040A0FB0298A1EB0E014145CE4649
:1008D800434602D306D14C4504D2B9EB020E68EB6D
:1008E80005030138002EA4D0B4EB0E0261EB03011E
:1008F80001FA0CFC22FA07F34CEA0303F940C6E9B3
:10090800003196E74046C5E74346D9E700000000B6
:100918002DE9F041684C94F832308CB003F00103B3
:10092800002800F09580002B40F08480627E94F8C7
:10093800253004EB820204EB8303D5699E6A0DB36C
:100948002F4617F8020BC0F3801004F04BF9036828
:10095800C5F802308388BB802B785B0606D5062154
:10096800384602F053FE002800F09780374617F803
:10097800020BC0F3801004F035F90368C6F80230A2
:100988008388BB80237D0121C3F302030BA88DF864
:100998002C3002F0ABFF0246002855D031462846DD
:1009A80005F0DEF8454A464B278E07210025E0FB77
:1009B80002311846C4E902553DA3D3E90023257046
:1009C800FFF724FE606004F0E3F80694029562687D
:1009D8003C4B049200F109063B4802F247121A60A8
:1009E80091210993A7FB000301FB0731374B0793BC
:1009F800374B05934FF6FF734FF002080AAF039386
:100A08002BA3D3E90023CDF828800897FFF7FEFD34
:100A18000321CDE9005033464246284604F014F835
:100A2800394604F015FB78B994F8323043F00103E5
:100A380084F8323000200CB0BDE8F0811E4804F084
:100A480025FB844200D000DE0C200CB0BDE8F0810C
:100A5800002BEFD0204604F00DFB84421FD10BADD4
:100A680002220321194B009500200B9204F05AF83A
:100A7800294604F0EDFA0028E0D1164804F018FBE6
:100A880088B90D4804F002FB84420AD194F8323048
:100A980023F0010384F83230CCE71220CBE700DEE4
:100AA800DDE700DEF2E77830EBD000DEE9E700BFF3
:100AB8008D49FD1A070000004C11002000CA9A3B1E
:100AC8008C49FD1A40110020002AE784614C00007F
:100AD800E15B00005C11002070B5037D8AB0C3F3B0
:100AE80002030D46044601210DF1230016468DF838
:100AF800233002F0FBFE31460246284605F030F866
:100B08001D4A1E4B0721E0FB0231184618A3D3E902
:100B18000023FFF77BFD63689842054621D21B1A24
:100B280000220192164A0293164BA21AA3FB023224
:100B38000221120900230A4409AE099112490591BC
:100B4800CDE9033303210696D2B20093184603F089
:100B5800D1FF314604F07CFA38B9656000200AB04C
:100B680070BDFBD9C21A0023DBE70C200AB070BDA8
:100B78008D49FD1A0700000000CA9A3B8C49FD1AEE
:100B88004C1100204FECC44E614C000000000000E6
:100B9800F0B583B0C468054606F000FA002006F0F8
:100BA80021FA0021084606F00FFA00222521082024
:100BB80006F074FA304B019301A806F05BFA2F494E
:100BC80040F25B6006F004FB2279134662F3C5032A
:100BD8002371204606F044F827682E68384605F049
:100BE80009FD06446A6806F10901012006F010FCB7
:100BF80006F09EFC204605F045F9811C3246C9B234
:100C0800384605F0F9FC40B9204605F0CFFC10B98C
:100C1800002003B0F0BD00DEFAE70546184A19497E
:100C2800194840F211430AF069FF184B0721A5FB48
:100C3800030301FB05310EA3D3E90023FFF7E6FC0C
:100C48001349024613480AF059FF002585F3118815
:100C5800BFF36F8F0323184602DF0F48214606F0C3
:100C680071F906F05FFA6FF08B00D2E7AFF30080FE
:100C780000CA9A3B00000000D6BE898E5555550023
:100C88001CDC000068DC00006CDC00008D49FD1AEB
:100C9800B8DC00008CDC00001D6900002DE9F04F75
:100CA800DFF814B1DFF814A1DFF81491DFF814812C
:100CB8001C469BF80030012B03F1FF33DBB285B0F3
:100CC800154694BF9AF8002099F800200290022B4C
:100CD8000F469CBF3C49CB5C98F8001088BF4E2358
:100CE800CDE900210646394A394814210AF048F866
:100CF8003748FFF7A5FC374B5872374B1A68374B04
:100D08004FF0FF0C83F800C083F801C04FF0010CCE
:100D180083F802C09BF800C083F803C09AF800C0AB
:100D280083F804C099F800C083F805C098F800C09B
:100D380083F806C0DFF8A8C0BCF800C083F807C075
:100D4800D0B281004FEA1C2CD20B83F808C002F005
:100D5800020201F0040C42EA0C024FEA400C0CF0CB
:100D6800080CC00042EA0C0200F01000024301F037
:100D780020010A4316435E72B7F900209A72C2F343
:100D88000722DA72B7F902201A73C2F307225A73DC
:100D9800B7F904209A73C2F30722DA739DF8382052
:100DA8001D749C742D0AC4F307245D74DC741A75D1
:100DB80005B0BDE8F08F00BF631400206214002066
:100DC800611400206014002015E300003CDD0000E1
:100DD8004B140020D0010020F00800203614002019
:100DE8003014002030B514228BB000210DEB020026
:100DF8000CF01FFC0DF1060307930223089301234F
:100E080006930C238DF824301548856805A96B686E
:100E1800984718BB2B89BDF9064002A984FB033209
:100E2800CDE9023206F0ACFC10B120460BB030BD63
:100E3800DDE902321B0B43EA02531213CDE90232F9
:100E48004FF0FF3113F1004342F100029942904103
:100E580002D204480AF052FE0298E7E70020E5E7CC
:100E680030D900004FDD0000F8B505460F4616469C
:100E7800002401221E2109480AF0BEFB38460AF068
:100E8800E6FB064800221E210AF0B6FB0134304674
:100E98000AF0DDFBA542ECD1F8BD00BFDCD80000AC
:100EA80008B50AF0A2FB800000F1A040054BD0F87D
:100EB8000027134043F4C16343F00503C0F800372B
:100EC80008BD00BFF0F8FCFF800000F1A040044B13
:100ED800D0F80027134043F00203C0F800377047EA
:100EE800F0F8FCFF800000F1A040044BD0F8002788
:100EF800134043F00303C0F800377047F0F8FCFFD5
:100F0800800000F1A040034BD0F800271340C0F840
:100F180000377047F0F8FCFF2DE9F0412F4D0446EB
:100F2800884616460AF0FEFB2878400000F0FE00CE
:100F38000AF00DFC38B1701E18BF012044EAC01039
:100F48000AF005FC28B90AF030FC6FF00400BDE88F
:100F5800F0810AF0E7FB2878400040F00100C0B2B9
:100F68000AF0F5FB0028EED008F1FF380027022030
:100F78000AF03BFB0137082500240AF08DFB052009
:100F88000AF033FB0AF088FB02200AF070FB6400C9
:100F9800E4B2044305200AF073FB013DE4B2ECD14E
:100FA800B74234BF0021012102200AF070FB0AF089
:100FB80073FB05200AF019FB0AF06EFB05200AF006
:100FC8005FFB02200AF011FB0AF066FBB74208F843
:100FD800014FCCD10AF0E9FB2846B8E75F1400209E
:100FE80038B5164B1B78012B05460C4611D1042049
:100FF8000AF046FB0AF050FB28460AF050FB204650
:101008000AF04DFB04200AF0F0FABDE838400AF077
:1010180043BB0AF087FB0A4B1878400000F0FE003B
:101028000AF095FB30B128460AF091FB10B1204632
:101038000AF08DFBBDE838400AF0B7BB6314002006
:101048005F14002008B502F06DFA214B1B781BB124
:1010580000212020FFF7C4FF08200AF011FB04201C
:10106800FFF732FF0520FFF72FFF0220FFF72CFFC5
:101078000320FFF729FF0620FFF726FF0720FFF7C9
:1010880023FF4FF4167100220120FFF7EDFE114CEB
:1010980010481F210AF095FA002814DC32200AF0C3
:1010A800D6FAA268236994695CB11B680948002BC9
:1010B800B4BF4FF000734FF080634FF480021F21DC
:1010C800A0470AF028FD14200AF0C1FAE0E700BFA3
:1010D80063140020DCD8000038B54FF080440023AA
:1010E800C4F804310123C4F81835C825A360D4F81E
:1010F80004312BB942F210700BF0B3FE013DF6D16A
:101108004FF08043D3F80431CBB1184C01250023AC
:10111800C4F80835A560256015480BF0A2FED4F880
:101128000435144A9BB21380A3F62A43B3F5A37F70
:10113800114A65608CBF00230123A56013704FF02E
:1011480080450123EB606424D5F81834DB0304D50B
:1011580064200BF086FE013CF6D14FF0804300205E
:10116800C3F80401C3F8180538BD00BF00B000403B
:10117800A086010030140020601400202DE9F04FF3
:1011880089B000250495ADF814500CF0D0F94FF44F
:101198007A72A0FB020302FB0131C40B4FF08043BB
:1011A80044EA41444FEAD13BAD49D3F800240A60F0
:1011B800C3F80024AB4AAC481E210AF02DFAAA480D
:1011C8004FF480321F210AF027FAA848A8498368FB
:1011D800A84E1B6898474FF4167250210120FFF75C
:1011E80043FE08200AF001FAFFF77CFE0620FFF70D
:1011F80087FE0720FFF784FE14200AF028FA04204F
:101208000AF0F3F9FFF76EFE05200AF0EEF9FFF792
:1012180069FE02200AF034FAFFF764FE0320FFF7A4
:101228006FFE314601220F200AF059FA3378332B2A
:101238005DD1914B01221A7088212320FFF7D0FE3F
:1012480037212020FFF7CCFEFA2250210220FFF799
:101258000BFEFFF7C7FD0025034606460095284606
:101268002A4604A9FFF71AFD284601F08DFC00283C
:101278007AD1012300938149814B8248022201F0EF
:10128800CDFF4FF0FF370025B846A946C8200AF021
:10129800DEF91F2174480AF094F90028D4BF00230E
:1012A8000123824603930CF042F94FF47A72A0FBB3
:1012B800020302FB0131BAF1000F4FEAD03343EACF
:1012C80041434FEAD13155DDB8F1FF3F08BFB7F1CF
:1012D800FF3F00F0BE80B3EB070C40F2DC5061EB3F
:1012E8000802844572F1000247DBFFF7ABFE664E49
:1012F800664FDFF89C81B146042071780AF075F9D1
:10130800FFF7F0FD03200AF0C2F9FFF7EBFD02201A
:10131800FFF7C6FD0520FFF7C3FD33783B700220B9
:101328000AF095F95A4901220F20FFF7F5FD80B917
:1013380098F80030332B0CD105EB45054D444E4A47
:10134800AB781370002B7FF477AF78222821052023
:101358007DE76B1C022B06F103064FF00105CBD18C
:10136800454B00221A70F0E7502228210A20FFF787
:101378007BFD86E74FF0FF37B846464A1B1B61EBFB
:101388000B019A424FF000038B41AEDB3A4B1B78BE
:10139800002B44D0012B4FF0060206A94FF028007D
:1013A8005AD10AF09CF906AA04A8002192F801C0B3
:1013B80012F8023B013143EA0C2343F30B130329D0
:1013C80020F8023BF2D1BDF91000FEF72BFF814651
:1013D800BDF91200FEF726FF494682464846FEF749
:1013E80075FF514681465046FEF770FF0146484654
:1013F800FEF764FE0CF098F98146BDF91400FEF77B
:1014080011FF0146484609F029FF2349FEF75EFF10
:101418002249FEF75BFF0CF0DFF91FFA80F9192269
:10142800B5FBF2F302FB1353DBB213B9FFF7DAFC97
:1014380006460135EDB20398009533464A4604A99D
:10144800FFF72CFC0E4A0D480123022101F0CCFEC7
:101458001CE71F46884690E7FFF75EFDA3E700BF3D
:10146800F008002001001600DCD8000030D9000088
:1014780012DB00006214002063140020D001002059
:10148800C8010020F8DA000018E300005F1400200B
:101498006114002040771B00E02E654200002041C7
:1014A800014B1B68184700BFE001002030B5044617
:1014B80085B00D461022002168460CF0BAF80223C8
:1014C8008DF802302A46044B01932146684609F0FC
:1014D80081FC05B030BD00BFA914000080B50546E9
:1014E8000E461746984609F0ADF8034600F08CFC06
:1014F800DFF81890044649F800304246304639462D
:10150800A84754F8090000F021FC00BF08000000BB
:101518002DE9F047058B0446280717460CD5012905
:101528000CBF45F0100545F02005258387F3118889
:10153800BFF36F8FBDE8F087022905F0070540F07B
:10154800948020460AF00CFB052864D801A353F8C0
:1015580020F000BF35150000731600001F160000AC
:10156800E1150000FB1500000D16000001F007034F
:101578005A1F012A1FD8002221F00701062BD4F890
:10158800008089B2C4E9002209D1434603E0628B96
:10159800013262831B68002BF9D141F002012183DB
:1015A80020460AF0DDFA4FF0000900286DD041F01E
:1015B8002001218369E0042B0AD121F0070189B2B7
:1015C800218320460AF0CCFA10B141F02001218392
:1015D8004FF00008C14658E02369D3F80090238BE8
:1015E80023F0070343F0060323834FF00008464621
:1015F8004BE02369D3F80490238B23F0070343F0CF
:101608000403F1E72369D3F80890238B23F0070339
:1016180043F00503E8E74FF00008C146E7E7012279
:1016280043F00803238387F31188BFF36F8F002AE1
:101638003BD1B8F1000F4AD1B9F1000F02D02D49C2
:101648002046C847EFF31187202383F31288BFF39E
:101658006F8F238B23F008039BB22383D9063FD5D2
:1016680023F01002228303F007056669218B002E00
:10167800BFF67CAF0023D4F8008021F00701C4E94D
:10168800003341F0010121839946238B03F0070AB7
:10169800AA4502D0A268002AC1D1B8F1000F02D130
:1016A800B9F1000FDAD00022BAE7A1680029C0D04A
:1016B8000D680029BDD04F68334652462046B847CA
:1016C8001DB12B6829461D46F3E72B46FAE741462C
:1016D800334652462046D8F800800AF06DFAA8E74B
:1016E8009A067FF523AF23F02002228303F0070533
:1016F80027E700BFEDBB0000014B036000207047E7
:1017080020DB000008B50348034A0021121A0AF03A
:1017180032FB08BD30040020741400200748084A32
:10172800084908B5121A0AF028FB0748074A084969
:10173800BDE80840121A0AF020BB00BF00000020D4
:101748003004002088E30000000000200000002092
:1017580088E3000038B505460C4699B1D1E9012364
:101768000F4809680AF0BDF9D4E90423E1680D4877
:101778000AF0B7F9E1690C480AF0B3F9A1690B4816
:101788000AF0AFF9012D05D1EFF3058108481039AA
:101798000AF0A7F921462846BDE8384008F05EB8A7
:1017A80073DD0000A3DD0000D3DD0000E3DD0000F1
:1017B80012DE000030BFFFF7FDBF00BF2DE9F0418A
:1017C8000B4EDFF8308006EB0807CC1B0546324687
:1017D800094920460BF006FFA01942460021083CA3
:1017E8000BF027FF2C6707F10800BDE8F08100BF68
:1017F8000000000004000000D4DA000010B51D4C01
:101808001D480AF06EF9A36A990130D51B480AF001
:1018180068F91E20A36ADA0103D519480AF061F9AC
:101828001F20144CA36A1B0303D516480AF059F964
:101838002120A36A590303D513480AF052F922203C
:101848000C4CA36A9A0303D510480AF04AF92320DE
:10185800A36ADB0303D50E480AF043F92420054A9E
:10186800936A6FEA03436FEA1343936210BD1D2026
:10187800D0E700BF00ED00E026DE00003FDE0000FC
:1018880053DE00006EDE00008DDE0000B3DE0000D7
:10189800CEDE000070B5204C064620480D460AF002
:1018A80020F9A36AD90435D51D480AF01AF917207A
:1018B800A36A1A0503D51B480AF013F91820164C19
:1018C800A36A9B050FD518480AF00BF9A16BA36A08
:1018D800180407D515480AF004F91EB1A36A23F4C1
:1018E8000043A36219200C4CA36A5A0503D510487B
:1018F8000AF0F7F81A20A36ADB0503D50D480AF0A9
:10190800F0F81B20044A936A43F47F439362002350
:101918002B7070BD1620CBE700ED00E0FADE00006A
:1019280011DF000023DF000037DF000051DF000077
:1019380067DF000083DF000070B51F4C06461F48B4
:101948000D460AF0CEF8A36AD90632D51C480AF02B
:10195800C8F81120A36A1A0703D51A480AF0C1F873
:101968001220154CA36A9B070FD517480AF0B9F83F
:10197800616BA36A180607D514480AF0B2F81EB1BD
:10198800A36A23F08003A36213200B4CA36ADA072F
:1019980003D50F480AF0A5F81420A36A064ADB0607
:1019A80058BFA36A936A43F0FF03936200232B7026
:1019B80070BD1020CEE700BF00ED00E09CDF000006
:1019C800B3DF000023DF0000E7DF000000E00000D5
:1019D80017E000002DE9F0415D4B5F688AB00446CE
:1019E800C7F30806002585F31188BFF36F8F02F04F
:1019F8007F43B3F17F4F06D102F00C03082B13D1BC
:101A080054480AF06EF800252C464FF00008F31EE3
:101A18008DF80780092B00F28B80DFE803F00A7F3E
:101A2800837B89898989898710074CBF0C460125E2
:101A3800EBE74948464E0AF054F88DF80780F36AF8
:101A48009A0704D545480AF04CF800232AE0F36ABF
:101A5800002B01DA4248F6E7F36A5B00F5D5414806
:101A68000AF03FF87369A26943F480737361BFF3A6
:101A78004F8FBFF36F8F32F8023C726922F4807285
:101A88007261BFF34F8FBFF36F8F03F47F42B2F5DC
:101A98005F4F27D1DBB2022B24D1216832480AF0EC
:101AA80020F823689DF80720CAB902AE04F1200780
:101AB80020686168324603C20834BC421646F7D132
:101AC800099A002D40D0C2F3080121B96FEA5222C9
:101AD8006FEA4222099202A91846FFF73BFE0AB0B4
:101AE800BDE8F0811A4B9A6AD2B22AB10DF107010A
:101AF8000120FFF721FF0FE09A6A12F47F4F05D00B
:101B08000DF107010120FFF7C5FE05E09B6AB3F55B
:101B1800803F9AD3FFF772FE0346C3E70DF1070132
:101B28000020E6E70DF107010020ECE70F488AE7FF
:101B38000F4B1049104817F4F87FA6F1100208BFA0
:101B4800194609F0CEFF80E76FF30802C2E700BF2D
:101B580000ED00E065E0000091E00000A9E0000071
:101B6800CBE00000DAE00000FAE0000017E1000036
:101B780037E000004CE000003CE10000044B5A69EB
:101B880042F010025A615A6922F008025A617047FD
:101B980000ED00E0EFF30880EFF3098101B572462C
:101BA800FFF718FF01BD00BF0B4880F3088806F057
:101BB80057FF202080F3118808484FF4006140182F
:101BC80080F30988EFF314800221084380F3148816
:101BD800BFF36F8F0AF0E2F8683100206822002016
:101BE8001EF0040F0CBFEFF30880EFF30980816942
:101BF80011F8021C0229FFD001B572460AF0BFF89D
:101C080001BD00BF40B2002807DB044A4109012397
:101C180000F01F00834042F82130704700E100E0E7
:101C280040B200280CDB4309064900F01F002033AE
:101C38000122824041F82320BFF34F8FBFF36F8FFB
:101C4800704700BF00E100E0054B420900F01F00AB
:101C580053F82220012303FA00F01040704700BF18
:101C680000E100E040B20028A8BF00F1604001F1A7
:101C78000101B8BF064B4FEA4111ACBF00F5614006
:101C880000F00F00C9B2B4BF195480F800137047B0
:101C980014ED00E0044B054A23F07F039360BFF383
:101CA8004F8FBFF36F8F70470000000000ED00E01A
:101CB80042F8203C009B42F81C3C0A49019B42F830
:101CC800183C029B42F8143C21F001014FF080734C
:101CD80042F8043C42F8081C0023203A0265436796
:101CE800704700BFE514000000B50B4B98600B4B24
:101CF8001546026F1A600E462C4686F309880020A6
:101D0800034B98472046002100220023014C20471E
:101D1800C1BD0000E5140000FC130020F4080020F9
:101D2800014B10221A61704700ED00E0054B5A691B
:101D38009B689A421FBF044A536843F0805353601C
:101D4800704700BFFC13002000ED00E0084B9B68C3
:101D580083420BD1EFF3058343B1064B5A6842F037
:101D680080525A605A6A22F400425A6208F070BCE3
:101D7800FC13002000ED00E011498A684FF03000A4
:101D88001044EFF3098C80E8F01F202080F31288BC
:101D9800BFF36F8F0B4F4FF000664A698A603E6051
:101DA800106F094C2060506F0023536780F311882F
:101DB80002F1300090E8F01F8CF3098870470000AA
:101DC800FC13002004ED00E0F40800200448002380
:101DD8002021C21801331E2B82F80013F9D1704755
:101DE80000E100E008B5EFF30583064A103B02EB7B
:101DF800C30152F8330049688847BDE80840FFF737
:101E080095BF00BF68D9000001480068704700000E
:101E1800F4080020024B034A0348012100F066B889
:101E2800006000200000002020DB0000084AC2F803
:101E380098000B6823F01F03034343F01003C2F814
:101E48009C308B6843F00103C2F8A030704700BF94
:101E580000ED00E02DE9F043DFF8608085B00E4624
:101E68001F4604464FF00009B14523DA6068D8B12F
:101E78003FB1411E08421BD11F2819D923681942B6
:101E880016D12368019309F0BAFFA36803430393AB
:101E9800D8F89050C5F30725D0B2013DA84207D81D
:101EA80001A9FFF7C3FF421C09F101090C34DBE764
:101EB8006FF01502104605B0BDE8F08300ED00E0B4
:101EC800044B0522C3F89420BFF34F8FBFF36F8FE5
:101ED800704700BF00ED00E0BFF35F8F024B0022A8
:101EE800C3F89420704700BF00ED00E010B5034C24
:101EF80001232278FFF7AEFF207010BD6414002084
:101F08002DE9F0435A4B5B4DD3F890302C68C3F35E
:101F180007239C4285B000F2A780FFF7DDFF002071
:101F28000C2684421AD1544EDFF844913470684626
:101F3800FFF7E2FB514C524D80460027B84514D1BB
:101F480033784B490020D1F89020C2F307229342FE
:101F5800C0F28480FFF7B4FF002045E0696806FB03
:101F68000011FFF763FF0130DBE7009800EB071172
:101F78004FEA071CCB682340B3F5000F4DD00AD8B1
:101F8800B3F5001F33D0B3F5800F3BD0B3F5801FF6
:101F980013D00137D2E7B3F1007F47D0B3F1805FA8
:101FA8004DD0B3F1807FF4D150F80C3088684A687E
:101FB80009F025FF40F0887009E050F80C30886877
:101FC8004A6809F01CFF40F0885040F43020CDE901
:101FD80001230390D9F890303078C3F30723013BED
:101FE800984234D96FF0150005B0BDE8F08350F879
:101FF8000C3088684A6809F002FF40F0885040F4C5
:102008000020E4E750F80C3088684A6809F0F7FEC9
:1020180040F0C06040F40030D9E750F80C308868D0
:102028004A6809F0ECFE40F08270D0E750F80C30B6
:1020380088684A6809F0E3FE40F48020C7E750F852
:102048000C3088684A6809F0DAFE2843BFE701A91E
:10205800FFF7ECFE3378013333709AE7C1F8983014
:10206800C1F8A00001336EE74FF0FF30BCE700BFB6
:1020780000ED00E02CDB0000641400200000F0FFFD
:102088000000021108B50649064821F00701C1F110
:10209800005202F5C04209F0E1FC002008BD00BF73
:1020A8009F3B0020F808002070B54169867A0B4DE7
:1020B800044659B1437ADB0706D4242303FB0653AD
:1020C800DB691B689B6898470023636124202146CD
:1020D80000FB0650BDE870400AF0E0BFA0030020F6
:1020E800024B242202FB0030704700BFA0030020EF
:1020F800827A064B242101FB02331A6A1B7D1B33AB
:10210800801A23F00303B0FBF3F07047A00300200C
:1021180038B5074B827A242404FB0233DB69D3E900
:1021280001240C601568FFF7E3FF04FB005038BD7D
:10213800A00300202DE9F04385B0054668460391C9
:1021480090461C460BF0F5F9DDE90067EFF31189BD
:10215800202383F31288BFF36F8F6B8A002B41D043
:102168002A8A9A4225D900220023284607F072FDC0
:102178000446F0B189F31188BFF36F8F039B002BDE
:1021880041D032463B4668460BF0F8F9A27A264B16
:10219800242101FB02332046DB691B6803A91D6863
:1021A800DDE90023A847606170BB2046FFF77CFF8C
:1021B80024E0698A4B1E6B8289F31188BFF36F8F05
:1021C8002B7D2A8A2C6A1B3323F00303521A02FB45
:1021D8000344154B154AEB1A9B105343A3722B7DEE
:1021E800E372CBE789F31188BFF36F8F234642462A
:1021F800284607F02FFD04460028BFD100242046BA
:1022080005B0BDE8F0836361012300252381039BAA
:102218006382E27A6560294604F118000BF009FA36
:1022280063692582E360EAE7A0030020398EE3387A
:10223800F8B5124D0024242600B9F8BD00F10802B3
:102248004768BFF35B8F52E8003F591E42E8001C05
:10225800BCF1000FF7D1BFF35B8FDBB2012BECD1E0
:10226800837AC46006FB035344609B6913B19847A3
:102278003846E1E7FFF718FFFAE700BFA0030020A0
:1022880048B1054B054A1B68B3FBF2F35843044BAE
:1022980043F00103184770474403002040420F00F1
:1022A800F0DA000010B509F073FE0AF0D0FF04461A
:1022B80008B908F003F9BFF35B8F064B1B68BFF33F
:1022C8005B8F0BB10A2098471CB9BDE8104008F095
:1022D80009B910BD0409002038B50446084809F0BA
:1022E800B0FD054648B1631EDBB21F2B96BF054AF9
:1022F8000021D15C0C3009F0F9FD284638BD00BF3B
:10230800E803002031E300000E38012810B50AD890
:10231800094809F096FD044618B104210C3009F06B
:10232800E5FD204610BD09B10448F2E7BDE81040BC
:102338000220FFF7D1BF00BF0C040020A00300203B
:1023480010B586B003AB00240093074907480594ED
:102358004FF0FF334FF48062CDE9034407F048FEA5
:10236800204606B010BD00BF7814002030040020BD
:1023780010B5012104460C3009F0D9FD2146034A65
:102388000078BDE81040002309F02DBEC4DB000032
:1023980010B5012104460C3009F0C9FD2146034A55
:1023A8000078BDE81040002309F01DBEC4DB000022
:1023B80010B5012104460C3009F0B9FD2146034A45
:1023C8000078BDE81040002309F00DBEACDB00002A
:1023D8002DE9F047884616468246002870D0BFF39C
:1023E8005B8FDFF8E090002359E8004F49E800329E
:1023F800002AF9D1BFF35B8F002C61D02046FFF78C
:1024080077FE314D0C2303FB005027464388534584
:1024180011D0BFF35B8F59E8003F49E80072002AEA
:10242800F9D1BFF35B8F002B4AD01F463846BDE871
:10243800F047FFF7FDBEA64208D0204609F0FCFC95
:10244800328AF16804F10C0009F047FD2046FFF7D5
:102458004FFE0C2606FB00504368ABB1B8F1000FE5
:1024680012D12046FFF744FE06FB005001214268C6
:10247800536803F01F00814010685B0900EB83007C
:10248800137ACBB109F09CFD2046FFF731FE0C26EC
:1024980006FB00508368002BC8D02046FFF728FEB3
:1024A800704305F800802046FFF722FE06FB005522
:1024B800A86807F005FCB9E7C94309F0ABFDE3E7F5
:1024C800BDE8F0870801002008090020094BBFF388
:1024D8005B8F1A68BFF35B8F02F00B02BFF35B8F51
:1024E80053E8001F43E800200028F9D1BFF35B8FB1
:1024F800704700BFD40000202DE9F0470C4607F0D4
:10250800DDFFE568B4F810802B78042B6DD1B8F1A5
:10251800020F08D82046FFF78BFE002407F0E2FFE1
:102528002046BDE8F0876B783E2B09D1B8F1030F40
:10253800F0D0EB78012B01D00A2B47D1032705E017
:10254800052BFBD00E3B012B40D8012704F10C06CC
:1025580001213046D4F814A009F0E1FC02213046EC
:1025680009F0E5FC03783E2B814607D1E3681B7828
:10257800012B01D00A2B06D1032614E0052BFBD032
:102588000E3B012B2BD91C4A1C491D4841F26813EC
:1025980009F0B4FA002383F31188BFF36F8F032384
:1025A800184602DF02260323164A99F8000021463E
:1025B80009F019FDB30714D56369A4F81080A5EBD9
:1025C8000A0513FA85F5E560012FA6D021460E48C5
:1025D80009F03BFC0D490E480AF004FE9DE7012670
:1025E800E1E72046FFF724FEEEE72046FFF720FE4E
:1025F8006FF0150492E700BF5FE1000093E100006F
:10260800ACE1000094DB00000C0100206402002013
:10261800D004002038B51C4809F02CFC044688B3C7
:1026280000F10C05284609F08AFC04281DD128462B
:10263800022109F07CFC03780E3B012B05460ED8DD
:10264800124A1349134840F69A4309F057FA0023EF
:1026580083F31188BFF36F8F0323184602DF0E4AF6
:1026680028780323214609F0BEFC2046FFF7E0FD49
:102678000A4BD3F80C312BB1BDE83840084909485A
:102688000AF0B0BD38BD00BF0C0100205FE10000BA
:10269800C9E10000ACE10000ACDB00000000002054
:1026A80064020020D004002010B5C1E900239DF881
:1026B80008300B720C46FFF71BFD034B0C2202FB84
:1026C80000335C6010BD00BF08090020F8B5024661
:1026D8000B46104809F0B5FB0446C0B104210C3084
:1026E80009F0F1FB2046FFF703FD0B4D0C2707FB14
:1026F8000050002646802046FFF7FAFC07FB0050F2
:1027080086602046FFF7F4FC07FB00556E60204604
:10271800F8BD00BFC403002008090020034B014690
:10272800D3F8240182689268104700BF0000002097
:102738000148042109F044BCD400002001490248A2
:102748000AF050BD540200203004002070B5054640
:102758000C4639B1CB684A699B1A032B0ED86FF027
:10276800150509E04FF0FF304FF0FF31FFF7AEFFDE
:10277800044618B96FF06805284670BD2046FFF773
:10278800B7FC144B0C2202FB0033A6180321304679
:102798005D8009F0B3FB0580238A033B8370012128
:1027A800304609F0B3FB40F635439D4209D1204637
:1027B800FFF7B4FF05460028DED02046FFF738FDB6
:1027C800DAE7054821460AF05EFC0025FFF7B6FF68
:1027D800D2E700BF08090020140100202DE9F043CA
:1027E800064685B017460C4669B94FF0FF304FF0E2
:1027F800FF31FFF76BFF044658B96FF068052846AC
:1028080005B0BDE8F083887AFFF76AFC304B834255
:1028180058D10122002168460AF04AFC2046FFF7F9
:1028280067FCDFF8B0900C2303FB0090C0F808D0D9
:10283800204609F035FB01463046FFF787FF05467D
:1028480018B12046FFF7F4FCD9E74FF4A022002383
:10285800684607F069FA804690B14FF4F1731E4A52
:102868001E491F4809F04AF91E484246314609F0F8
:1028780045F985F31188BFF36F8F0323184602DFEC
:102888002046FFF735FC0C23584319F80060AEB119
:102898002046093EFFF7CCFC092E0CD8DFE806F0ED
:1028A800050B0B08150B0B0B0B126FF06E05A6E74B
:1028B8006FF00C05A3E76FF00405A0E7002FC0D068
:1028C8003C609CE76FF0150599E76FF00B0596E7FC
:1028D800C4030020080900205FE10000F7E10000C0
:1028E800ACE1000000E20000F7B50022114640F616
:1028F8000340FFF773FF0446002853D1FFF7E6FDB6
:10290800214601AA41F20300FFF768FF04460028A8
:1029180048D1019A994DD168D1F80100D1F8051034
:1029280005F1780303C31046FFF782FC214601AA8C
:1029380041F20100FFF752FF044698BB0198C368B3
:102948005A7885F870205A88A5F872201A7985F87F
:102958007120B3F80720A5F87420B3F80530A5F85E
:102968007630FFF765FC214601AA41F20200FFF725
:1029780035FF0446B0B9019FFA6805F18006531C7B
:10298800413218685968344603C4083393422646CE
:10299800F7D13846FFF74CFC95F87C305C0604D438
:1029A8006FF01204204603B0F0BD01AA002142F2E4
:1029B8000300FFF713FF04460028F3D1019A704B78
:1029C800D168D1F80100D1F8051003C31046FFF70C
:1029D8002FFC1F23A5F8E83095F87C30980619D409
:1029E8004FF0FF304FF0FF31FFF770FE064600282A
:1029F80000F0AA8002210C3009F069FA0123447022
:102A080003702246314640F66D40FFF7E7FE044664
:102A18000028C7D195F89C30190712D501AA0021C2
:102A280042F21C00FFF7DAFE04460028BAD10198EA
:102A3800C368D3F80120D3F80530C5E93823FFF778
:102A4800F7FB4FF0FF304FF0FF31FFF73FFE044632
:102A5800002879D008210C3009F039FA0227002221
:102A6800077042708270C270027142718271C271C5
:102A7800214642F20100FFF7B1FE0446002891D139
:102A88004FF0FF304FF0FF31FFF720FE06460028D9
:102A98005AD008210C3009F01AFA802343702023F9
:102AA80004708470047144718471C770C3712246C4
:102AB800314640F60140FFF791FE044600287FF4B6
:102AC80071AF014601AA4FF60140FFF787FE0446A1
:102AD80020BB0198FFF7ACFB214601AA4FF6024044
:102AE800FFF77CFE0446C8B90198C368B3F8013003
:102AF800A5F8C130FFF79CFB95F8C1305A070DD5F2
:102B080001AA21464FF60340FFF768FE30B9019845
:102B1800C3685B7885F8C030FFF78AFBEB7923B987
:102B280003B0BDE8F04000F01BBB2E78002EF7D1B3
:102B380095F8C1309B061ED54FF0FF304FF0FF319E
:102B4800FFF7C4FD044610B96FF068042AE70621B0
:102B58000C3009F0BCF9D5F801300360094B9B88AB
:102B68008380214632464FF60640FFF737FE04467B
:102B78000028D5D016E76FF0850413E70000002081
:102B8800D80000200100002073B5264D0646D5F870
:102B980024010AF082F900283DD06FF0020105F106
:102BA800D40009F037FA012109F00AFA10EA010401
:102BB80034D11D4B1E600A4605F1F8000AF078FA78
:102BC80005F58A700AF031FA18480AF01BFB184913
:102BD800164800946FF007034FF4966207F008FA5E
:102BE800144912480AF039FBD5F8240112498368C0
:102BF8001B689847044630B946B9FFF775FE044686
:102C080008B9FFF795FD204602B070BD05F1C40074
:102C180007F0E8F9F7E76FF01204F4E76FF07704CC
:102C2800F1E700BF0000002014090020D0040020B4
:102C38007818002045E200000125000010B5FFF7D4
:102C480053FE044608B9FFF773FD044B1B681BB11C
:102C58002046BDE81040184710BD00BF14090020E9
:102C680038B5032104460C3009F061F90346B0F881
:102C7800010040F6354290420DD01D78E3682246A7
:102C88001978FFF7A5FB35B1034807F019F8BDE837
:102C98003840FFF753BD38BDF800002038B507F0BD
:102CA8000DFC274DD5F81431002B44D00022002309
:102CB80005F1F80007F038F800283CD1002200237D
:102CC80005F58A7006F0C6FF044668B91D4A1E4914
:102CD8001E4840F6AA4308F011FF84F31188BFF399
:102CE8006F8F0323184602DFD5F8080120B1FFF7DC
:102CF8009FFA0023C5F80831204609F0D1F8C5F835
:102D080008012046FFF70AFD98B1114806F0D8FFE0
:102D18002046FFF7EDF90F4B0C2202FB00301F2174
:102D280040882246FFF754FB2046FFF781FAFFF759
:102D380005FDFFF703FDBDE8384007F0D3BB00BF32
:102D4800000000205FE100004EE20000ACE100005E
:102D5800F80000200809002038B5042104460C308A
:102D680009F0E5F84578017840882246FFF730FBFE
:102D780035B1044806F0A4FFBDE83840FFF7DEBCD3
:102D880038BD00BFF800002070B54FF0FF320D4687
:102D98004FF0FF3300210646FFF7B6FA044660B944
:102DA8000A4A0B490B481A2308F0A8FE84F3118835
:102DB800BFF36F8F0323184602DF022104F10C00D2
:102DC80009F085F806704570204670BD52E2000093
:102DD8004EE20000ACE10000F8B50A4DEF79064676
:102DE8000024E3B29F4202D86FF0010007E02946B1
:102DF800304609F03FF90735631C08B12046F8BD95
:102E08001C46EEE70000002070B5144E062231463D
:102E180004460AF016FCE0B14FF0FF304FF0FF31E6
:102E2800FFF754FC0546A8B1062221460C3009F0EC
:102E380054F80022294642F20500FFF7CFFC40B9BA
:102E48003346226843F86929A288B280012283F8B0
:102E5800682070BD6FF06800FBE700BF69000020C4
:102E680073B504460D4689B11749284609F002F999
:102E780060B9164A2968C4EBC404A3181151AA887A
:102E88009A80AA799A71002002B070BD6E463046C9
:102E980009F070F80028F7D13046FFF79DFF0028A9
:102EA800F5DA0A4A0098B179C4EBC404A3181051A2
:102EB800B08898809971002DE5D012592A609A88B7
:102EC800AA809B79AB71DEE71EE3000000000020BA
:102ED80070B5044611B16FF0150070BDF0B123490B
:102EE80009F0C8F8D0B92046FFF776FF002837DA8E
:102EF800237863B91E4AD37993BB20681060A179FF
:102F0800A088917101219080D1711846E5E7012BC5
:102F1800E1D1A37903F0C003C02BDCD1144DEB79C8
:102F2800012B20D0BFF35B8FD5F8D430BFF35B8F74
:102F3800DB0707D4002CCED00C49204609F09AF8BC
:102F48000028C8D1EE792146731C3046EB71FFF793
:102F580087FF08B93046C0E7EB79013BEB71BCE766
:102F68006FF07700B9E76FF00B00B6E71EE30000DB
:102F7800000000202DE9F3410446D8B101AA002140
:102F880041F20900FFF72AFC054698B9019E12494B
:102F9800D6F80C8008F10107062238460AF051FBE2
:102FA80028B10E49062238460AF04BFB30B93046A4
:102FB800FFF73EF9002002B0BDE8F081D8F80130F3
:102FC800C4F80130BB88A4F8053030462570FFF7F7
:102FD8002FF90120EFE700BF2BE3000025E30000F5
:102FE80007B56846FFF7C6FF044BD87118B16946A4
:102FF8000020FFF735FF03B05DF804FB0000002058
:10300800F0B5294DEE7989B0002E46D195F8C23039
:10301800DB0722D56A4631464FF60940FFF7DEFB4B
:10302800D8B9DDF800C0DCF80C406378012B1E46E7
:1030380028BF012673B1A31C02AA12341868596864
:10304800174603C70833A3423A46F7D118683860D1
:103058009B88BB806046FFF7EBF8EE7100241626CC
:103068000127EB79E0B2984202D3B3B1002012E015
:1030780008AB06FB0033694653F8182C33F8143CA8
:10308800CDF80120ADF805308DF80070FFF7E8FEA7
:1030980001340028E5D009B0F0BD0021084609B088
:1030A800BDE8F040FFF714BF000000202DE9F04113
:1030B8001D460E4617460346002849D0002D47D026
:1030C8000A0307D54C0743D408F0E4FF10BB0123DB
:1030D8002B701FE0B10704781ED020492FB1B2062B
:1030E80003D591F8D820500635D5C4EBC40411F89F
:1030F8000480B8F1010F08D101342144184608F0C2
:10310800C1FF38B985F8008002E0B8F1000FF9D0A6
:10311800A7B90020BDE8F081720716D50F49C4EBA6
:10312800C4040F5D012F07D10134214408F0AAFF20
:103138000028EFD12F7001E0002FFBD0B306E8D5AF
:103148002B7843F002032B70E3E708F0A3FFBEE7F8
:103158006FF01500DEE76FF08500DBE70000002068
:1031680010B50A4CE3790BB1002010BDFFF738FF0A
:103178000028FAD1E379002BF6D1FFF741FF0028A8
:10318800F3D1601CBDE81040FFF73EBE00000020F0
:10319800F7B5CDE90001694642F208009DF82070B4
:1031A80016461D4608F091FF044668B97FB9BFF37B
:1031B8005B8F0C4B53E8001F41F0040143E80012F9
:1031C800002AF7D1BFF35B8F204603B0F0BD6946F4
:1031D80042F20900CDE9006508F077FF0028E6D043
:1031E8000446F1E72800002037B50B4CBFF35B8F8E
:1031F8002568BFF35B8FED050BD5BFF35B8F2468A4
:10320800BFF35B8FC4F380240094FFF7C1FF03B0C2
:1032180030BD6FF00A00FAE7280000202DE9F04FD2
:1032280089B0D0F810900293B9F1000318BF0123B8
:10323800DFF8D0A2039305460F469346BFF35B8F92
:10324800DAF80030BFF35B8F5A0740F13C814668DB
:1032580073050BD56FF01504002340F201119B454F
:1032680040F03A81204609B0BDE8F08FD0F81080D0
:10327800B8F1000F01D0B407ECD0A34C2878E3795B
:103288008342E7D9C0EBC000A049072220440AF0D6
:10329800D8F90028DED0B00706D194F87030082B92
:1032A80002D8AB689F2BD5D916F0300F74D0B8F17F
:1032B800000FCFD0F10672D406F46036B6F5603F41
:1032C800C8D0284608F0FDFE80460028C2D0904E9F
:1032D800BFF35B8F3268BFF35B8FC2F30023D20565
:1032E80000F1F4806A68CDE90533CDF81B30AB688E
:1032F800ADF8103012F4004FEB68ADF8123014BF7F
:1033080006230723D00348BF03F00503910348BFF2
:1033180003F0FB038DF81D30BFF35B8F5AE8003FC5
:1033280023F480734AE80032002AF7D1BFF35B8F99
:103338002B78237684F86F30039A696875480DF105
:103348001503FFF7B3FE0446002885D1724BB9F187
:10335800000F30D02A6911684AF8B31C9188998007
:1033680092799A716B689A0727D0B9F1000F2BD020
:1033780013F0100F0CBF012304238DF814302B69B0
:103388001A68CDF816209A88ADF81A209B798DF81E
:103398001C304FF000081AE0B8F1000F8CD1D5E9C5
:1033A80002239A423FF656AF1F2A7FF653AFB3F572
:1033B800804F81D94EE7554ACDE79C0502D4029B40
:1033C800002B55D0022300E04B468DF814304FF007
:1033D800FF304FF0FF31FFF779F90446002878D025
:1033E8000F2204A90C3008F078FD2146002242F291
:1033F8000600FFF7F3F9044600287FF42DAFB9F172
:10340800000F39D04348012108F0B9FE04460028CE
:103418007FF422AF6B68BFF35B8F980738D056E80C
:10342800003F43F4007346E80032002AF7D1BFF3A7
:103438005B8FBFF35B8FB8F1000F32D056E8003FC7
:1034480043F4806346E80032002AF7D1BFF35B8F6C
:103458006B68BFF35B8F59072CD556E8003F43F4E0
:10346800805346E80032002AF7D1BFF35B8FF3E6BA
:1034780003238DF814308CE7129B029ACDF8008054
:1034880059463846FFF784FE04460028BAD0E3E6DA
:1034980056E8003F23F4007346E80032002AC6D0FD
:1034A800F6E756E8003F23F4806346E80032002A36
:1034B800CCD0F6E756E8003F23F4805346E80032C4
:1034C800002AD2D0F6E76FF00A04C5E66FF0770459
:1034D800C2E66FF06804BFE63A888A4204D17A6887
:1034E80012B11278D20702D401330837B7E60B4974
:1034F8000B4809F08DFE4FF470220023084806F0AF
:10350800E5FDAFE6D4000020000000201EE3000027
:10351800280000201800002021000020D9C1000048
:103528003000002010B50A4C204608F04EFEBFF3CC
:103538005B8F2369BFF35B8FC3F30020DB0505D5E1
:1035480020460021BDE8104008F019BE10BD00BF9C
:103558001800002000F1070C2CF0030C10B4541EC6
:103568001860A4B2ACF80020023A93B201FB04F24E
:103578004FF0000C40F802C074B103FB011403FBC8
:1035880001F22044121B4FF6FF7C013B9BB26345BE
:103598008050A0EB0100F8D110BC704703460068CA
:1035A80010B102680AB91A60704700F1070C2CF0D4
:1035B800030CD11DBCF800C021F003010CF1FF3C45
:1035C800A1F800C0EFE700BF0B687BB1073323F019
:1035D80003031A88013292B20346D1F800C043F8B7
:1035E80007CB23F003031A80086070470122F3E732
:1035F800531E11449BB242B1DB430138CA1811F87B
:10360800013D00F8013F9142F9D17047014402E0C1
:1036180010F8013B1BB98842FAD1002070470120FD
:10362800704700BF10600860704700BFD2F800C044
:10363800CCF80000D2F800C0CCF804101060704735
:10364800884203D01AB1436813607047002070475E
:103658000B68834209D02AB1586810601A680A605A
:1036680018467047002BF9D1FAE70023F8E700BFA6
:103678002DE9F8430E4EDFF83C904FF090080C27E8
:1036880006F1200409EB08052A1D29462046083CB6
:10369800FFF7C8FFB442A5F10C05F5D1043F3B1D67
:1036A800A8F13008A4F12006EAD1BDE8F88300BFEC
:1036B80074090020C0090020F8B506461C460D46CE
:1036C80002B322786378D21A12F0030229D1294F63
:1036D80071004FEA450C3144AC44890001EB0C11F0
:1036E80001330431DBB27A18606823702146FFF792
:1036F8009DFF214B0122294630465A5503F056FFBB
:103708000020F8BD03F03CFF0028DAD029463046F7
:1037180003F028FF637860B92278D21A12F0030206
:10372800D5D0012A03D00133DBB22370E1E710467C
:10373800F8BD05EB450206EB46010E4F120102EB00
:1037480081023A447100907AD27A90424FEA450C4D
:1037580005D02078C01A10F00302E2D1BBE7227826
:10376800D21A920702D00233DBB22370D4E90203E3
:103778009847C5E79C090020180900202DE9F04F5B
:10378800DFF8609119F8003089B0002B59D0DFF8C4
:1037980058A1C0EB00134FF0000B00EB40079B0053
:1037A8000324CDE904BB09F800B00AEB071703931B
:1037B80002948346B8460023B96A58F8240F079341
:1037C80007AAFFF73DFF044607AAB4B1079D2E7864
:1037D8006978761A06F00306012E35D02B78591A27
:1037E80001F003010129DBB23DD1D7E90901FFF757
:1037F80027FF044607AA002CE8D197F82E3097F83F
:103808002F209A4203D087F82F300123049397F88A
:103818002C3097F82D209A4203D087F82D300123B9
:103828000593029B5D1EEBB2FF2B0293A7F10C07D9
:10383800C0D10499D846DDF814B011B1BBF1000F1E
:1038480045D009B0BDE8F08F01396970079BD3E90D
:1038580002029047079D2A786978D3B2521A02F07B
:103868000302012A21D0B86A019300224146FFF7DA
:10387800EFFE6C60019B6A786B702B789B1A03F0E3
:103888000303012B08D0D7E9090107AAFFF7D8FEDF
:10389800012E044698D10EE0039B6A701A1D294632
:1038A80020465244FFF7C2FEEDE7D7E9090107AA0F
:1038B800FFF7C6FE0446029B8BB1012359465846C2
:1038C80009F80B3003F072FE09B0BDE8F08F5A46D4
:1038D8004146404609B0BDE8F04F03F037BE002C22
:1038E8008BD0EAE7180900209C0900204B1EDBB2A8
:1038F80071B1411E00EB030C002011F8013F23B108
:103908005A1E01301340C0B2FAD16145F5D1704753
:103918000846704770B5057E0468FF2D2AD02A46F0
:103928004FF0000C07E09E6814F80E30FF2B154688
:10393800B4441FD01A4602EB420391424FEA031ED9
:1039480004EB0313EFD18D4202D114F80E20027656
:1039580014F80E20986805EB45052D01FF2A6255DD
:1039680006D002EB420204EB021293680344936010
:10397800604470BD002070BDA2EB010C1CF4000F68
:1039880010B4836844690AD12CF07F4C6344A34285
:103998000DD8E41A00234461836010BC7047891A6B
:1039A80021F07F418B4208D95B1AA342F1D91B1B36
:1039B80000244461836010BC70470C44E41AE9E7B2
:1039C8002DE9F041244DBDF824708E462C2101FBD1
:1039D8000055696801EBCE0011F83E60C478417863
:1039E80004F1010C5FFA8CFC664598BF4FF0000C9F
:1039F80061452DD0466804EB4404210106EB04140C
:103A08004FF0040806F801806360069BA360079BDB
:103A1800E360089B23610A9BA3610F9B63620B9B76
:103A2800E3610C9B23620D9BA3620E9BE36202235E
:103A38006270A782A37080F803C0D5E90836704683
:103A480098472B4641460022B047A078BDE8F08150
:103A58000120BDE8F08100BF5C0A00202DE9F04F8D
:103A680087B00346427A019000685F680290002A96
:103A780000F0EF80531EDBB207EBC3038A460393C3
:103A88000597039B5A6893F801B00492BAF1FF0FA7
:103A980057D00AEB4A04029BCDF800A04FEA04195C
:103AA800002513F809A003EB0414019BFF272770D6
:103AB8001E681B7E06EB0908BB42D8F808100DD11A
:103AC800C1E0091A05D1B8F81E90BEF81EE0F1450C
:103AD8007AD8B25CFF2A1F4665D0134603EB43022F
:103AE80006EB021E4FEA430CDEF8080088424FEA54
:103AF8000212E6D9FF2FC8F8081088F800305DD107
:103B0800DDE900200276634406EB03139A68521A33
:103B18009A60A37801336370002DB7D0AB6A4FF079
:103B280000022A70AA7013B1E96A002098476368F6
:103B3800002BABD1AB6A2362EB6A6362BAF1FF0F69
:103B4800A7D1039B049E99780BEB4B030BF1010063
:103B580059454FEA03125FFA80FB06EB031569D05B
:103B6800039B1878B35C584508BF4FF0000B042B33
:103B7800EAD16978029801EB410300EB03144FEA9C
:103B880003196078A378984220D04FF00003B3540B
:103B9800AB6A4FF001020120AA700BB1E96A98479D
:103BA800039B9978D0E79C444FEA0C1C009BC8F80B
:103BB800081088F8002006F80C30AAE707EB47073A
:103BC8003F01009AF2559EE7014693E7019AAB8AB6
:103BD800009151694FF6FE72934207D04FF6FF727B
:103BE8009B1AB3FA83F35B0984F82C306B6AA362DF
:103BF800EB6863602B69236200226262AB8A4FF62E
:103C0800FD70834288BF1346A383AB69A361EB6948
:103C1800E3602B6A2361AB68A36062616A6820462F
:103C2800FFF7AAFE4FF00003E383E37843F00103B4
:103C3800E3703AE7039A517005999142A2F108039B
:103C480007D003931DE706F80930DDE90032137643
:103C58005FE707B0BDE8F08F2DE9F04F447E012300
:103C68008FB08376002C40F0BA80037EFF2B81460C
:103C780000F0B48003F048F9D9F81420D9F81C30C2
:103C880099F81880D9F80060801A20F07F4B5B45BE
:103C980094BF00230123B8F1FF0F0393A2467CD001
:103CA800049408EB480806EB08144FEA0818A368C0
:103CB8005B4571D8A27816F80880ABEB030B9A44E1
:103CC80063789B1ADDB2012D63D1A06AA3690293C0
:103CD800002800F019810168002900F08380002B7A
:103CE80000F02A81039B002B00F04A81037A5A07CF
:103CF80000F03B81037A23F007030372E78BE27835
:103D080022F001027B1CE27094F82C209BB2E38322
:103D1800002A00F0E080A28B9A4280F0DC80A06A42
:103D2800002800F06581037A03F00703012B00F0F7
:103D3800D280002741684760A36A1A7A67F30202B3
:103D48001A72A278E768013AA27017B36369D9F8C2
:103D5800142094F803C0AAEB0303134423F07F4014
:103D6800626A23690CF0010C002D40F0DF80B4F882
:103D78001EE0CDE900C37346B847DDE90223002AF7
:103D880018BF43F001030393E378E58365F3000369
:103D9800E370B8F1FF0F84D1049C99F80B3099F8BF
:103DA8000A209A4208D10132D2B2022A1ABF144616
:103DB8002346002389F80B4009EB83030022C3F84C
:103DC8000CA0D9F8244089F81A204B460122042176
:103DD8000320A4460FB0BDE8F04F604784760FB0CB
:103DE800BDE8F08F029B002B00F08C80039B002B1A
:103DF80080D1D9F81C309A45FFF47CAFB8F1FF0F99
:103E08007DD0029BE78B09939C46A38B6168CDF814
:103E180018B0BB429ABFFB1A9BB23B4603FB011387
:103E2800CDE907A805934FF0000E43460B92DDF845
:103E380024800C95CDF824C0A3468A4684460D9765
:103E4800CDF8289003EB430306EB03121B0191689E
:103E58008E44F04548D3906A946900283FD00068A2
:103E680000283CD0D58B978B5068AF4240F29380A6
:103E7800002840F09780BCF1000F32D08146DCF872
:103E8800000028B1029919B97444A04280F0BD809D
:103E9800AF4226D8D0789BF8032000F0010402F046
:103EA8000105A54205D34240D1071AD4B9F1000F44
:103EB80017D060465C46DDF820800C9DDDF824C0F4
:103EC8000D9FDDF82890DDE906BA002840F09680BD
:103ED800CDF808C013E7A378013BA37059E7002C7D
:103EE800C0D1F35CFF2BADD16046DDE9088C5C46A0
:103EF800DDE906BA0B9ADDF82890CDF808C000284D
:103F080000F09080002514E7029B5BB3039B002B15
:103F18007FF4F4AED9F81C309A45FFF4EFAEB8F14F
:103F2800FF0F7FF46EAF03990D460BE7CDE900C391
:103F38004FF6FF73B8472CE7039B63B9D9F81C30D9
:103F48009A4508D3B8F1FF0F54D04FF0040CE78B13
:103F5800CDF824C059E704230293037A5A077FF463
:103F6800C9AE02E0029D0021ECE6A18BE28B9142F2
:103F78003FF6C0AE012262F302030372E78BBEE68E
:103F8800D9F81C309A45FFF4B1AEB8F1FF0F7FF4B1
:103F980038AF039DCDE668B9BCF1000F7FF46EAF72
:103FA800E14677E7BAF1000F20D1BCF1000F98D0B5
:103FB800D14664E7BAF1000F12D0A5EB07091FFA42
:103FC80089F9411A00FB0911059888422CBF4FF066
:103FD80000094FF00109BCF1000F7FF450AF57E71B
:103FE800D146BCF1000F7FF44AAF51E7A946E8E794
:103FF800A278B8E70423039D02939AE60168CDF8F6
:1040080008C000293FF476AE70E65C460146DDE95B
:1040180006BA6046DDF820800C9DDDF82890DDF8B2
:1040280024C0ECE7054601468CE600BF837E002BE2
:1040380040F034832DE9F04F477E8DB08346002F42
:1040480076D1837AC27A012141769A4241690791F1
:1040580000F025830133DBB2022B12BF1A463A4621
:104068003B4600EB82028372D268079B0592134499
:1040780023F07F43436101259BF81830089302F031
:1040880043FF9BF80920DBF800300193531EDBF84F
:1040980004600490DBB2002A00F01F84CDE90A75A1
:1040A80006EBC30AFF2303930696D946DAF8047091
:1040B8004FF0000B9AF803109AF8025005EB4504EC
:1040C8006B1CA9424FEA0418DBB207EB041460D05A
:1040D8009AF800209A4208BF00238AF8023017F89D
:1040E8000820042A3AD9082A2CD86178019801EBCB
:1040F800410300EB03161B01B078029373781B1A77
:1041080013F0FF032CD1062A1CD199F81B308B42DF
:1041180050D007F808B0A36A84F802B0002BC9D0C1
:10412800E16A002098479AF803109AF80250C5E708
:10413800446A0421034601220420A4460DB0BDE8C8
:10414800F04F604707F808B04FF00103A370A36A67
:10415800002BAFD0E16A01209847ABE71D46ADE7D9
:10416800052A1ED162684AB9A2683AB9E2682AB932
:1041780022691AB9626932F07F42E3D0012B29D053
:104188000421D9F824404B4601220846A0478AF862
:104198000250069A5245AAF1080300F0E0809A46B8
:1041A80084E7012B00F0A480062AE9D199F81B3096
:1041B8008B42AED16168D9F814208B1A1D0240F1E8
:1041C800BD80059B521A22F07F4293428CBF9B1AF6
:1041D8000023B7E04846FFF79DFBB060D9F814E02C
:1041E800049B059AA3EB0E0323F07F4313449842E4
:1041F80040F2AF80C01A7368002B46D0A38A002B08
:1042080043D0013B9AB2A2827568F38BA84218D8B2
:104218001BE0726ADFF8A4C28BB2A9495118614544
:10422800A0EB050006D902F1E87202F5D43202F5D6
:10423800A5720138316AF383521A72628542A28AE2
:1042480003D2934203F1FF31E3D89A421CD9316A71
:10425800099706E0726201339BB2F383A28A9A42FD
:1042680011D9726ADFF858C2944F0A449444BC4585
:104278002844EFD8A2F1E872A2F5D432A2F5A572CB
:1042880072620130E7E7099FB2836368B16A034449
:10429800B360A26873691344736129B10B681BB1D9
:1042A800D4E901329B1A4B60049A71463046FFF7F5
:1042B80063FBE268B3691344B361226993428CBF1C
:1042C8009B1A0023B361A37D1BB1F27863F300024C
:1042D800F270E37D13B1013B86F82C30DDE9012152
:1042E800039B53547378627803920133737010E719
:1042F800062A3FF40AAF4846FFF70CFBB378B060D4
:10430800737099F81B2063789A427FF402AF17F80C
:104318000830062B3FF44EAFFF2389F81B3017F8FF
:104328000830062B3FF446AF082B3FF443AF0499FF
:10433800D9F814208B1A1D023FF543AF059A23F0D4
:104348007F431344D9F81C209A4288BFC9F81C300F
:10435800DFE6726913441B1A736100204BE7DDE93D
:104368000A75CB469BF81860002D00F01781049B56
:10437800079ADBF800809B1A23F07F4A089BF51AFE
:1043880018BF0125FF2E08BF2C465FD04FF000094B
:10439800CDF804900497DDF81490059506EB4605D2
:1043A80008EB05142D01A2684A4500F26882019BBA
:1043B800A178E08B1344019363785B1ADBF81C1037
:1043C8008A4234BF891A0021A9EB0209AAEB020A22
:1043D80024BF4FF0FF328BF81B20CBF81C10A16ACA
:1043E800A769DBB2002900F0CC800A68002A00F037
:1043F800B480002F40F0B480022B00F03B820022F2
:10440800A26018F805208BF818206168A26A0029B4
:1044180074D122B1127A02F00702012A52D03BB1BC
:10442800012B00D020B1236A13B1616A012098479B
:10443800A37863709BF81860FF2EAFD1DDE904758F
:10444800089BFF2B0CBF2C4645F0010403995846E6
:10445800FFF704FBCDE90247DBF800A0CDF804B074
:104468004FF0000C019B187EFF2800F039820446AB
:104478004FF0FF0800E01C4604EB44030AEB031569
:104488001B01A96A8E4629B10A7A02F00702012A9D
:1044980000F00B811AF80330FF2BA046EBD1DDE9C1
:1044A8000247DDF804B0BCF1000F40F09280089B91
:1044B800834240F08E80002C7BD08EE0592B177FF2
:1044C8005A2B17FFA378C4F808906370079B019ACA
:1044D800DBF814109A1822F07F422046FFF74CFAB6
:1044E800039B08F80530637803960133DBB26370E9
:1044F8009BF81860FF2E7FF451AF9FE722B1137A23
:1045080003F00703012BDDD0B4F81EE0BEF1000F65
:1045180040D1B4F81CE07046D4E908C300220294E4
:10452800BC4FBD4C6344DF19A74200F1FF300A4479
:1045380006D8A3F1E873A3F5D433A3F5A573013224
:10454800441CEDD1029C94F82C706362002F00F09B
:104558008480A260A4F81EE0B8E7002F3FF44FAFB4
:10456800022B7FF44CAF00287FF449AF0A7A02F09F
:104578000702012A3FF443AFCBF81C708BF81B608D
:104588003DE7002F3FF43BAF022B7FF438AF002804
:10459800F2D034E7A37863700020BDE7584603994A
:1045A800FFF75CFA9BF81800089B83420ED19E42E5
:1045B8000CD100238BF819309BF81A30002B49D006
:1045C800DBF824405B4601220321B5E5FF2800F013
:1045D8009281089BFF2B00F06B81DBF8003000EB29
:1045E800400003EB0013D3F80880B8F1000F59D04E
:1045F80002F08AFC0A260446DBF81430E21A22F09C
:104608007F42904506F1FF3602F103011AD9414570
:104618002CBF5B18434423F07F452846DBF828303D
:10462800984702F071FC031B2D1B23F07F430233D4
:1046380025F07F45AB4206D90EB10446DCE700DE23
:104648000446D9E7012700238BF819309BF81A3064
:104658003B43B5D10DB0BDE8F08F92457FF679AFF9
:104668006C48CDF8088006946B4C634403EB000853
:104678000137A0450A44BFB206D8A3F1E873A3F5F1
:10468800D4330132A3F5A5739245EDD8069CDDF825
:104698000880636277441FFA87FE5AE770473D46F1
:1046A8000597E9E48BF819808AE7AA68002A40F0A0
:1046B8003A81D5F818B0BBF1000F06D10A68002A74
:1046C80000F03D818E464FF0040BDEE9002991454C
:1046D80080F0E380A2EB090C1AF80320FF2A00F00F
:1046E800DC800199CDF81C80C969ACEB0B000E1D6C
:1046F8000021CDE90594049099460F4608463446B2
:1047080013460BEB0708C4453FD303EB43030AEBFF
:1047180003121B019668304404287FD9061F3E44C3
:10472800664528BF66460BEB04018C450ED3B045A1
:104738000CD8A969002900F08C809EF80810090798
:1047480000F18780B6EB0B0140F0BD80916A21B182
:10475800097A01F00701012971D0916900296ED009
:104768005268002A6BD0AA6907440431CC19002A80
:1047780063D09EF808201207ACEB0B0100F1AA8069
:104788001AF803300020FF2BBBD14B46DDE9064861
:10479800DDF814908944CEF804901AF803B0BBF100
:1047A800FF0F5A4618BF4FF0FF0C01D1CDE002466B
:1047B80002EB42000AEB00174FEA4209BE688E423C
:1047C8004FEA001080F0C3801AF80000FF289446D2
:1047D800A1EB0601EBD1A960B8F1FF0F00F09F80B3
:1047E80008EB480109010AF801B04A4412011AF815
:1047F80002100AF803100AF80240EB8B013BEB8326
:104808009EF80830022262F302038EF808304FF057
:10481800010C27E65A2B17FF592B177FAE6996B163
:104828009EF8086016F008063FF47DAF9469049A74
:10483800074404343C44A242A2D32146A0E71AF814
:10484800033000219FE791690744043139440C463D
:1048580096E7002C3FF47AAFA6EB0B06A642FFF4CE
:1048680075AF4B46DDF8149022469144DDE90648C1
:10487800114690E700287FF4C2AD042776E64B4640
:10488800D21AA260059D9BF81830089A049F93429B
:104898000CBF2C4645F00104D8E5CEF804901AF870
:1048A8000330FF2B08BF00214FD00023AB60A4E7E3
:1048B80002F02AFB044602F003FB40B99BF81800FB
:1048C800CBF8144089E6A142FFF440AF5DE79BF8BE
:1048D800180082E60A460021ADE7FF23039341E56D
:1048E800029C9B46BCF1000F05D1089BFF2B02D10F
:1048F800002C3FF45EAE02F0F3FA044600287FF481
:1049080058AECBF81C0002F0FFFA8BF81940CBF830
:1049180014009BF81A30002B3FF49CAE50E6019926
:1049280081F818B061E700DEA96AD5F818B08E469C
:10493800BBF1000F7FF4C9AE00297FF4BFAE00DEE3
:104948004FF0040BD5F828E0BFE6A96055E7761AC2
:10495800BCF1FF0FBE60A9603FF44FAF1AF803B077
:1049680062464FEA4C0937E7F8B5069E9DF81C5099
:10497800089CB8B9144F3A605A1E39727B727E602F
:10498800D2B273B106EBC2025460114612F808396C
:104998008E4203EB4300A5EB030304EB0014DDB2E6
:1049A800F2D10DB10120F8BD099B3B620A9B7B62E5
:1049B800FF240B9BBB623C7602F0A6FA7D817861EE
:1049C800FC76FD612846F8BD5C0A002040B9064B1C
:1049D8001A7EFF2A01D1187270476FF00F007047D6
:1049E8006FF01500704700BF5C0A002010B4074B39
:1049F8002C2202FB00335C6A2CB1A446012210BCB5
:104A080003210220604710BC704700BF5C0A0020E9
:104A180010B58AB00C9C00940D9C01940E9C0294D5
:104A2800BDF83C400394109C0494119C0594129C7E
:104A38000694139C0794149C089400240994FEF788
:104A4800BFFF0AB010BD00BF10B4BDF810400494F9
:104A580010BCFEF7B5BF00BF2DE9F047244DBDF8E7
:104A68002C809DF830709DF83CE02C2404FB005508
:104A78006C6804EBC10014F83190C478467804F1EE
:104A8800010C5FFA8CFCE14598BF4FF0000C6645BD
:104A98002AD0466804EB44044FEA041906EB0414D0
:104AA8004FF0050A06F809A06360089BA360099BFC
:104AB800E3600A9B23610D9BA3620E9BE3620223C2
:104AC8006270A4F81480A77584F817E0A37080F8C2
:104AD80003C02B6A6E6A084698472B4600220421B9
:104AE800B047A078BDE8F0870120BDE8F08700BF97
:104AF8005C0A002010B588B00A9C00940B9C0194B5
:104B08000C9C0294BDF8344003949DF838400494FA
:104B18000F9C0594109C069400240794FFF79CFFB3
:104B280008B010BDF8B5194E2C2404FB0066746853
:104B380004EBC10014F831E0C478457804F1010CA5
:104B48005FFA8CFCE64598BF4FF0000C65451BD01A
:104B5800456804EB44044FEA041E05EB04140727D8
:104B680005F80E70A362069BE36202236270A370CD
:104B780080F803C0336A756A0846984733460022AE
:104B88000421A847A078F8BD0120F8BD5C0A0020E0
:104B980002F0BAB9401A20F07F4070470020002187
:104BA800704700BF002303700B70704738B5054687
:104BB80000200C4601F074F970B93DB9074B44B1B7
:104BC80020681860A2889A80002038BD044B002C09
:104BD800F6D11C609C80F7E70C2038BD900A0020B5
:104BE800880A0020012804D808B9034870470348F8
:104BF80070470020704700BF900A0020880A0020F4
:104C0800012809D830B9064B186808609A888A8044
:104C180018467047034BF7E700231846704700BF54
:104C2800900A0020880A002010B5044601F074FCA0
:104C380038B901F04BFF48B92046BDE8104005F0EF
:104C48003FB800DE01F042FF0028F5D000DE204624
:104C5800BDE8104005F034B80860014805F030B8E8
:104C6800140E002005F02CB82DE9F041284E294FEC
:104C780082B04FF00008D6E9000101AAFEF7E0FC77
:104C8800044670B1019D002D3AD02B79022B0BD030
:104C980000DED6E9000101AAFEF7D2FC044600288E
:104CA800F0D102B0BDE8F081002270683146FEF70D
:104CB800CFFCAA6832B11378002B26D01378013BB9
:104CC800DBB213702B7B03B100DE85F80C807B7D93
:104CD800397D0133DBB2052B08BF0023994212D07E
:104CE8002C60797D47F821507B75002AC3D0137852
:104CF800002BC0D19368002BBDD0D0689847BAE785
:104D080000DE019DC1E700DEEFE700DED6E700BF69
:104D1800C40A0020F40C00202DE9F041DFF864807B
:104D2800B8F80050FE2D25D815F0FF0520D0164FF5
:104D38007C7D3B7D15480134E4B2052C08BF002476
:104D48009C4215D0FEF72AFC0646114886B1FEF7AC
:104D580025FC88B106607B7D47F82300B8F8003051
:104D68007C75013D013B15F0FF05A8F80030E0D146
:104D7800BDE8F081FF25DAE730460449BDE8F04197
:104D8800FEF722BCCC0A0020640C0020D00A0020C8
:104D98000C0B00202DE9F8432E4B2F4F04229818B6
:104DA80014214FF00008A7F81480FEF7D3FB2B4B13
:104DB800042208219818FEF7CDFB97F814907C7D03
:104DC80004260134E4B2052C08BF0024A145234879
:104DD80013D0FEF7E3FB05461E4875B1FEF7DEFB70
:104DE800002831D0C5F8048005607B7D47F8230092
:104DF800013E16F0FF067C75E3D1194B0522181DFC
:104E08004421FEF7A7FB174B0722181D0821FEF7C0
:104E1800A1FB1448FEF7C2FB90B1134A111FFEF71D
:104E280001FC1048FEF7BAFB60B1104A111FFEF7EB
:104E3800F9FB0F4B04221A80BDE8F843FFF76CBF5B
:104E480000DEEAE700DEF0E704492846FEF7BCFB8F
:104E5800D3E700BFA00C0020F40C00207C0C00203D
:104E68000C0B0020D00A0020C80A0020C00A00202D
:104E7800CC0A002030B51E4B1E4C87B0186002F0DB
:104E880011F8237863B31C4A1C4D1D4C1D49CDE90C
:104E980004251D4A0220CDE9022404230C24CDE96F
:104EA80000141A4A087408760B700B72002003214C
:104EB800FFF75AFDC8B901220021154808F0F8F893
:104EC80001F0C8FA08B107B030BDFFF763FF01F081
:104ED800E5FD0028F7D107B0BDE8304000F07CBF01
:104EE800FEF7C6FB01232370CDE700DEE3E700BF32
:104EF800100E00206514002001760000A176000045
:104F0800E175000064100020240E002084100020A9
:104F1800140E002030B585B000F064FF38BB174A86
:104F2800174B0024A2F800419C82012221466846C2
:104F380008F0BEF8134B2246214603206D46C3F8FD
:104F480008D0FEF7B9FBA0B94FF0FF324FF0FF339E
:104F5800284604F0E9FE00F085FF60B9FFF71AFF64
:104F68000021012005B0BDE83040FFF71FBE00DE7C
:104F7800D5E700DEE8E700DEF0E700BF0C0D002013
:104F8800640C0020A402002008B5FFF7C3FF01F05D
:104F980097FA00B108BDBDE80840FFF717BD00BF8C
:104FA80010B50022074B82B00260044601AAD3E97B
:104FB8000001FEF745FB08B1019B2360002002B009
:104FC80010BD00BFBC0A002000B50B4983B0002308
:104FD8004868019301AAFEF73BFB58B10749FEF761
:104FE800F3FA019B1B790BB12D2B00D000DE03B027
:104FF8005DF804FB00DEF1E7BC0A0020D00A0020BF
:1050080070B5046806464CB10F4D204624680379F4
:1050180053B12D2B09D000DE002CF6D100233360CC
:10502800BDE87040FFF778BE00DE2B88032B07D859
:10503800013306492B80FEF7C7FA002CE5D1EDE7CE
:1050480000DE2B88F4E700BFCC0A00200C0B002000
:10505800022810B50C4602D00B68022B07D0044872
:105068004FF0FF324FF0FF3304F05EFE206810BDB2
:10507800140E002004490A680AB110467047024617
:1050880008601046704700BFB80A0020044A136839
:1050980023B1984206BF00211160002318467047CB
:1050A800B80A0020014B1868704700BFB80A0020F2
:1050B80070B505682B7884B0EBB104460122002155
:1050C800684607F0F5FF0D4B6E46C5E902362B78AA
:1050D8008BB10B4B0022114603209C60FEF7ECFAC3
:1050E80038B94FF400420023304604F01DFE04B0E6
:1050F80070BD00DEF5E76FF07700F8E76D4C000053
:10510800940200200B490A7D4B7D9A420AD8A3EBF2
:10511800020C5FFA8CFC604509D89A4207D051F816
:105128002200704705339B1ADBB29842F7D900205A
:10513800704700BF640C00202DE9F0431A4D9DF81C
:105148001C8095F801C10CF1010E5FFA8EFEBEF1CC
:10515800080F994695F8003108BF4FF0000E7345C7
:105168001DD0144605EB4C1CE36807460E46106834
:105178005168926864460FC49CF81C30CCF81860DB
:1051880008F0010823F0030343EA0803CCE9049775
:105198008CF81C3085F801E16046BDE8F0834FF0DB
:1051A800000C6046BDE8F0830C0D0020054890F81F
:1051B800003190F801219A4214BF00EB43100020FF
:1051C800704700BF0C0D002001460B480A7890F884
:1051D8000131072A84BF90F800210A70934208D051
:1051E800531CDBB2082B08BF002300EB42100B70E6
:1051F80070470020704700BF0C0D00202DE9F04FCC
:105208003D4E96F8003196F8012187B09A420290F7
:105218003ED04FF00008CDE9048806EB43130A247A
:10522800CDF80C80C346C2461D7FD3F80090DF68D6
:10523800C5F3400205F00105002C4DD0013CE4B255
:105248004AB396F8011196F80031994220D00133FB
:10525800DBB2082B08BF0023994286F8003117D02B
:10526800590106EB4313002ADED1D86805BBBAF111
:10527800000F33D0BBF1000F36D01A7F9707D3D178
:105288005045725834D05845CED105998A42CBD171
:1052980007B0BDE8F08F194902988B600B4611469C
:1052A8000192FEF709FA019A0028CAD000DEC8E781
:1052B800039ABAB1B8F1000F08BFB8461A7F95072C
:1052C800B2D4D207DCD5BBF1000FADD1039A82422C
:1052D800DED08045A8D1DBE700DEAFE7BA46CDF8DF
:1052E8001090EBE70397E9E7BB46CDF81490E5E7A4
:1052F80004998A42C7D1CBE70C0D00207402002024
:1053080070B5114A117D537D8B421BD04B1CDBB20B
:1053180052F82140052B08BF0023137584B10223DE
:10532800054600262068094A237121462660A560A3
:10533800FEF77CF90122064B11463046FEF7BCF910
:10534800204670BD0024FBE7F40C0020C80A0020AA
:105358008402002010B582B00024049B93F80AC090
:105368002CF0020C83F80AC0CDE9004401F0C4F91E
:1053780002B010BD10B50346007F1A69996901246F
:1053880082B02040CDE90004586901F0B5F908B9A8
:1053980002B010BD7730FBD000DEF9E70B8A002B96
:1053A80033D030B5054683B001F10C000C4606F049
:1053B800C6FD012826D1002301A92046019300F04B
:1053C800DBF90146C0B1C36828691A78042A05D0F8
:1053D80003682846984720B103B030BD5B78052B99
:1053E800F6D1019D45B1284600F09EFB0346019980
:1053F80007486B7107F047FE2046FCF719FF0020AD
:1054080003B030BD6FF01500E6E76FF01500704788
:105418001811002010B50469FFF7B6FD40B905481A
:10542800FCF794FC0448FCF791FC0020206010BDB8
:1054380000DEF4E770050020F00500202DE9F041BA
:10544800076982B006464FF000082A484FF0FF323D
:105458004FF0FF3304F0FEFB0028F6D090F905303A
:1054680001905A1E032A2ED8022B34D04FF0FF3257
:105478004FF0FF330220FCF72FFF04460198002C61
:1054880033D0214600F04AFB019B01A8C3F80080F5
:10549800FFF7B6FD204606F003FD0546214600202D
:1054A80006F005FD2B8A012B04462946304606D90D
:1054B8003B68984705F048F8002CEBD1C5E728462B
:1054C800FCF7B6FEF6E700DE019B01A8C3F80080F2
:1054D800FFF796FDB9E70022002301210020FCF721
:1054E80013FF04460198002CCBD1046001A8FFF7F4
:1054F80087FDAAE71811002010B582B00DF102014E
:1055080001A8FFF74DFD0028F8D1019B6BB1FFF70B
:105518005BFD019C204600F007FB0199607107487C
:1055280007F0B1FD019B002BE8D14FF0FF324FF09F
:10553800FF33034804F0F8FBE0E700BF1811002030
:1055480028110020F0B50546076989B00E461F48A6
:1055580007F06BFD4FF0FF3200211D4807F0A8FD52
:105568001B48FFF787FC044660BB3E6000F0DEFA8C
:10557800002600276FF00903CDE90334CDE906675B
:10558800CDE90144134B144900954FF4E0721348D8
:1055980004F0E0FD1249114807F05FFE6FF00702C2
:1055A800CDE90324CDE90667CDE901440D4B0E4949
:1055B80000954FF460720D4804F0CCFD0C490B487F
:1055C80007F04BFE204609B0F0BD00BF18110020BF
:1055D8002811002001550000281D0020700500201A
:1055E800D8DB000045540000E81E0020F00500202C
:1055F800E8DB000008B504F061FF054807F01DFD71
:10560800034807F012FDBDE8084004F06BBF00BF77
:1056180018110020F0B5013887B01446092806D8BB
:10562800DFE800F009283E050550056281946FF017
:10563800150007B0F0BD4E4B0D21188806F0F6FC9A
:105648000D2120600C3006F042FC4FF480620023EC
:105658004FF002140421A0F8052002220370C0F8BC
:105668000140C171037242728372C37203730020D6
:1056780007B0F0BD3E4B4121188806F0D7FC412108
:1056880020600C3006F023FC002104463E2200F87E
:10569800031B07F0CEFF40F2A733A4F80130E6E77A
:1056A800334B0921188806F0C1FC092120600C3011
:1056B80006F00DFC0346002203F8012BC0F8012078
:1056C8005A60D4E7C9680020FFF770FA284B012117
:1056D800188806F0ABFC012105460C3006F0F7FBF4
:1056E800002303702560C2E7224E214F0FCE01AD83
:1056F8000FC5336838882B70122106F097FC1221E9
:1057080020600C3006F0E3FB0446002301AE04F8E9
:10571800013B84460FCE2D78CCF801006160A26071
:10572800E3602574A3E7124B1821188806F07EFC65
:10573800182120600C3006F0CAFB00230446012122
:1057480000F8023B01F034FB607090E7084B212120
:10575800188806F06BFC212120600C3006F0B7FB9E
:105768000146002301F8113B013001F071FB7EE78F
:105778003214002008DC0000F0B5038A8BB0002644
:10578800022B059621D9044603210C3006F0CFFBE5
:10579800228A83789A4218D30188AB4FC1F38523B4
:1057A800082B88B23980C1F3090512D078D8032BA9
:1057B8005FD0042B64D1691E082961D8DFE801F0A5
:1057C800BC9D8B60606060607C00002420460BB04C
:1057D800F0BD691E4A2953D8DFE811F0830173012F
:1057E8004F0152004A013C01290123011D010D010D
:1057F8005200520052005200520052005200520011
:105808005200520052005200F000E10052005200D3
:105818005200D20052005200520052005200520070
:1058280052005200520052005200520052005200E0
:1058380052005200520052005200520052005200D0
:1058480052005200520052005200520052005200C0
:1058580052005200520052005200520052005200B0
:1058680052005200520052005200520052005200A0
:10587800C200032D00F04081632D07D0012D05D013
:1058880001210BB0BDE8F04006F0E2BB012106F0B3
:10589800CDFB012104460C3006F019FB067095E794
:1058A8003F2BEDD105AA21462846FFF7B3FE163057
:1058B80040F031813888E3E7072106F0B7FB07217C
:1058C80004460C3006F003FB0146002001F8010BEA
:1058D800FFF796F97AE7092106F0A8FB09210446A3
:1058E8000C3006F0F4FA0346002203F8012B60217D
:1058F800C0F801205A60417168E7412106F096FB23
:10590800412104460C3006F0E2FA00210546402207
:1059180000F8011B07F08DFEC022AA714FF40A722D
:1059280004234A49A5F80F208022EB72EB75C5F8CD
:105938001A1085F8272049E7092106F077FB092185
:1059480004460C3006F0C3FA4FF450610023404A75
:1059580001800D218370C3700171C0F8052035E7FF
:10596800032106F063FB032104460C3006F0AFFA6E
:105978000146002301F8023B0130FFF713F925E740
:10598800092106F053FB092104460C3006F09FFA62
:1059980000234FF4407202604360037216E7092146
:1059A80006F044FB092104460C3006F090FA002367
:1059B80000F8013B082100F093FD07E7E0680023A9
:1059C80006AA00F1100101F0B9FE3888112106F08D
:1059D8002DFB112104460C3006F079FA0646002307
:1059E80006F8013B06AD07460FCDC7F80100716008
:1059F800B260F360EAE6E3681878FAF789FF0546CB
:105A08000121388806F012FB012104460C3006F00B
:105A18005EFA0570DAE6E16811F8010B00F010FB98
:105A2800EDE7E16811F8010B00F09CFAE7E70221C5
:105A380006F0FCFA022104460C3006F048FA00236E
:105A480003704370C2E600BF32140020F703C00899
:105A5800F105FFFFE468A57BA379627921792088A5
:105A68000295657B01950734009400F049F9C6E773
:105A7800E1680120FFF79AF8C1E7092106F0D6FA94
:105A8800092104460C3006F022FA0346002503F8E3
:105A9800015BC0F801505D600646FFF77FF82B46B2
:105AA80061F30703C1F3072262F30F23090C61F3C3
:105AB8001743090A61F31F63C6F80100C6F80530E9
:105AC80084E6042106F0B2FA042104460C3006F0FC
:105AD800FEF900231B210322037041708370C270FA
:105AE80074E6012106F0A2FA012104460C3006F002
:105AF800EEF90023037069E6FFF70CFA38880121F4
:105B080006F094FA012104460C3006F0E0F906701C
:105B1800FFF770FD5AE6059C58E600BF0379032B92
:105B280000D000DE704700BF00207047FFF762BD5D
:105B3800094A0A4B12781A7000B9704700B583B049
:105B48000191FFF7AFFA0199814202D103B05DF8E4
:105B580004FB00DEFAE700BF67140020661400208B
:105B680000B50378497802F1FF3C103103F00F03C8
:105B7800C9001FFA8CFC062B13D8DFE803F00427B2
:105B880017121212040043781033DB0003F21B32A1
:105B9800881803F5B37313FB0CF3184480B25DF84F
:105BA80004FB40F253204FF4F373F4E741780CEB15
:105BB8008C03C3EB0310400001F11003DB0000F27B
:105BC8003B1003FB020290B25DF804FB40F2E330A5
:105BD80040F21623DFE700BF10B54FF6FF718AB019
:105BE8008B429DF830C00D9C19D021780131C9B283
:105BF8002170002948D02649C1E900028A7A0B8120
:105C08006CF30002234B8A7204F110000022C86072
:105C1800996001201146FDF74FFD002836D11E4A34
:105C28001E4B11781B788B4201D00AB010BD01338E
:105C3800042109A8137000F05DFC099B1849194A52
:105C48000694A1FB0301581A01EB50011648A21A49
:105C5800090AA0FB020240F2471404FB113312099F
:105C6800124900200232CDE904010133CDE90200D6
:105C7800CDE90000D2B201210993FEF73BFF10F0F5
:105C8800FD0FD2D000DED0E700DEB4E700DEC6E7C5
:105C980070060020B402002067140020661400205B
:105CA80021F1D4904C1100204FECC44E395B000018
:105CB80010B5124C204600F021FF04F10C0000F052
:105CC8001DFF627814F8043C04EB820203F03803E9
:105CD800526843F0070304F8043C062100234FF4FC
:105CE800006CA4F818C013705170637B04EB830038
:105CF800042203691A70597010BD00BF6411002096
:105D080070B58C463249334C864603C982B0009040
:105D180094F832008DF8041010F001009DF81C5022
:105D28009DF8201041D1BCF1010FEC44667E05F0CE
:105D3800070545EA81159CF8001094F814C004EB97
:105D480086060CF0380C45EA0C05F669257508BF7F
:105D58004FF0000EA4F830E0357801F00F0125F07F
:105D68003F05294301F00F05012D317002F0010CA8
:105D7800C9B21DD06CF38611737860F3C711317006
:105D88000BB90623737094F82530246104EB83045F
:105D98009201A36A02F04002597842F004021A7094
:105DA80009B906225A7002B070BD0C2002B070BD4D
:105DB8006CF3861163F3C7113346069D03F8081B7D
:105DC8002D68B560069D0C21AD889D807170DAE75D
:105DD800E0DA00004C11002008B5FFF769FF002049
:105DE80008BD00BF30B51C4C94F83230DB0785B0D5
:105DF80020D52046FFF73EF9844225D103AD022283
:105E08000321164B009500200392FEF78BFE2946CE
:105E1800FFF71EF988B91248FFF74AF9B0B90E48DA
:105E2800FFF734F9844215D194F8323023F0010396
:105E380084F83230002005B030BD0748FFF726F956
:105E48008442F7D000DEF5E700DED7E77830E6D009
:105E580000DEE4E700DEE7E74C110020614C0000BB
:105E68005C11002008B5064800F058FE044B03F109
:105E78000C0000F053FEFFF71BFF002008BD00BF19
:105E880064110020044A0068044B801AA3FB003008
:105E9800C0F30F10704700BF4C1100204FECC44EE8
:105EA80028B9044B93F8320000F001007047002035
:105EB800704700BF4C1100201F2951D82DE9F0412F
:105EC800437E00EB830382B0DF693B7803F00F0366
:105ED800012B044640D00E4618300DF107019046BC
:105EE80000F066FE3A78037802F00F0223F03F03D1
:105EF800134303703B780278C3F38013394663F386
:105F08008612027011F8023BD2B2DB0963F3C712A2
:105F1800054600F8022B062207F072FB324641467E
:105F280005F10800063607F05DFB6E7094F8323014
:105F3800DB0706D49DF807306376002002B0BDE881
:105F4800F08194F8253004EB830329469A6A2046A9
:105F5800FAF7C2FD0028EDD00C2002B0BDE8F081B0
:105F68001220704703460A4601481946FFF7A4BFA6
:105F78004C1100201F295FD82DE9F04190F82530F9
:105F880000EB830382B09E6A0F460446904600F1F8
:105F98002405002E41D028460DF1070100F008FE27
:105FA800037823F03F03314643F00403037011F8EC
:105FB800022BDBB2C2F3801203F03F0343EA8213E1
:105FC8000370BB1D437005460622023007F018FB1C
:105FD8003A46414605F1080007F004FB94F83230D0
:105FE800DA0707D49DF8073084F82530002002B07E
:105FF800BDE8F081627E04EB82024123D1690A7810
:1060080002F00F02D340DB07ECD52A462046FAF708
:1060180063FD0028E6D00C20E9E7284600F06EFD75
:10602800C0B258B994F8253004EB83039E6A042360
:10603800337006237370AEE7122070470720D6E747
:1060480003460A4601481946FFF794BF4C11002041
:1060580000F046BA684620F007018D4601B500F009
:1060680061FFFBF763FEBDE801408546704700BF4E
:1060780008B50A4BD3F840213AB90120FDF77EFB59
:10608800BDE808400220FDF779BB0020C3F84001B5
:10609800D3F84031FEF7AAFCEFE700BF00B000409C
:1060A8000020FDF76BBB00BF90B90E4B0E4A197864
:1060B80010788842CBB20DD10C480D4990F800C039
:1060C800013313700B78634507D003780B70704762
:1060D80000DEEAE700DE1378EEE700DE03780B70F7
:1060E800704700BF68140020691400206D14002058
:1060F8006C1400200B4A0C4B117893F800C08C45A7
:106108000DD012781A70094A094B18B91178187805
:10611800884202D012781A70704700DEFAE700DE73
:10612800EFE700BF6B1400206A14002068140020F9
:106138006914002001F016B808B50B480B4B02781B
:1061480019788A420CD00A4B017000220398986093
:1061580011460120FDF7B0FA00B908BD00DE08BD00
:1061680000DE1978EFE700BF6814002069140020EA
:10617800C40200202DE9F041304A314E12783378BC
:106188009A428AB00C4605D12E4B2F4A1B781278BA
:106198009A4247D02768DFF8B48007F12D0525F02B
:1061A8007F45D8F800102846FEF7F4FC10F40000EC
:1061B80002D10AB0BDE8F081254A264B11781A7839
:1061C800914213D11F4A20491278097891420DD083
:1061D8001A780132D2B21A7000221F4B009211466F
:1061E8001046FEF79FFC10F0FD0F24D11B4BE16811
:1061F800C8F800500022CDE90732194BCDE9032237
:10620800CDE90531CDE901222D23009334780134FD
:10621800E4B23B46114610463470FEF7F9FB0AB06B
:10622800BDE8F0810768DFF8248007F12D050446F2
:1062380025F07F45DAE700DE00DED7E76C140020A2
:106248006D140020681400206914002088110020B3
:106258006A1400206B140020FD600000B16000008B
:10626800416100007A4A9368002B00F096802DE97E
:10627800F04F136889B08146002B46D04FF0FF33AA
:106288008DF80A300DF10A00FEF79EFF044600283B
:106298003BD0037F9907F5D1857A15F00205F1D136
:1062A800C3684B4555D00668A8462F460DF10A002D
:1062B800FEF78AFF8346F0B1027F9207F6D1827A11
:1062C8009307F3D4C268B8F1000F21D04A4558D0DB
:1062D800DBF800A031465046FEF75CFC00F40000F5
:1062E80000280DF10A001CBF5F465646FEF76CFFFA
:1062F80083460028E0D1002F08BF27463946384694
:10630800FFF738FF30F0020339D109B0BDE8F08F4C
:1063180091458046DCD1237FE16843F0020323776F
:106328002046A3699847FF238DF80A300DF10A002B
:10633800FEF74AFF04460028E7D0037F9F07F5D100
:10634800837A9E07F2D4C3684B4502D000DED0F8AA
:106358000C903F4A4846D2E9001303AA98470646DC
:10636800002843D010F1100F59D0394A0020936803
:106378001168984716F10B0F10D08C36C5D000DE87
:10638800C3E7227FE16842F0020222772046A26931
:106398009047D8457FF472AFC5E770472C4A002371
:1063A800D2F80890D2E9004802261360FF278DF83A
:1063B8000B700DF10B00FEF707FF90B1037F9A07F2
:1063C800F7D40DB9DB07F4D4C368A342F1D1037F36
:1063D800826943F002030377214690478DF80B70DA
:1063E800E7E70125AE420AD02E46E0E7237FA269FF
:1063F800E16843F0020323772046904785E70022AF
:10640800CDE904220692039B00964946404604AA19
:106418000794FEF791FE00287FF477AFAFE7A37AE1
:1064280043F00203A3720DF10A00FEF7CDFE014608
:1064380000283FF46AAF037F9D07F4D1837A9C0755
:10644800F1D4FFF797FE30F002033FF45EAF96E712
:106458008006002010B5174806F01FFD30B3164B14
:1064680000249C6000F0FAF900281EDB2246214631
:106478000120FBF7F7FB224601210B20FBF7F2FB7B
:10648800214622461820FBF7EDFB0C4B1022C3F8DF
:1064980004230120FBF7B6FB0B20FBF7B3FB182006
:1064A800FBF7B0FB00F058FD204610BD6FF012005E
:1064B80010BD00BFF8D80000800600200010004082
:1064C80008B500F0DDF9002809DB0120FBF7A8FB7F
:1064D8000B20FBF7A5FB1820FBF7A2FB002008BD4B
:1064E800034603488AB2194683681B68184700BFE9
:1064F800F8D8000030B4074DAB685C6834B18AB294
:10650800A44601460023284630BC60476FF0570078
:1065180030BC7047F8D800000020704770B50446BA
:1065280082B0002833D0204B1A68824229D0FF2538
:106538000DF107008DF80750FEF746FE034640B9F7
:106548001DE0A1420CD00DF10700FEF73DFE034609
:10655800A8B11A7F9207F6D4D9681846002CF0D152
:106568001A7F9E6942F002021A77B0470DF10700C0
:106578008DF80750FEF728FE03460028E9D102B03F
:1065880070BD9B686BB1014600209847CFE7064A6B
:106598009368002BCBD011680029C8D000209847F9
:1065A800C5E700DEC3E700BF800600200020704773
:1065B80010B50446FEF7FAFD8CB90D4B9A68AAB1DE
:1065C8001C6800229A601A6004B124680020FEF753
:1065D80015FE2046FEF794FE28B1002010BD0028C5
:1065E800F3D100DEF1E700DE002010BD00DEE7E7B2
:1065F800800600202D20704710B51446FEF7C8FA13
:106608002146FEF7C7FA030204D40230092898BFCE
:10661800002010BD002010BD262810B5044613D058
:10662800272809D0252817D1022000F009FD204687
:10663800BDE8104000F00ABD502000F001FD2046E2
:10664800BDE8104000F002BD1A2000F0F9FC204619
:10665800BDE8104000F0FABC0A2807D927280AD953
:1066680000DE2046BDE8104000F0F0BC02304000DB
:1066780000F0E6FCDBE70330400000F0E1FCD6E781
:1066880008B500F06FFDBDE8084000F0A5BE00BFEA
:1066980008B500F067FD00F09FFE00F083FEBDE83E
:1066A800084000F061BE00BF08B50146114800F07F
:1066B80049FC00F083FD60B100F020FF00F082FC8F
:1066C80000F004F900280EDBBDE808400020FFF7C1
:1066D8006FBF00F027FD00F011FF00F073FC00F021
:1066E800F5F80028F0DA00DE0020BDE80840FFF7E2
:1066F8005FBF00BF3D6100002DE9F04F89B01F4624
:106708009DF848B0FF238046894692468DF81F3091
:106718000DF11F00FEF758FD002846D0037F9D07A6
:10672800F6D1837A9C07F3D405683E689DF81F303C
:106738000593044629463046FEF72CFABBF1000FB4
:1067480053D0BC4208BF002426460DF11F00FEF7B7
:106758003BFDD0B1027F9107F7D1827A9207F4D43A
:1067680002680490294610460392FEF713FA039A2A
:10677800049B00F4000000280DF11F001CBF154603
:106788001E46FEF721FD0028E4D1059B8DF81F3039
:10679800314B9A68002A30D17EBB54B1BBF1000F4F
:1067A80048D1BC4205D000DE03E02B4B9A68044672
:1067B80012BBFA681A60C3E901893846D047044613
:1067C8000DF11F00FEF700FD014650B1037F9A0747
:1067D800F6D1837A9B07F3D4FFF7CCFC30F00203A1
:1067E80033D1204609B0BDE8F08F0002A9D5FF23B8
:1067F800354605935C46A7E706464946CDF800B0FE
:10680800534640463A46FEF797FC014680B1BBF135
:10681800000F0AD1BB7A980707D4C6B13046FFF7F4
:10682800A9FC30F0020300D000DE6FF07604D8E750
:1068380000DEECE7CDF800B053463A4649464046FC
:10684800FEF77AFC0028F0D1EEE700DEC9E7002C5D
:1068580014BF26460E46E1E78006002010B5012049
:10686800064C01F071FB00230121A1606360E36025
:106878002146BDE8104005F0D5B900BF90110020B1
:1068880010B5012001F060FB0449044605F039FA0F
:106898002046BDE8104005F010BA00BF9011002056
:1068A80008B5094BBFF35B8F53E8002F511C43E831
:1068B80000100028F8D1BFF35B8F002A01DC01F03B
:1068C8004BFB002008BD00BF8C11002008B50E4B03
:1068D800BFF35B8F1A68BFF35B8F002A10DDBFF32D
:1068E8005B8F53E8002F511E43E800100028F8D1B1
:1068F800BFF35B8F012A01DC01F044FB002008BDD7
:106908006FF0770008BD00BF8C1100206FF08B007E
:10691800704700BF10B50446FFF7BAFE00F038FD17
:106928002046BDE81040FFF7BFBE00BF38B504469B
:1069380000F042FCFFF7A4FE962000F05DFD002366
:1069480018461A46194600F0A1FC0120FEF7DAFBAA
:10695800F0B11C3000F0CCFB00F01AFC00BB214663
:10696800104800F0EFFA00F0EBFD0021044608465D
:1069780000F0CCFB00210546084600F0C5FB2C447E
:10698800CB34201A00F0C6FDBDE8384000F0D0BD79
:1069980000DE1C3000F0ACFB00F0FAFB0028DED073
:1069A80000DEDCE7E169000010B548B10C46FFF7EE
:1069B8008DFF00280BDB2046BDE81040FFF7F8BD2F
:1069C800044800F0BFFABDE8104000F0ABBB00DEA1
:1069D800F1E700BF1D69000070B5044600F0E2FB56
:1069E800C0B200284ED000F0FFFB054600F0E4FCE2
:1069F800EDB2064600F0EAFC00F0C0FCFFF748FEE6
:106A08003DB92146234800F09DFABDE8704000F0EA
:106A180089BB0120FEF776FB002836D0237A04EBE9
:106A28008303DD682B7803F00F02012AE9D0027F87
:106A380002F00F010329E4D1417F0C29E1D121792A
:106A4800490602D5F6B2002EDBD0C3F38013B3EBB0
:106A5800D21FD6D100F124010622A81C06F0F1FDB0
:106A68000028CED10C48214600F06CFA00F06EFCEC
:106A7800237D04EB8303986900F040FB00F088FB5A
:106A880028B970BDFFF704FEBBE700DEC6E700DEED
:106A980070BD00BF196D0000496D0000084B04224D
:106AA80010B598182821FCF755FD064B00249C8149
:106AB80002222146044806F0FBFA204610BD00BF1A
:106AC800C0110020B0110020A0110020084B0422A2
:106AD80010B598182821FCF73DFD064B00249C8131
:106AE80002222146044806F0E3FA204610BD00BF02
:106AF800C0110020B0110020A011002010B50446DC
:106B08000548FCF74BFD20B1034600205870636030
:106B180010BD6FF00B0010BDC0110020034600200F
:106B2800187058709860704738B51E4D2B7B6A7B7B
:106B38009A4202D055F8234034B91B48FCF72EFD81
:106B4800044680B1204638BD184803F013F92B7B62
:106B58006A7B9A42F6D00133DBB2032B08BF0023CD
:106B68002B73204638BD11484FF42032002303F020
:106B7800DBF8A0B90D4803F0FDF82A7B6B7B934244
:106B88000BD0531CDBB255F82220032B08BF00237F
:106B98002B7312B11446204638BD00DED2E700DE62
:106BA800E8E700BFB0110020C0110020A0110020AC
:106BB80010B5027843789A4214D0D4B2447002785F
:106BC800944204D05A1C4370D3B2022B0ED01A46FA
:106BD80000EB82040B70606800B110BDFFF7A4FFE2
:106BE800606010BD0133DBB2022BF0D100221346E6
:106BF800EEE700BFF8B5027843789342044625D003
:106C0800D5B2154A507B92F80CC0431CDBB2032B5B
:106C180004EB850708BF00239C450E46796806D01B
:106C280042F8201053730D4803F04AF800216B1CFA
:106C3800DBB2022B0ABF00221A4613467960237082
:106C4800012104EB820431706068F8BD1A4604EB38
:106C580082046068F8BD00BFB0110020A0110020B8
:106C680030B50379C3F3C2030446002B93FAA3F0AB
:106C7800B0FA80F008BF4FF0FF3083B000F1010098
:106C88003AD021795A1E134063F3C501217124308B
:106C9800FFF7C2FC00230DF1070104F108008DF88D
:106CA8000730FFF7A7FF054620B3284600F026FA6D
:106CB8002B7803F00F03022B13D00DF1070104F119
:106CC8001400FFF797FFE0B121460F4800F03AF9AA
:106CD800962000F091FB002003B0BDE8304000F0A2
:106CE8008DBA0A48214600F02DF903B0BDE83040BE
:106CF80000F02CBB00DED8E700DE2379C3F3C20323
:106D0800BFE700DEE0E700BF35690000496D00001D
:106D180010B50446FFF7BCFC237913F0380F06D1F1
:106D280000F036FB2046BDE81040FFF7BDBC20460A
:106D3800FFF796FF00F0F0F9BDE8104000F0F8BB4F
:106D480010B5044600F038FAFFF7A2FC237913F0D7
:106D5800380F06D100F01CFB2046BDE81040FFF7B5
:106D6800A3BC2046FFF77CFF00F0D6F9BDE8104031
:106D780000F0DEBB10B582B00446FFF791FD002895
:106D880009DB084A0849094800940023FEF7E2FA9B
:106D980018B902B010BD00DEF3E77730F9D000DE95
:106DA800F7E700BF990B0000B16900001569000002
:106DB8004FF080530246D3F8A410013107D04FF0AA
:106DC8008051D1F8A00010F0010009D17047D3F824
:106DD800A8304FF6FF719BB28B42F0D1002070476C
:106DE800D1F8A4301360D1F8A8301371C3F3072386
:106DF80063F03F035371D1F8903001331CD0D1F8C0
:106E08009430013318D0D1F89830013314D0D1F828
:106E18009C30013310D0D1F89030C2F80630D1F848
:106E28009430C2F80A30D1F89830C2F80E30D1F850
:106E38009C30C2F8123008E00023C2F80630C2F8CD
:106E48000A30C2F80E30C2F812300120704700BF75
:106E580000234FF08052036043608360C360D2F820
:106E68008030013318D0D2F88430013314D0D2F8EE
:106E78008830013310D0D2F88C3001330CD0D2F8DE
:106E880080300B60D2F884304B60D2F888308B6049
:106E9800D2F88C30CB60704700230B604B608B605E
:106EA800CB607047054B4FF480320021C3F80815BA
:106EB800C3F84423C3F80423704700BF00B0004060
:106EC800054B1878421C1A7018B9044B01221A6035
:106ED80070470120704700BF6E14002000B00040CA
:106EE800074B187848B10138C0B2187018B9054B6B
:106EF80001225A6070470120704700DE1878F2E7D7
:106F08006E14002000B00040014BD3F80405704710
:106F180000B00040024B00F5A87043F820107047FD
:106F280000B00040044BD3F8103123B1034A044B9E
:106F380010681B6818477047001000406412002052
:106F480068120020024A034B11601860704700BFA6
:106F580064120020681200204FF080434FF0FF3287
:106F68000021C3F8002EC3F8042EC3F8081EC3F886
:106F78000C2EC3F8101EC3F8142EC3F8182EC3F82D
:106F88001C2EC3F8202EC3F8242EC3F8282EC3F8CD
:106F98002C2EC3F8302EC3F8342E7047074B084800
:106FA80010B44FF4905100244FF41052C0F8184513
:106FB800C3F80018C3F8042810BC704700F001405B
:106FC80000100040704700BF054B02280CBF042189
:106FD800032140F20122C3F81015C3F85026704768
:106FE8000010004003281BDC11D0002813DA031D11
:106FF8001DDA10F1080F1CDA10F10C0F15DA10F178
:10700800100F18DA10F1150FCCBFEC20D8200B4B5D
:10701800C3F80C057047094B0020C3F80C057047EE
:10702800064B0420C3F80C057047F420EFE7FC205A
:10703800EDE7F820EBE7F020E9E700BF001000409B
:10704800014BC3F80805704700100040084B00F0DA
:107058007F00C3F85405D3F8182522F00072C3F84E
:107068001825D3F8182542F00072C3F81825704780
:1070780000100040084A00210123C2F82C15C2F86C
:107088003035C378C2F824358178038843EA014350
:107098001B02C2F81C3570470010004002F01C03A8
:1070A800A3F1080302F00302B3FA83F3013A5B0980
:1070B8001B06022A98BF43F4801300F00F000A4A07
:1070C800184340F48070C2F81405D2F81805074B2D
:1070D8000340C2F81835D2F81835194341F4403145
:1070E800C2F81815704700BF001000400000F8FEF5
:1070F800014BC3F80405704700100040014BC3F86A
:1071080004057047001000400120704702280CBF9A
:1071180006200A20704700BF014B01221A60704701
:10712800001000400B4B0C480C4910B44FF410648D
:10713800C3F8084501224FF480245A60DA60C0F889
:107148004843074CC3F808450020C1F800020A610B
:1071580010BC704700F0014000B000400010004033
:10716800C001700C094B0022C3F80021D3F80011AC
:10717800C3F80421D3F80411C3F80C21D3F80C1177
:10718800C3F81021D3F81031704700BF0010004039
:10719800034BD3F80001003818BF0120704700BF27
:1071A80000100040034BD3F80C01003818BF012031
:1071B800704700BF0010004001207047034BD3F810
:1071C8005005B0FA80F04009704700BF0010004039
:1071D800044B40F20312C3F83425C3F83805C3F84A
:1071E8003C15704700100040034BD3F800040038EA
:1071F80018BF0120704700BF00100040F0B41D4BBD
:107208001D4D1E4E1E4C1F4F0322C3F800222A7824
:10721800C6F8687502F10C03DBB2D000DB00910000
:1072280003F1804300F1804003F5F83300F5F830AE
:1072380001F18041C6F86C0501F5104104EB8204A8
:107248001148C3F81045C3F81405D1F840352D2B63
:107258008ABFD1F8403501232D3BC1F840350132B2
:10726800064B4FF4106102F00102C3F804152A70AE
:10727800F0BC7047001000406F14002000F001407F
:10728800409100400C110040041000402DE9F041ED
:10729800284E294C294FDFF8A8E0DFF8A8800323FF
:1072A800C6F800322178CEF8688501F10C03DBB20C
:1072B800DB00CD0003F1804303F5F83305F1804589
:1072C80007EB810705F5F835CEF86C554FEA810CC8
:1072D800C3F8107549F63465C3F814654AF24E23AD
:1072E800022A18BF1D460CF1804C42F2B84241F206
:1072F8004A53022818BF13460CF5104C124A2B4467
:10730800A2FB0323DCF84025B2EB931F85BF980945
:10731800DCF8403501231B1ACCF840350131084B05
:107328004FF4106201F00101C3F804252170BDE893
:10733800F08100BF001000406F1400204091004011
:1073480000F001400C110040D34D62100449054B78
:1073580003204FF41062C1F80002C3F808257047F3
:107368000010004000F00140034B0022C3F81C212C
:10737800D3F81C31704700BF00100040034BD3F80E
:107388001C01003818BF0120704700BF00100040E2
:10739800034AD2F8403623F0FF03C2F8403670475C
:1073A80000100040034B0022C3F81421D3F8143115
:1073B800704700BF00100040034BD3F81401003899
:1073C80018BF0120704700BF00100040014BD3F8E0
:1073D80010047047001000400449054B054A4FF45B
:1073E8008020C1F84803C3F80825704700B0004062
:1073F80000F00140C001700C034B044A1B7803F5F0
:10740800A87342F8230070476F14002000900040D2
:10741800F0B4A2F574232F4DA3F51073AB420446C4
:1074280006D902F1E87202F5D432013902F5A572E3
:10743800294B2A482A4D2B4E0127DF600027C3F825
:107448000475A0FB02020427C3F81075900C0227EC
:10745800C3F80875244AC3F84005C5F848154FF421
:107468008021C5F844134021C2F84065C2F844356C
:10747800C2F8041544B34FF48013C2F804351B4A0C
:10748800194B1B4D0124D46000210424C2F80415B3
:10749800C2F81045C2F80815C3F828290C32C3F8F9
:1074A8005055C3F8542502F5AF32124CC3F858456D
:1074B80002F5FC72C3F85C250F49C3F86015083261
:1074C800C3F86425F0BC70474FF40013C2F80435C4
:1074D800D5E700BFBFBDF07F0080004083DE1B43BF
:1074E80000B0004048B1004000F00140009000406A
:1074F8000C11004040910040449100400349044A67
:1075080001234B600B61536013617047008000409A
:10751800009000400449054BC1F844054FF08862CB
:10752800C3F80425704700BF0080004000F0014008
:10753800024B4FF00062C3F80425704700F0014089
:10754800014BD3F8480570470080004001390129F4
:1075580005D80B200AB1FAF755BBFAF761BB00DE74
:10756800704700BF29B10139012905D80B20FAF766
:107578006BBB1820FAF768BB00DE0020704700BF1D
:1075880088420BD0012803D0022809D00020704778
:10759800A1F10200B0FA80F040097047012070475D
:1075A800A1F10100B0FA80F040097047012908D024
:1075B800022906D059B9074B4FF08072C3F8002151
:1075C8007047044B4FF40062C3F80021704700DE97
:1075D800704700BF00E100E0032803D8054B185CA2
:1075E80028B1704700DE034B185C0028F9D100DE93
:1075F800704700BFC4DC0000013810B41C460428E2
:1076080006D8DFE800F008111A23030004292FD058
:1076180000DE10BC70470429FAD1194B9C6010BCDD
:1076280002210020FCF748B80329F1D1154B0121AC
:107638009C6010BC0846FCF73FB80429E8D1124BFF
:107648009C6010BC02210120FCF736B8032908D041
:107658000429DDD10D4B02219C6010BC0846FCF7C3
:107668002BB80B4B9C6010BC01210220FCF724B8FE
:10767800084B9C6010BC02210320FCF71DB800BF1A
:10768800240300201403002004030020E402002047
:10769800F4020020D402002001460020FFF73ABC83
:1076A800124B30B40121044600205960C3F8044548
:1076B800C3F80001C3F80401196005E0D3F80421F8
:1076C80032B9D3F804251AB1D3F80021002AF5D02D
:1076D8005960D3F80421002AE7D1D3F80455002DC6
:1076E800E3D0C3F8042530BC704700BF00E0004079
:1076F80070B5114C0126D4F8045566600E20FAF7CF
:107708008FFAD4F8040140B10021C4F80411D5E976
:107718000E323046BDE870401847D4F8003143B106
:10772800C4F80001D5E90E3205F12001BDE870402A
:10773800184700DE70BD00BF00E0004070B58CB097
:107748000E4615460146102268461C46FBF750FFB8
:1077580010220DEB02003146FBF74AFF6846FFF79F
:107768009FFF25B1102208A92846FBF741FF2CB13D
:1077780008AD0FCD20606160A260E3600CB070BD01
:10778800142870B503460C4612D80B4A12F810108C
:10779800D4E9000502EB4302A0FB0106527800235E
:1077A80001FB0561F8F7E2FEC4E90001002070BDA5
:1077B8006FF01500FBE700BF51E3000030B585B05E
:1077C80000230193CDF807304B798DF80B300B79F6
:1077D80013F0200519D08A797F2A08BFFF228DF877
:1077E8000C20C3F3040203F01F03072B8DF80D20B0
:1077F80015D80A780C2A12D8DFE802F00C091511FE
:1078080017111911111B1D111F00FF22E7E7012293
:107818008DF806204A78032A11D0042A12D06FF076
:10782800150005B030BD0222F2E70322F0E704227A
:10783800EEE70522ECE70622EAE70722E8E701225D
:107848008DF807204A8844F20A00824228D843F675
:10785800FE70824203D8002AE1D102222FE0A2F56D
:107868007F523F3A0B2ADAD801A050F822F000BF25
:1078780001790000277800002778000027780000A9
:10788800CB78000027780000C57800002778000032
:107898002778000027780000277800006378000028
:1078A80044F21400824225D044F22800824223D0B8
:1078B80044F20F008242B2D1032200E001228DF887
:1078C80008201A48012404FA03F390F85020DBB288
:1078D800F5B18D797F2D11D1134380F850300B7994
:1078E80090F8512003F01F0304FA03F3134380F8C0
:1078F800513009E00422E2E70522E0E722EA030228
:107908008DF8094080F8502001A805F09DFA88E715
:10791800134380F850300B7990F8512003F01F037F
:1079280004FA03F322EA0303E1E700BF2801002079
:1079380010B50B4C94F83A3023B1BDE81040094813
:1079480001F054BE01F0A4FD40B16FF0040363627E
:1079580004F11400BDE8104004F03CBC10BD00BFA9
:107968002801002071790000F8B50378002B40F059
:107978009480514CE36A94F850701F42254607D111
:10798800A36A002B3FD14D48BDE8F84004F022BC63
:1079980094F89810A26D94F85160A1B90121DBB256
:1079A8000B420BD00F4208D016EA010CB2F90000C6
:1079B80024D000EBD070401010800232490089B208
:1079C800B942EDD9DCE73340018915D002EB41011A
:1079D8009142D5D0B2F9003003EBD3735B1022F893
:1079E800023BF5E732F91360002EB8BF22F8130006
:1079F80001338B42F6DBC3E71846FAE70028B8BF25
:107A0800A2F800C0D9E7236C43B1B4F84C202C4944
:107A18002C48984701280BD0022831D0B4F84C30B4
:107A2800B4F848209A422BD90133A4F84C300020EE
:107A380094F8983083B994F8521018B9A36D03EBF1
:107A48004103A365A06D01F0E3FC28B16FF00403C6
:107A58001A48636204F0BEFBE36B1BB9BDE8F8404B
:107A6800FFF766BFBFF35B8F55E8003F5A1E45E836
:107A780000210029F8D1BFF35B8F012BEEDCF8BDA4
:107A8800E36B002B3FF47FAF94F89830002B7FF422
:107A98007AAF0D4803F0FAF875E7022B09D101F027
:107AA800F7FC0028EBD004486FF00403436214305D
:107AB8006AE7052BE3D166E7280100203C01002096
:107AC8005001002030D9000088010020094BBFF385
:107AD8005B8F53E8002F511C43E800100028F8D1B1
:107AE800BFF35B8F0AB9FFF723BF6FF00F025A622B
:107AF800704700BF2801002010B50D490D4800222D
:107B080005F05DFD002001F0AFFB044660B90246B8
:107B180001210720FAF7A6F80748C36813B904300B
:107B280004F058FB204610BD6FF00404FAE700BFCC
:107B3800D57A000088010020280100202DE9FF41A6
:107B48000F464FF0FF336E484FF0FF3202F0ECF86B
:107B58007E68731EFE2B21D80024254626FA04F3DE
:107B6800DA0706D501F0C8FBE040C30716D5013592
:107B7800EDB20134082CF1D185B13B7C083B062BD2
:107B88000CD8DFE803F0140B160B040B18000221C5
:107B9800012D7A7C11D0002A00F095806FF0150431
:107BA800574804F017FB204604B0BDE8F0810021D7
:107BB800EEE70121ECE70321EAE7082AEED8DFE83F
:107BC80002F0050505050505050505003B68002BC0
:107BD80079D05C68002C76D1186801387F2872D873
:107BE8008DF808208DF809401B68464A1B01013BA7
:107BF800ADF80A30012382F898308DF80C3002AACB
:107C0800414B304601F0B4FB04460028C8D13A681D
:107C18006B0012B1928902FB0333FA689A426CD363
:107C2800384E86F8525096F89830B868B065B04625
:107C3800002B51D03B689D890135A9B201F0E8FBC2
:107C480004460028ACD1BC46BCE80F002F4D0FC538
:107C5800DCF800302B6074623B68002B4AD00FCBF5
:107C68002F1D87E80F00F36BB762A6F84C40002B76
:107C780040D0BFF35B8F58E8003F48E80042002A35
:107C8800F9D1BFF35B8F96F8981039BBF46B204895
:107C9800204A4FF400470023E4FB0701F8F7B6FC3D
:107CA8000022CDE90001002305F1280002F0B6FF0B
:107CB80019484FF0FF324FF0FF3302F035F800B1AA
:107CC8007062746A6CE70F4B002083F898000E4BC3
:107CD800304601F017FB97E72946AFE701F0D8FBDC
:107CE8000028E5D06FF00403A5F12400736204F0C6
:107CF80071FADDE7FFF71CFEDAE76FF00B044FE7D8
:107D08002C0100202801002071790000500100207A
:107D18003F420F0040420F003C010020084B70B565
:107D2800C31A0D4607499B1004465943064840228A
:107D380004F05BFA2B4601462046BDE87040184720
:107D4800B0120020B76DDBB6C0D8000073B50C4C7C
:107D58000C4A4023041B00930D460B460A49A41005
:107D680061430646094804F06BFA014628B13046DB
:107D78002B4602B0BDE87040184702B070BD00BF86
:107D8800B0120020B7C20000B76DDBB6C0D8000043
:107D98000022F8B5012105461046F9F763FF11489E
:107DA80000F01AFF0446D0B9286900F0FBF900F08A
:107DB80033FF2F690C49384603F021FF031E09DB06
:107DC80001263E642D69084905F11C0003F017FFE0
:107DD800031E02DA1C462046F8BDEE64FBE76FF08E
:107DE8000404F8E7A57E0000C8DC00001FB50022E7
:107DF8000123CDE902236C46074A6B46CDE90044CE
:107E080004F04EFA28B94FF480420023684601F086
:107E18008BFF04B010BD00BFC9C2000010B5EFF35E
:107E28001184202383F31288BFF36F8F074A1368E6
:107E380023F00201DB07116002D4012004F060FC8A
:107E480084F31188BFF36F8F10BD00BF00130020AB
:107E580030B4104B0C2202FB003301460020D3E95A
:107E68000E529863EFF31180202484F31288BFF335
:107E78006F8F1C6C04F0C00444F002041C6480F38F
:107E88001188BFF36F8F1DB12B46034830BC1847CC
:107E980030BC7047B0120020C0D80000012810B5CF
:107EA80004460AD003280CD078B9084B1B6C5B0732
:107EB8000BD1BDE81040FFF7CBBF00F081F9204699
:107EC800F7E7BDE8104000F089B910BDB0120020F6
:107ED80010B4EFF31180202282F31288BFF36F8F62
:107EE80017490B6843F0020413F001030C601AD021
:107EF8004FF08043D3F80C14D3F80C3413F001037B
:107F080011D0EFF3118182F31288BFF36F8F0D4AFE
:107F1800136C03F0C00343F00203136481F3118868
:107F2800BFF36F8F012380F31188BFF36F8F1BB1ED
:107F380010BC0020FFF78CBF10BC012004F0D8BB98
:107F480000130020B0120020024AC3B21C2000FB1C
:107F580003207047B0120020094BBFF35B8F53E832
:107F6800002F42F0010143E800100028F7D1BFF3C9
:107F78005B8F930702D4012004F0BABB704700BF9F
:107F88000013002010B5EFF31184202383F3128827
:107F9800BFF36F8F074A136823F001019B07116035
:107FA80002D4012004F0ACFB84F31188BFF36F8F77
:107FB80010BD00BF00130020F8B52849BFF35B8F40
:107FC8000646012251E8003F41E800200028F9D187
:107FD800BFF35B8F33B9224922484B60CB608A607C
:107FE80003F020FE731E012B2CD805F030F904464F
:107FF80050B1EFF31185202383F31288BFF36F8FFD
:1080080001244FF080470EE0174B1B78002BF0D06F
:108018004FF080430222C3F808230546F1E794B1E4
:10802800284603F0DDFED7F81824D7F81834D20311
:10803800F5D59B0701D0012EF1D14CB185F31188FC
:10804800BFF36F8FF8BD0021212005F0C5F9EAE7DD
:108058004FF080430222C3F80423F3E7AC12002058
:108068009C120020CC120020711400200D4BBFF38D
:108078005B8F012253E8001F002903D143E8002049
:108088000028F7D1BFF35B8F0BD1074A0023D360D9
:10809800064B536003239360054B1146186803F0A1
:1080A800C1BD704720130020081300208181000003
:1080B8000413002007B500220023CDE90023084857
:1080C8004FF40032002302F0A9FD064B186803F0B4
:1080D800F4FD054B00221A6003B05DF804FB00BFF5
:1080E80068030020041300202013002073B51D4DE1
:1080F8001D4CAE684C21F3682846984770B10023A0
:1081080023701A46217809B1012A1FDD174A138006
:1081180004F0FEFA0123237002B070BD0C2133690C
:108128006A46284698470028E9D1114A019B93FBE3
:10813800F2F3009A03EB82030C4AB2F900201BB257
:108148009A1A002AB8BF524212B2DBE7094A1368EA
:10815800013901332170136002B0BDE87040FFF7A8
:10816800A9BF00BF4CD900007014002034140020AF
:1081780090D003001813002008B5074804F08DFEBE
:1081880028B904F0C5FA054B01221A7008BDBDE8EC
:108198000840034801F026BF4CD9000070140020A5
:1081A80034030020034B044A186000231360034A79
:1081B80013607047041300201C13002018130020BC
:1081C800024B00221A70FFF751BF00BF7014002045
:1081D800014802F05BBD00BF68030020024A136833
:1081E80001331360FFF766BF1C130020EFF3118201
:1081F800202383F31288BFF36F8F0A4BD3F8001143
:1082080061B10021D3F80805C3F80011D3F8003193
:10821800C0B282F31188BFF36F8F70476FF00A0006
:10822800F7E700BF00D00040F0B503468478C67871
:10823800EFF3118E202080F31288BFF36F8F1D7823
:1082480093F801C0641B3440A24288BFA2B2AF18A1
:10825800374028461F708EF31188BFF36F8F8F1831
:108268008F4218D165450CD1EFF31181202080F39E
:108278001288BFF36F8F1878587081F31188BFF395
:108288006F8F1B79A41AA34228BF074B90B224BF53
:1082980001221A60F0BD03EB000E01309EF805E0E4
:1082A80001F801EB3040DBE700D00040DB432DE96B
:1082B800F04713F001050F46144604D02448FFF791
:1082C800B3FFBDE8F087B2B3EFF31186202383F341
:1082D8001288BFF36F8F0D20F9F7B6FC80460D208A
:1082E800F9F79EFC86F31188BFF36F8FDFF864A05F
:1082F800194ECAF80051DAF800314FF40059012339
:10830800CAF800302546C6F88091DAF80031A3B1E2
:10831800FFF76CFF031EA4BF05F1FF35ADB2C6F829
:108328008091A8BF7B55002DEFD1B8F1000F02D086
:108338000D20F9F767FC2046C3E7EFF311802023EF
:1083480083F31288BFF36F8F03F04AFDDDE700BFA8
:108358004413002000D0004000E100E070B50D4655
:1083680014460CB9204670BD4FF0FF334FF0FF3272
:108378000C4801F0D9FC224629460B48FFF754FF68
:108388000646084801F09CFC3EB94FF0FF324FF01A
:10839800FF33064801F0C8FCE6E7A41BA4B2354445
:1083A800DFE700BF241300205913002034130020F6
:1083B80038B501221146174804F07AFE154D0122FE
:1083C800002105F1100004F073FE40F207432B87EB
:1083D8004FF070632B620C2385F8243000240E4B79
:1083E80085F83540EC86D3F8042542F00102C3F83D
:1083F80004250121C3F80041D3F80021C3F8041370
:10840800224619600D20F9F72DFC0D20F9F7FAFB2B
:10841800204638BD2413002000D0004010B5FFF7D7
:10842800E5FE002820DB174B93F8222093F8214023
:1084380093F82310141B31EA0404C0B20DD193F849
:10844800372093F8364093F83810141B31EA0404A7
:108458000BD10D4B01225A600EE09C1801321140DD
:1084680084F8250083F8221010BD9C1801321140B1
:1084780084F83A0083F837100448BDE8104001F04A
:108488001FBC00BF2413002000D00040341300207C
:1084980038B5430906D10A4B596819B101250C684A
:1084A800854001B938BD8A682A4002D04B68054822
:1084B80098471CB1236821461C46F2E72346FAE791
:1084C80068130020DCD8000038B54568A86890B16A
:1084D80004F08FFB014670B9A86804F06EFB0446EF
:1084E80058B902460649A86804F058FB22460521F7
:1084F8000620F9F7B7FB002038BD6FF00400FBE752
:1085080099840000014B01221A60704700C00040A6
:108518000C2903690BD15B6A064907484B4393FB57
:10852800F0F100FB113311605360002070476FF0C9
:108538008500704790D0030040420F00044B00694B
:108548000022C3F80021D3F8003101F0B9BB00BF05
:1085580000C000407FB50569AB6A63B321F04001F4
:108568000C292BD105F110064FF0FF324FF0FF33E5
:10857800304601F0ADFA134B0193A86A0323002497
:1085880069460394029303F04DFB4FF0FF324FF01E
:10859800FF33284601F0C8FBA86A03F08EFB0A4B9C
:1085A800D3F808256A6201225A60304601F002FBBE
:1085B800204604B070BD6FF00A00FAE76FF085003E
:1085C800F7E700BF0D85000000C0004010B5046942
:1085D8000020FFF7B9FCA0624FF0FF3200212046CF
:1085E80004F066FD04F1100004F0A4FC002201214F
:1085F8000C20F9F737FB0C20F9F704FB024B01229A
:10860800C3F80423002010BD00C0004070B501234A
:1086180083400F4ABFF35B8FDC4352E8001F01EA37
:10862800040542E80056002EF7D1BFF35B8F4FF4E4
:10863800803282400748C0F80823BFF35F8FBFF33A
:108648006F8F03EA0100003818BF012070BD00BF1A
:10865800A41300200010014070B41249D1E900347D
:10866800D01AC31844F1000422F07F46C1E900344F
:10867800A6F50013B3F5400F09D20B4B1B681A0A75
:108688001B069C19094B42F10005C3E90045EFF3AD
:108698001181202383F31288BFF36F8F70BC02F01F
:1086A800C5B900BFA0060020A8130020A806002016
:1086B80011B3BFF35B8F0123104A834052E800CF08
:1086C8004CEA030C42E800C10029F7D1BFF35B8FE5
:1086D8000B4A4FF480338340C2F80433094BBFF38D
:1086E8005B8F1B68BFF35B8FC340DB0742BF064B42
:1086F8004FF40032C3F80021704700BFA4130020D4
:1087080000100140A013002000E100E00D4B1868A4
:10871800010A0006BFF35F8F0B4BD3F80435181816
:1087280041F10001B3F5801F0AD2084BD3E90023B9
:10873800904271EB030303D210F1807041F1000104
:10874800704700BFA813002000100140A8060020B1
:108758002DE9F04F85B016461F469DF840A0044607
:10876800FFF754FF0190FFF7D1FFB04271EB070309
:108778005ED23E4B301A67EB0101984271F100015D
:1087880009D36FF0150520460199FFF791FF284698
:1087980005B0BDE8F08F364B03EB0413D3E9022391
:1087A8009F4208BF964254D032494FF4803804F1B2
:1087B800500508FA04F8AD00C1F848832046ADB268
:1087C80003F016FF26F07F4B05F1804504F5A873EA
:1087D80005F58835DC464FF003090293029A2CF020
:1087E8007F4341F82230C1F84483D1F80435224A46
:1087F8006FF00200C01A604420F07F40904228D9F0
:10880800286868B1D1F804350393A3EB0B0020F076
:108818007F40B0F5000F1CD9204603F0E9FE039B0A
:10882800BAF1000FADD109EB030C09F10109D5E745
:10883800BAF1000FA5D10123104ABFF35B8FA34003
:1088480052E8000F184342E800010029F8D1BFF3AD
:108858005B8F07490E98230101EB0412C8500F9B48
:108868005360C2E9026700258DE700BF0100800060
:108878009006002000100140FDFF7F00A01300209B
:108888007FB51C4C1C4BC4F80833C4F848331B4B49
:1088980000254FF0FF304FF0FF31C4F80855C3E909
:1088A80002014FF48033C4F80433154B02264FF409
:1088B80000320121C4F804631120C3F880212A463C
:1088C800F9F7D0F91120F9F79DF90E4A0123A360B1
:1088D800236013600C4B0D4A0093CDE9015500232A
:1088E8002846FFF735FF3046FFF766FB284604B0F9
:1088F80070BD00BF0010014003000F00900600206B
:1089080000E100E0A413002061860000FFFF7F0063
:108918002DE9F7432E4CD4F8043399070BD5D4F836
:10892800043143B12B4A0023C4F80431D4F804318C
:10893800136801331360D4F80433DA0343D5BFF363
:108948005B8F254B53E8002F22F0010143E800100C
:108958000028F7D1BFF35B8FD30702D4D4F8403196
:108968008BB30025C4F84051D4F84031FFF7CEFE50
:10897800EFF31182202383F31288BFF36F8F174B15
:10898800D3E90267B042B94120D34FF0FF304FF02E
:10899800FF31C3E90201D3E900981D604FF4803329
:1089A800C4F84833C4F84051D4F8403182F31188F0
:1089B800BFF36F8FB9F1000F05D0CDF800803246B4
:1089C8003B460020C84703B0BDE8F083A946EDE761
:1089D80000100140A8130020A013002090060020DA
:1089E80030B5431C124C85B005D08442A8BF04465C
:1089F800012CB8BF0124FFF789FE0E4B0C4DD3E9BB
:108A08000013401AB0F5000F10D22218AA4228BF4E
:108A18002A4652184FF0000007490091CDE901009D
:108A280043F10003FFF794FE05B030BD2A46F0E796
:108A3800FFFF7F00A00600206186000008B5FFF751
:108A480065FE024B1B68C01A08BD00BFA0060020C7
:108A5800024AD2F80034002BFBD0704700E00140F6
:108A680010B54FF08053D3F830210A2A5BD1D3F8E0
:108A780044224FF08041C2F34232C1F83C25002223
:108A8800C1F80C21C1F81021C1F83825474AD3F89C
:108A98000404C2F82005D3F80804C2F82405D3F862
:108AA8000C04C2F82805D3F81004C2F82C05D3F832
:108AB8001404C2F83005D3F81804C2F83405D3F802
:108AC8001C04C2F84005D3F82004C2F84405D3F8C2
:108AD8002404C2F84805D3F82804C2F84C05D3F892
:108AE8002C04C2F85005D3F83004C2F85405D3F862
:108AF8003404C2F86005D3F83804C2F86405D3F822
:108B08003C04C2F86805D3F84004C2F86C05D3F8F1
:108B18004434C2F87035D1F80034DB0709D56FF05A
:108B28000103C1F800344FF08053D3F830310A2BD9
:108B38000DD14FF08053D3F83431012B01BF4FF0E2
:108B48008042D2F8E43E43F00F03C2F8E43E03F05B
:108B58005BFD48B34FF010214FF08043D1F8082255
:108B6800C3F8582503F050FDF0B1D1F800310133B6
:108B780003D0D1F80431013316D10D4801234FF049
:108B88001024C0F804350021FFF762FFC4F8001173
:108B9800FFF75EFFC4F80411FFF75AFFC0F8041589
:108BA800BDE81040FFF754BF10BD00BF00C0004033
:108BB80000E00140014B03F081BD00BFAFC60000DB
:108BC800014B00201B681847AC130020014B1B68A1
:108BD800184700BFAC13002010B50C4C237993B98B
:108BE800012323710A4B2060002818BF184600F0A3
:108BF80049F850B923680748002BBDE8104008BF62
:108C0800184600F08FB86FF0770010BDAC13002045
:108C1800C98B0000D58B000008B5064B1B683BB11B
:108C28000020F9F711F818B9BDE80840F8F7EABFCD
:108C380008BD00BFAC13002038B54FF080440123B5
:108C4800C4F8083363600023C4F80031D4F8003155
:108C580042F21075D4F80C24D4F80C34D20307D59A
:108C6800DB0705D5012003F0E1FC013DF2D138BD59
:108C780003F057FD0028FAD0014B00225A71F6E79D
:108C8800B413002010B508490C794CB901230860C9
:108C98000B7103F046FD08B9002010BD4C71FBE7CD
:108CA8006FF07700F9E700BFB41300204FF080435E
:108CB8000022C3F80021D3F80021094901221A60D3
:108CC800096811B1C3F804237047D3F80021002ABA
:108CD800FBD00022C3F80021D3F80031704700BF51
:108CE800B413002010B54FF08043D3F80423D20703
:108CF80015D5D3F8002192B10022C3F80021012133
:108D0800D3F80021C3F8081303F00BFD044B10B18E
:108D18005A7922B95971BDE810401B68184710BD2F
:108D2800B4130020074A13794BB90121537110601D
:108D380011714FF080421846C2F8183570476FF02D
:108D480077007047BC13002010B54FF080431B4CD0
:108D5800D3F81814D3F8182411F4803F15D09007CD
:108D680001D003F0FAFC4FF080430022C3F8182525
:108D7800C3F80421D3F8042101229A60226872B949
:108D8800D3F80421002AFBD011E0D3F81424D1072A
:108D9800E9D5D3F81C249207E3D122681AB102223C
:108DA800C3F8042310BDD3F80421002AFBD0002205
:108DB800C3F80421D3F80431F4E700BFBC13002042
:108DC80038B54FF08041D1F80C24D1F80C34D003D9
:108DD8002AD5DA0728D5D1F81834DB0324D5154C61
:108DE800637903F0FF0213BBC1F80C210125D1F808
:108DF8000C31657103F0A4FC10B10223C1F8343CB6
:108E08004FF080431D61226822B10822C3F8042371
:108E1800002038BDD3F80C21002AFBD00022C3F86B
:108E28000C21D3F80C31F3E76FF07600F1E76FF01F
:108E38000F00EEE7BC1300202DE9F0414FF080430E
:108E4800164FD3F80443012504F01A0400260CB980
:108E5800BDE8F081B4FA84F1C1F11F018B0003F57C
:108E680080739BB203F1804305FA01F21868D2B20D
:108E780024EA02040028EAD04FF080481E60082A3D
:108E88001B68C8F8082305D103F05AFC08B1C8F8D4
:108E9800346C7E713B68C8B29847D8E7BC13002091
:108EA80073B5CEB200EB46060446B38ADB070D461F
:108EB80027D503F054FDB38A9A0608D55A0B2368C0
:108EC80003EB82030022C3F81025C3F810252046BF
:108ED8002946002403F0DFFCB48201A8019503F0C1
:108EE80057FC019A084B02F5E07250F822100B402B
:108EF8004FF0A04143F0020341F82230204602B06F
:108F080070BD6FF01500FAE7F0F8FCFF014803F0B8
:108F1800ADBB00BF4803002010B504480C4603F061
:108F280087FB0028A4BF2070002010BD4803002044
:108F380080F08003042B04D8054B034413F8800CFD
:108F4800704707289ABF034B185C0020704700BF82
:108F58007BE3000080E30000064B93F82E00012815
:108F680006D0022818BF042814BF0120002070472B
:108F780000207047C413002010B5164B164A002075
:108F8800C3F8000592F82F40D3F8041382F82E4056
:108F9800146821F033010CB141F02301C3F81C011E
:108FA800D3F81C41C3F81801D3F81841C3F80801D5
:108FB800D3F8080192F8340092F8332002F0010245
:108FC80000F00100D20142EA80120A43C3F80023EC
:108FD80010BD00BF00700040C413002070B50D4ADA
:108FE800002392F8301001251E4618B90BB182F8FB
:108FF800301070BD90FAA0F3B3FA83F305FA03F4C6
:109008000C3302EB430320EA0400DE8021EA04016A
:109018000123EAE7C413002073B50023044601AA1C
:109028000E464FF48071019303F0EEFE4FF48A71FF
:10903800204603F0E9FE4FF482710546204603F00E
:10904800E3FE20B11EB115B1144BD3F8343601AA92
:109058004FF48471204603F0D7FE4FF48671204602
:1090680003F0D2FE4FF48871204603F0CDFE0C4B7E
:10907800234083B14FF48E75294601AA204603F098
:10908800C3FE291F083589B22046ADB203F0BCFEE5
:10909800B5F5AE7FF0D1019802B070BD0070004008
:1090A800C0FF3F002DE9F04F9A464FF0805393B030
:1090B800D3F830311C9D0A2B3BD10DF1080C0AAFB7
:1090C8003E4C3E46E046002304EB031E0133DEF827
:1090D800189548F8049B082BDEF81CE546F804EBC5
:1090E800F2D1D4F8F065D4F8403601934FF0010E70
:1090F8000023D4F84496D4F84886C4F8FC3FC4F852
:10910800FCEF2E4C5CF804BB04EB031E0133CEF8D5
:1091180018B557F804BBCEF81CB5082BF2D1019B43
:10912800C4F84036F6B2C4F84496C4F84886C4F881
:10913800F065234B002483F8334083F834409C6067
:109148001C611D6083F831009C831C4BC3F8F0152B
:10915800C3F8F4257DB32322C3F80023184D174C18
:1091680000220127110107FA02F301F180460340AA
:1091780006F5E04619BF95F81EE095F81FC09C4615
:109188009E46002B04EB0103C6F810E5C6F814C58B
:10919800D3F8181514BF5646002621F08071013205
:1091A80041EA0661082AC3F8181505F10205D9D164
:1091B80013B0BDE8F08FC3F80053CFE7007000404C
:1091C800C4130020F8B50446067A4779417AC07975
:1091D800FFF7AEFE10B96FF01500F8BD214A01F196
:1091E8000C0502EB4503012F987139D13046FFF782
:1091F8009FFE0028EFD002EB4505E871E378A078E0
:109208001B03000200F4E06003F48053034320785A
:1092180000F0030003432079000400F4E020034336
:109228006078000100F030000343A079000600F0E8
:10923800807003436079000500F48010034308013F
:1092480000F1804000F5E040C0F81835012303FA2A
:1092580001F192F830300B4382F830300020BCE73F
:109268000020C8E7C413002070B5204D95F82E40A3
:10927800002C38D1FF20012685F82E60FFF7AEFEBE
:109288001B4B1C48C3F80041D3F80021C3F8044124
:10929800D3F80421C3F81041D3F81021C3F81441BE
:1092A800D3F814311C239A0806FA02F111F0330F8F
:1092B8001CBF03F1804101F5E24102F1FF3218BF02
:1092C8000C6006FA02F218BF096812F0330F1CBFCF
:1092D8001C501A5808335C2BE5D10720F8F792FC8C
:1092E8000020286070BD6FF07700FBE7C4130020F2
:1092F80000700040FC700040014B93F8300070474C
:10930800C41300202DE9F74307469946FFF724FECA
:10931800044608BBDFF8508098F83030082601254D
:109328002F4203D02B421CD00134E4B2013E4FEA55
:109338004505F5D10D4BC3F8F865131E18BF012379
:109348003846CDF80090FFF7ADFE022388F832408A
:1093580088F82E30304601E06FF00F0003B0BDE80A
:10936800F0836FF01500F9E7C41300200070004087
:109378002DE9F341804615461A46FFF7EDFD0646EE
:10938800002837D1204F97F830C0082034460123F1
:1093980018EA030F04D013EA0C0F2ED00134E4B2FC
:1093A80001384FEA4303F3D16B8813B1012C27D856
:1093B80032B328786B7818B113B9012C20D801265C
:1093C800009202464046FFF76DFE6B880F4A0BB1CC
:1093D80043F48053C2F8F83587F832402B7987F880
:1093E8003530042387F8366087F82E30002002B025
:1093F800BDE8F0816FF00F00F9E76FF01500F6E7B0
:109408006FF08500F3E700BFC41300200070004030
:1094180030B51D4A136904466BBB00F06043B3F1D5
:10942800005F2BD192F83250B1FBF5F305FB131016
:1094380038BB0BB2002B24DD92F82E30052B06D852
:10944800032B0BD8022B0ED06FF0760030BD062B05
:10945800FAD10E4BC3F82C46C3F8301693683BB1CB
:10946800C2E90441F2E78D420BD1C2E90245EDE7BA
:10947800C2E90241EAE76FF07700E7E76FF00C0016
:10948800E4E76FF00600E1E7C41300200070004035
:109498002DE9FF41524CA368002B00F09D8094F801
:1094A8002E20022A06D0042A33D06FF0760004B0AA
:1094B800BDE8F0814B4D0126C5F800652168E268DA
:1094C80049B1032184F82E10C5F82C36C5F830268A
:1094D8002E600020EBE7C5F82C36C5F830262E6044
:1094E80003F0AAFC04F108036E60019301990220BD
:1094F800FFF792FD0028F9D03A4B0022C3F8082163
:10950800D3F80811C3F80C21D3F80C11C3F80025BF
:10951800DFE7344D4FF00108C5F80085276857B1DB
:10952800052284F82E20E268C5F82C36C5F83026C6
:10953800C5F80080CDE7A18B94F83220039203EBA5
:1095480041030293C5F82C36C5F83026C5F80080CB
:1095580003F072FC94F8363063BB224D01236B6034
:1095680002A90220FFF758FD0028F9D00023C5F80A
:109578000831D5F80821C5F80C31D5F80C21A18B94
:1095880094F832200A44E16892B28A42A28321BF49
:10959800154AA383D2E90201236124BFC2E900016D
:1095A8001846104B4FF0000238BF6FF00F00C3F899
:1095B80000257CE7D5F8F465F6B208FA06F6013E10
:1095C800BE42CAD9C5F8048000210420FFF724FD53
:1095D8000028F9D00137F3E76FF00B0067E700BF09
:1095E800C413002000700040CC130020F8B50246D8
:1095F800FFF7B2FC002851D12A4E2B4C96F82E309A
:1096080086F82F30072386F82E3001237260C4F8BD
:109618000035D4F80453C4F80003E3603AB125F0E8
:10962800C00545F03305C4F800530020F8BD0021FB
:109638001020FFF7F1FC0028F9D00023C4F804310A
:10964800D4F80431194BC4F82C3601270223C4F886
:109658003036276003F0F0FBA76000212020FFF7D9
:10966800DBFC0028F9D0104B0022C3F80421D3F802
:109678000411C3F80821D3F80811C3F8002596F897
:109688002F1086F82E10C3F81C21D3F81C11C3F82C
:109698001821D3F81821C3F80053C6E76FF00F005C
:1096A800C4E700BFC413002000700040DC13002092
:1096B8007FB56549644E3320FFF7AEFC10F0100FFC
:1096C80005460BD0614B1022C3F80823B218C3F823
:1096D8002C260222C3F8302601221A6015F0200F2A
:1096E8005B4C10D094F82E30584A072B05D0D2F88E
:1096F80034369BB2E36000232361D2F80433DB06DF
:1097080001D5FFF739FCA8071AD594F82E20A168CF
:1097180002910023E1688DF80430062AADF80C1098
:109728001AD0072A39D0032A0AD1484AC2F8003584
:10973800C2F80035022384F82E30236801A8984720
:10974800E90751D594F82E30033B042B4CD8DFE8B9
:1097580003F05C4B2B43600094F8353023B1236948
:1097680013B13A4B01221A60236801A89847394B74
:1097780093E8030086E8030000232361A368002B15
:10978800DED1324AC2F80035C2F80035042384F825
:109798002E3005238DF80430CFE7FFF7EDFB0223C9
:1097A8008DF804306368C9E704238DF8043001A8F4
:1097B80023689847254BD3F8F825D20444BF0122E3
:1097C8005A602269062384F82E302AB11F4B61693A
:1097D800C3F82C26C3F8301623692BB903238DF858
:1097E800043001A82368984794F82E30072B0AD034
:1097F800164B1948D3F8043300211840FFF70CFC26
:10980800012685094DB904B070BD104B01225A607C
:10981800EAE70E4B01229A60E6E795FAA5F3B3FA58
:1098280083F306FA03F225EA02055A08DB4303F03C
:1098380001038DF809308DF8046023688DF808203D
:1098480001A89847DEE700BFCC1300200070004055
:10985800C4130020D4130020C0FF3F0038B5EFF335
:109868001185202383F31288BFF36F8F064B9C6802
:1098780003F026FB85F31188BFF36F8F2046BDE800
:109888003840F8F763BA00BFFC13002038B50A4B1C
:1098980053F82040013053F82050A54200D838BD75
:1098A800606830B1037EDB0701D403F0DEFA0834C8
:1098B800F3E723689847FAE7F8DC000070B52A4B0D
:1098C8002A4C2B4D86B0012203201A70FFF7DEFFC9
:1098D80001F03AFA0420FFF7D9FF2646AE4204F118
:1098E80030040FD300F0EAFD204CAC4226D300F040
:1098F800F9FDF7F743FC1F4A938923F0010393818D
:1099080006B070BD54F80C3C059354F8103C049311
:1099180054F8143C039354F8183C029354F81C3C34
:10992800019354F8203C009354E90A2354E90C01AC
:1099380000F0D2FB54F8303C5E65CEE7D4E90A2348
:10994800B3F1FF3F08BFB2F1FF3F05D052EA030170
:10995800206803D103F059FD3034C6E706491830B2
:1099680000F0D4FFF8E700BF7114002058DA0000B7
:1099780058DA00003007002041D3000070B50023FA
:1099880086B00122CDE90423114E124D01930F2216
:10999800CDE902321049142303FB005506EBC0162B
:1099A800044601EB00210D4B00954FF480723046C0
:1099B80000F092FB337C2C7423F004033374084BBF
:1099C800EE60013403EBC4236B6006B070BD00BFCA
:1099D800B0060020FC130020682A002017CF0000E2
:1099E800682200207FB50020FFF750FF274B83F344
:1099F8000888274C636943F4007363610025E023FA
:109A080084F82230E57725766576A576636A43F48F
:109A1800E023636284F82350F8F7B0F8F8F780F988
:109A28004FF0FF33A362E362F8F76AFAF8F7F2F946
:109A38001848194C00F0BAFB0120FFF727FF022055
:109A4800FFF724FF00F078FD144B15495C61154BB6
:109A5800059301234FF4C062CDE90353CDE90155C5
:109A6800114B0095204600F037FB237C064623F077
:109A780004032046237403F02BFC2846FFF77EFFDF
:109A8800094A31462046F8F72FF900BF682A002016
:109A980000ED00E0B007002030070020FC13002094
:109AA800682B0020D0E20000C598000038B5064CAD
:109AB800064DAC4201D3002038BDD4E9011220463E
:109AC80003F001FA1434F4E7A0030020A0030020F7
:109AD8002DE9F341044617461E46EFF3118820236B
:109AE80083F31288BFF36F8F304BC2689B6872B1E3
:109AF8008068984217D057EA060216D188F3118871
:109B0800BFF36F8F6FF00F0002B0BDE8F08193F9DB
:109B18000E1021610132C4E9023288F31188BFF3C3
:109B28006F8F0020F0E72169F3E793F90E1090F9A1
:109B38000E30994230DA9942A8BF194603F0F2F97B
:109B48000546CDE900761A482246414600F014FC45
:109B58000028E6D0EFF31186202383F31288BFF3A1
:109B68006F8FA068D0B1236821699C420AD04BB19D
:109B780093F90E309942A8BF19466FF07F039942B6
:109B8800B8BF194603F0CEF940B10948314603F091
:109B9800F9FB6FF00A00B7E70025D2E7002DF4D1F2
:109BA80086F31188BFF36F8FF3E700BFFC13002023
:109BB80072140020F8B583680546002B3FD0234A6D
:109BC800926893423ED1C368012B03D9013BC3601D
:109BD8000020F8BDEFF31187202383F31288BFF329
:109BE8006F8F0169806803F09DF92C68A54207D141
:109BF8000023C5E9023387F31188BFF36F8FE7E7C6
:109C0800002CF5D0D4E9003213605A60237C00267A
:109C180023F002032374C4E90066A66004F1180067
:109C280003F04CFCAC6094F90E302B612046A6671B
:109C380003F04EFB0648394603F0A4FBC8E76FF073
:109C48001500C6E74FF0FF30C3E700BFFC13002044
:109C58007214002073B51546EFF31186202282F3A3
:109C68001288BFF36F8F0468B4B12368426823F089
:109C78000303944208BF4360036023689B0704D032
:109C88002046656803F0A7FC2C4686F31188BFF3CD
:109C98006F8F204602B070BD55EA0302F5D000F17F
:109CA8000802CDE900533146104600F065FB002854
:109CB800EFD1024B9B685C69EBE700BFFC13002007
:109CC80070B5EFF31186202383F31288BFF36F8FEB
:109CD8000468A0421AD0CCB1D4E9003213605A60AB
:109CE800237C002523F002032374C4E90055A560F2
:109CF80004F1180003F0E2FB2046A56703F0E8FA38
:109D080031460848BDE8704003F03CBBD0E9023258
:109D18009A4218BF0133836086F31188BFF36F8FAF
:109D280070BD00BF7214002013B5EFF31181202419
:109D380084F31288BFF36F8F846844B1013C846058
:109D480081F31188BFF36F8F002002B010BD52EA73
:109D5800030406D181F31188BFF36F8F6FF00F00F2
:109D6800F3E7CDE900230246014800F005FBECE7E4
:109D78007214002070B50546EFF31186202383F393
:109D88001288BFF36F8F00232C68A54218D0BCB18E
:109D9800D4E9003213605A60227C002322F00202C8
:109DA800C4E900332274A36004F1180003F086FBB1
:109DB8006FF00A03A367204603F08AFA0123E3E75A
:109DC8000022AA6023B986F31188BFF36F8F70BD94
:109DD80031460248BDE8704003F0D4BA721400203E
:109DE8002DE9FF41544E04462027EFF3118887F3ED
:109DF8001288BFF36F8FD4F88450F5B9022104F1AB
:109E08009C0003F061F9002870D004F19405002249
:109E18000121284603F019FB0028F8D100230293FA
:109E28004FF0FF324FF0FF33CDE90023414604F1F4
:109E38008C02424800F0AAFCD7E7D4F888202B68A7
:109E4800C4F88430954208BFC4F88830D4F89C30F0
:109E580043F00203C4F89C30EB6823F0040343F09A
:109E68000103EB606B6888F31188BFF36F8F284696
:109E78009847EFF3118887F31288BFF36F8FEB6869
:109E8800D80623F001023ED4EA60EB689A0717D59A
:109E9800306823F00203EB6090B10368002178B1C9
:109EA800426895423DD10368002934D17268336015
:109EB800904200D17360002340F8083BFFF700FF91
:109EC800D4F89C3023F00203C4F89C30DB0530D46E
:109ED800D4F88430003B18BF012388F31188BFF3FE
:109EE8006F8F002B81D000F02FFB7EE7D4F89C30D9
:109EF800D90693D5C4F89C0088F31188BFF36F8FF7
:109F080004B0BDE8F08123F01103EB6005F1100007
:109F1800FFF7D6FEB9E70B607368984208BF716017
:109F2800C9E701461BB11A6818461346B7E71A462F
:109F3800FAE70023D1E700BF1C14002072140020A8
:109F4800F8B5C3689A0704460E46C3F3400542D4E1
:109F58005F0742D40B680BB983680B60E368D807C6
:109F680044BFA368336037684CBF0225012557B347
:109F78001B4B9A68D7F880309A421ED103F067F9D4
:109F880080F00100C0B2D7F89C30D907C3F3800233
:109F98001CD5F2B1F8B100232360D7F8883073B923
:109FA800C7E92144384603F0A9F8E36843F00403FD
:109FB800E3603368A3602846F8BD0020E3E71C602F
:109FC800C7F88840EEE76FF0150506E06FF0120558
:109FD80003E01B07DFD56FF00F0500233360EAE7C6
:109FE800FC1300200146014803F0FCB8500800208B
:109FF800F0B589B004460020C4E921000E9D04F1A3
:10A008008C00C4E9230004F19400C4E9250055B389
:10A018002879002840F2011008BF0120C4F89C00EC
:10A0280000204FF0FF364FF0FF37CDE90330CDE980
:10A038000100CDE906670D4B0094204600F08AF830
:10A0480055B1296811B1204603F007F96B791BB1A6
:10A05800A38943F00103A381204603F0D6F9C4F88D
:10A06800804009B0F0BD0120D8E700BFE99D00009D
:10A07800F7B50C46019016461D46EFF311872023CD
:10A0880083F31288BFF36F8F084603F028F855EA68
:10A09800060309D101A92046FFF752FF87F311886B
:10A0A800BFF36F8F03B0F0BDE368074943F00803BF
:10A0B800E360019BA36232462B4604F1100000F0D6
:10A0C80025FC0120EAE700BF79D1000001460148DC
:10A0D800FFF7CEBF500800202DE9F04385B0984621
:10A0E80000F158030732C0E91633109B838122F030
:10A0F800070504230026037401EB05090F9B8373EE
:10A108000F46C0E9066649468660C6730446F7F7F7
:10A1180055FB07300E9B20F00700A066C4E91875B0
:10A1280002930D9B0193A9EB00090C9B00934A46EF
:10A13800434639462046F7F7BBFD054B66659B68E5
:10A1480003B1DB6EE366484605B0BDE8F08300BFA7
:10A15800FC130020F0B587B000250595109D0495E7
:10A168000F9D03950E9D0295DDE912760D9D0195D3
:10A178000C9D00950446FFF7AFFFB6F1FF3F08BFFF
:10A18800B7F1FF3F05D056EA070305D1204603F093
:10A198003CF9204607B0F0BD3A46334604F11800B2
:10A1A800014900F0B3FBF4E741D300000123037435
:10A1B80083810023C0E91833C366014B9860704758
:10A1C800FC130020094A93686FF00A01996708494F
:10A1D80058674B6843F080534B60002383F3118822
:10A1E800BFF36F8F9368986F704700BFFC13002010
:10A1F80000ED00E070B590F91020037C002A2FDBF9
:10A20800D9062DD11A4C63F07F032246037452F805
:10A21800183FE169934207D1C0E900210860E06175
:10A228000FE09942F8D01B68002BF5D093F90E6027
:10A2380090F90E50AE42F4DD5968C0E9003108606B
:10A248005860A569954200D005B9E568A3681A7CED
:10A25800D20606D1DA897F2A03D9AA690AB96361C5
:10A2680070BDAB4202D0284600F0D2FA6561F7E72C
:10A27800FC13002038B590F91020037C002A014611
:10A2880004DA03F07F03037402F0EAFF0D4D2A4657
:10A29800AB6852F8184F944200D004B9EC688B426E
:10A2A80007D01A7CD20604D1DA897F2A01D9A2699B
:10A2B8002AB1A34202D0204600F0AAFA23466B61D5
:10A2C80038BD00BFFC130020B3F1FF3F08BFB2F157
:10A2D800FF3F03D00249183000F018BB704700BF99
:10A2E80041D30000034648B9EFF3058232B9064A64
:10A2F80051699268914201D0FFF764BF83F31188D6
:10A30800BFF36F8F704700BFFC13002038B5184C9F
:10A31800A168E0690B68814214BF1A4600224968A7
:10A328000B605960A368E1692AB9124AC3E90021A0
:10A338000B60E3610AE092F90E5093F90E00854232
:10A3480012DD5168C3E900210B605360A569094B10
:10A358009D4200D005B9E568A3689D4202D0284611
:10A3680000F056FA656138BD8A42DED01268DBE734
:10A37800FC13002014140020F8B50E4B0C461146AF
:10A388000D4A98681060DDE90667EFF31182202214
:10A3980082F31288BFF36F8F9D68284602F072FF20
:10A3A800284632463B46FFF78FFF2046BDE8F84077
:10A3B800FFF708BFFC13002024140020F8B504465A
:10A3C800EFF31187202383F31288BFF36F8F037C89
:10A3D80003F01F02002A0CBF0126002649B235D11E
:10A3E80003F07F03037402F03BFF294D037C817364
:10A3F80063F07F032A46037452F8183FE8699342D2
:10A4080007D1C4E900200460EC610DE09842F8D05F
:10A418001B68002BF5D093F90EC08C45F6DD596802
:10A42800C4E900310C605C60AC69944200D004B9A6
:10A43800EC68AB689C4202D0204600F0E9F96C61F8
:10A4480087F31188BFF36F8F3046F8BD9B071CD583
:10A45800856802F005FF81732B689D4209D16B68FE
:10A46800C4E900531C606C60EAE76A689A42F6D057
:10A478001B68002BF3D093F90E208A42F5DD5A6849
:10A48800C4E9003214605C60DAE78173D8E700BF82
:10A49800FC130020034648B9EFF3058232B9064A97
:10A4A80051699268914201D0FFF78CBE83F31188FD
:10A4B800BFF36F8F704700BFFC130020EFF31181CB
:10A4C800202383F31288BFF36F8F054B9A68D37BE1
:10A4D800013BD37381F31188BFF36F8F704700BFBF
:10A4E800FC13002070B5EFF31186202383F3128844
:10A4F800BFF36F8F0F4DAB68DA7B0132DA732A46F0
:10A5080052F8184F944200D004B9EC681A7CD2066D
:10A5180004D1DA897F2A01D9A2692AB19C4202D0E2
:10A52800204600F075F923466B613046BDE870405F
:10A53800FFF7D8BEFC130020024B03F11802C3E951
:10A5480006227047FC13002070B5EFF31186202314
:10A5580083F31288BFF36F8F1A4CA168E0690B6808
:10A56800814214BF1A46002249680B605960A368EB
:10A57800E1692AB9144AC3E900210B60E3610AE0E2
:10A5880092F90E5093F90E00854216DD5168C3E921
:10A5980000210B605360A5690B4B9D4200D005B9A3
:10A5A800E568A3689D4202D0284600F031F965614C
:10A5B8003046BDE87040FFF705BE8A42DAD012681F
:10A5C800D7E700BFFC13002014140020F8B550EAA8
:10A5D800010306460C4603D1FFF7B6FF0020F8BD7D
:10A5E800EFF31187202383F31288BFF36F8F124D87
:10A5F800124BA8681860FFF73DFEA868104923466B
:10A608003246183000F082F9AA68137C43F004033C
:10A61800137404463846FFF7D5FDAB68D3E90A231F
:10A62800B3F1004F08BF002AD8D102F07CFF201AEE
:10A6380020EAE070D3E700BFFC13002024140020B8
:10A6480041D30000014B9868704700BFFC130020FD
:10A658002DE9F84304468789EFF31186202383F315
:10A668001288BFF36F8F037C190705D586F311880D
:10A67800BFF36F8FBDE8F883D90943F008026FD1A3
:10A688000274A36813B1204602F0F2FD04F1180029
:10A6980002F014FFA56D04F15808A84511D04FF039
:10A6A800000975B1284602F0E3FD05F1180002F033
:10A6B80005FFC5F878902846FFF79CFDA56DA845CD
:10A6C800EFD1DFF8BC80D8F808309C4250D1EFF3C6
:10A6D8000589B9F1000918BF4FF00109D8F81850D9
:10A6E800284A954200D00DB9D8F80C50AB4202D098
:10A6F800284600F08DF82046C8F8145001F059FBA0
:10A70800B9F1000F02D02048FFF750FDD8F8083003
:10A718009C4230D1EFF305836BBBA289D20711D5D8
:10A7280086F31188BFF36F8F83F31188BFF36F8FA0
:10A738000423184602DFEFF31186202383F31288DF
:10A74800BFF36F8F3046FFF73DFDFB0792D500231F
:10A7580083F31188BFF36F8F0423184602DF89E75C
:10A7680003F07F0343F00803037402F079FD88E7E0
:10A778004FF00009B2E786F31188BFF36F8FE4E763
:10A78800FC13002014140020B0070020D3B5DDE925
:10A798000667089CCDE90067FFF7EEFD1CB1034B87
:10A7A8009B685B69236002B0D0BD00BFFC1300202A
:10A7B800027C12F01F02034610D10A4988420DD0CC
:10A7C8000949086868B1D9897F2909D893F90E2001
:10A7D800064B1B689A42B8BF00207047002070479C
:10A7E80010467047B00600204C03002028140020B3
:10A7F800044BC01A044BC0105843044B01221A548E
:10A80800704700BF30080020ABAAAAAA7214002023
:10A8180070B50C4B0C4D1E7CFFF7CAFF182303FBC9
:10A8280006550446284602F049FE084B00229A5570
:10A838003CB1621E28460649BDE87040D31700F0B7
:10A8480065B870BDFC130020300800207214002089
:10A85800F9A7000038B5EFF31185202383F3128898
:10A86800BFF36F8F0F4B104A9C681068A04206D147
:10A87800FFF7CEFF85F31188BFF36F8F38BD002136
:10A888001B7C1160094AD35C002BF3D02046FFF7EC
:10A898008FFF0028EED0237CDB0601D1FFF736FDC1
:10A8A8002046E5E7FC130020241400207214002041
:10A8B800024B1868984208BF0020704750030020D8
:10A8C800034B1B680BB9FEF7B9B80020704700BFEF
:10A8D8002C14002030B570B10B4B5B6898420AD03D
:10A8E800036843B1D3E90421D0E90445121941EBC7
:10A8F8000501C3E90421D0E9003213605A6000233E
:10A90800C0E9003330BD00BF50030020B3F1FF3F62
:10A9180008BFB2F1FF3F2DE9F84F044699461546A6
:10A928001F467AD08160EFF31188202383F31288C1
:10A93800BFF36F8FB9F1000FDFF8E4A020DBFFF75A
:10A94800BFFFDAE90027013549F100092D1849EB65
:10A95800E073C4E90453AD18064643EB07074FF00C
:10A968000109FFF7A5FFDFF8BCE0DEF804A0034605
:10A97800EBB9C4E900EACAF80040CEF8044028E080
:10A98800DAE900126FF001035B1A4FF0FF3161EB57
:10A9980002025B1B62EB0902012B72F10001BCBFD2
:10A9A80001230022C0E904324FF00009D9E7D3E9B6
:10A9B800041CD4E904208A4270EB0C0B24DA891AAF
:10A9C8005A686CEB0000C3E90410C4E90032146053
:10A9D8005C60FFF76DFF84420ED1134B1B685BB9B7
:10A9E800B9F1000F02D1FFF76BFF0646304602F0BF
:10A9F8004EFD0021FDF7F4FF88F31188BFF36F8F38
:10AA080028463946BDE8F88F521A60EB0C005345CA
:10AA1800C4E90420ADD01B68AAE700252F46EFE75C
:10AA280048080020500300202C1400202DE9F0478E
:10AA3800DFF8A890DFF8A880C9F800000246FFF701
:10AA480037FF0D4600260027D8E900134FEAE27EBB
:10AA580050B1D0E9044CA2427EEB0C0A1BDAA41ACE
:10AA68006CEB0E06C0E9044652184FF0000443EBA5
:10AA78000E032046C8E90023C9F8004002F007FD8C
:10AA88002146FDF7ADFF85F31188BFF36F8FBDE851
:10AA9800F047FFF7DFBE611843EBE473C0E90467D2
:10AAA800C8E90013FFF716FF01224FF00043C0E981
:10AAB800042385F31188BFF36F8F83689847EFF3FA
:10AAC8001185202383F31288BFF36F8FD9F80020F4
:10AAD800121BC9F80020FFF7EBFEB5E72C14002085
:10AAE8004808002010B5EFF31184202383F312885F
:10AAF800BFF36F8FFFF7E4FE054A0346D2E9000172
:10AB0800181841EBE37184F31188BFF36F8F10BD00
:10AB180048080020F8B50446EFF31187202383F393
:10AB28001288BFF36F8FD0E90423B3F1004F08BF39
:10AB3800012A04D087F31188BFF36F8FF8BDD0E9DD
:10AB48000A566A1C46F10003022A73F1000334D343
:10AB5800013D46F1FF36002EBCBF00252E4602F00F
:10AB6800E6FC013041F10001401946EB01010128E2
:10AB780071F1000147DB02F0DAFC013041F100011C
:10AB88006FF00203401946EB010183426FF0004366
:10AB98008B413DDB02F0CBFC013041F100016FF04D
:10ABA8000102401946EB0103121A4FF0FF3161EB25
:10ABB800030319492046FFF7A9FE236B01332363DA
:10ABC800236A63B187F31188BFF36F8F20469847D4
:10ABD800EFF31187202383F31288BFF36F8F54F8A4
:10ABE800185FA542A6D0002DA4D0284602F07FFB0E
:10ABF8000023AB6787F31188BFF36F8F2846BDE842
:10AC0800F84002F065BB6FF001024FF0FF33D0E768
:10AC180000224FF00043CCE71DAB00002DE9F041C6
:10AC280005461C4690461F46EFF31186202383F302
:10AC38001288BFF36F8FB4F1FF3F08BFB2F1FF3F37
:10AC480005D186F31188BFF36F8FBDE8F081002C22
:10AC580009DB012A74F10003BCBF0122002412F1B0
:10AC6800FF3844F1FF37284602F028FCDDE90601E9
:10AC78000023C5E90A012B6342463B4628460249A0
:10AC8800FFF744FEDDE700BF1DAB000070B50546C9
:10AC9800EFF31184202686F31288BFF36F8F02F03A
:10ACA8000DFC20B184F31188BFF36F8F70BD6B6A00
:10ACB80063B184F31188BFF36F8F6B6A2846984796
:10ACC800EFF3118486F31288BFF36F8F05F1180034
:10ACD80002F042FB0028E5D002F0FAFA21460248C9
:10ACE800BDE8704002F04EBB73140020F8B507466B
:10ACF8000C46164602F0ABFA08B10020F8BD0D4B21
:10AD08009B68DD6E002DF8D0221DF6D2EFF311847A
:10AD1800202383F31288BFF36F8F47F0040128467E
:10AD2800B04784F31188BFF36F8F0028E5D040F84F
:10AD3800045BE3E7FC1300200146024A0020FFF70A
:10AD4800D5BF00BF5FBA0000014800F0CABE00BF0F
:10AD5800D5E2000007B5074B0093074907484FF0B5
:10AD6800FF334FF48062FFF743F9002003B05DF82A
:10AD780004FB00BF10DD00006831002050080020EF
:10AD88000CB430B58BB004460D462022002102A831
:10AD980002F04FFC02238DF80A30002D0C4B039370
:10ADA800069412DB01D06B1E1C440FAA0E9907945F
:10ADB80002A8019200F00EF815B1069B00221A7045
:10ADC8000BB0BDE8304002B070470024EDE700BF8B
:10ADD8003FD800002DE9F04F8BB04368009383788B
:10ADE8009C078046924640F1F980002508780028A3
:10ADF80000F0F68025280AD04B1C01930135414606
:10AE0800009B98470028C0F2E3800199EEE74E784E
:10AE18008B1C252E0193F1D00027B9463C460A2207
:10AE28001F2C22D8A6F12003102B20D8DFE803F02E
:10AE3800141F1F1A1F1F1F0B1F1F1F121F171F1F53
:10AE4800090044F00104019B13F8016B0193002EE3
:10AE5800E6D13AE044F0020444F00404F3E744F095
:10AE68000804F0E744F01004EDE77F2C24D8A6F19D
:10AE78003003092B08D860064EBF02FB073702FBD8
:10AE8800093944F02004DEE72A2E0DD161065AF86C
:10AE9800043B53D4002BA7BF44F020049946C3F1C8
:10AEA800000944F02804CEE72E2E05D1630600F1F0
:10AEB800978044F04004C6E76C2E2ED028D8682E20
:10AEC80032D06A2E37D04C2E35D0002F46F02003D2
:10AED800B8BF24F04004A3F16502BCBFA4B20027A8
:10AEE800022A01D9612B2BD10AF1070A2AF0070A95
:10AEF8009C4E0AF1080A0727210760D506EB070BC5
:10AF080034465C455DD1AE1BA219A9EB070959E18E
:10AF1800742E98D07A2E96D0D7E7260648BF44F4E8
:10AF2800007444F080048EE7E00548BF44F40074E0
:10AF380044F4807487E744F4207484E71F4682E76A
:10AF4800A6F16302122A00F2D880DFE812F013009B
:10AF58004D00D600D600D600D6004D00D600D6004B
:10AF6800D600D600D600E800D100D600D6001A00D8
:10AF7800D600A0005AF8043B8DF81030012704AE23
:10AF8800BAE75AF8046B784B002E08BF1E4614F037
:10AF9800400F14BF39464FF0FF31304602F061FBD5
:10AFA8000746A9E7009B41462020984700280FDB69
:10AFB800013CA742F6D34D442D1BA1469EE74C46C3
:10AFC800F7E714F8010B009B41469847002898DAE8
:10AFD80098F8023043F0040388F802304FF0FF3548
:10AFE80028460BB0BDE8F08F220630D5A3052AD538
:10AFF8000AF1070A2AF007039A4659685AF8080B13
:10B0080024F0100B00291FFA8BFB2FDA404261EB6A
:10B0180041014BF4806B04AC0A23224602F02DFB5D
:10B028001BF0400FA0EB040200F08E802BF001040F
:10B038009742A4B240F38F80002E40F08E802BF010
:10B048001104A4B21DE05AF8040BC117D8E7E005B3
:10B058005AF8041B01D40846F7E7A2054BBF48B2CB
:10B0680008B241F3C01141F3C031C9E750EA010306
:10B07800D1D16306CFD5002FCDD124F01104A4B2CD
:10B088003A463B4640F206410C4262D124E024F0A5
:10B098001004A4B20A2314F0800243D014F40071FF
:10B0A8001FBF0AF1070A2AF007029246516814BF27
:10B0B8005AF8080B5AF8040B50EA01023ED124F062
:10B0C800160B62061FFA8BFB3CD5002F3AD124F0F1
:10B0D8001704A4B23A463B4621075AD4E10705D5DE
:10B0E800994572DDA9EB03039F184B469B464AE03E
:10B0F80044F0100410237826CDE7782B04D1C6F14C
:10B10800780343F01003C6E7009B41462520984783
:10B118000028FFF65DAF02354146304670E6082349
:10B128000026B8E714F480715AF8040BC4D014F45C
:10B1380000711ABFC0B2114680B2BDE724F0060400
:10B148001FFA84FB04AC68E713465C46E10699D510
:10B158002EB90133C0E71346F8E73B46F6E702335A
:10B16800BAE700BF0DE3000006E30000CDE90232B4
:10B178004146009B202098470028FFF629AFDDE9CB
:10B1880002320BF1010BD945F0DCEB1A03EB0B058E
:10B198005B46E10627D5CDE902324146009B3020C7
:10B1A80098470028FFF614AFDDE902327EB9013571
:10B1B8002F44791B8A4229DB144604AE9CBB2A44DF
:10B1C800A9EB03091546914442E017468EE7CDE9FD
:10B1D8000232023541463046009B98470028DDE997
:10B1E8000232E5DAF4E640F206410C42E0D014F00F
:10B1F800020F14BF2B20202014F4806FCDE90232F7
:10B2080005F10105414618BF2D20E5E7CDE90232D9
:10B218004146009B302098470028DDE9023205F1BD
:10B228000105C6DAD4E6013CCDE90232305D009B67
:10B23800414698470028DDE90232BFDAC8E6009B9C
:10B24800414620209847002805F10105FFF6C0AEC9
:10B25800A9EB0503002BF2DCD7E500BFF8B521F018
:10B268000046B6F1FF4F034605D820F00042B2F180
:10B27800FF4F074604D91846F4F720FF034610E0AD
:10B28800B1F17E5F03D1BDE8F84000F095B88C17A6
:10B2980004F0020444EAD0746AB9022C03D0032CE7
:10B2A80004D01846F8BD35493548E5E733493548EF
:10B2B800F4F702FFE2E736B9002F304901DA3248E5
:10B2C800F6E73248D8E7B6F1FF4F21D1B2F1FF4F88
:10B2D80016D1022C08D0032C0CD0012C274901D000
:10B2E8002B48C9E72B48E3E72B492948F4F7EEFF39
:10B2F8002249C1E729492648F4F7E8FF1F49D7E75B
:10B30800022CD0D0032CD1D0012C33D00023C8E795
:10B31800B2F1FF4FD0D0921BB2F1F45F4FEAE25086
:10B3280010DB1F491948F4F7C7FE0346012C17D054
:10B33800022C18D0002CB4D01A491846F4F7BEFED7
:10B348000F49B5E7002901DA3C3007DB1846F5F765
:10B3580071F820F0004000F02FF8E6E70023E5E759
:10B3680003F100439DE70F491846F4F7A7FE01468D
:10B3780003489DE74FF0004393E700BF6042A20DEA
:10B38800DB0F4940DB0F49C0DB0FC9BFDB0FC93FEB
:10B39800DB0F493FDB0F49BF00004040000040C0C1
:10B3A8002EBD3B332EBDBB3308B502F00DFA014864
:10B3B80008BD00BF0000C07F20F00043B3F1A14FDB
:10B3C8002DE9F0410446804612D3B3F1FF4F06D968
:10B3D8000146F4F773FE04462046BDE8F0810028D4
:10B3E800634901DD6348F4E76348F4F765FEF2E773
:10B3F800624A934257D8B3F1445FEDD34FF0FF361A
:10B4080021462046F4F762FF01460746F4F75EFF3F
:10B418005B490546F4F75AFF5A49F4F74FFE2946A7
:10B42800F4F754FF5849F4F749FE2946F4F74EFF5C
:10B438005649F4F743FE2946F4F748FF5449F4F710
:10B448003DFE2946F4F742FF5249F4F737FE3946E4
:10B45800F4F73CFF504907462846F4F737FF4F49B1
:10B46800F4F72AFE2946F4F731FF4D49F4F724FE94
:10B478002946F4F72BFF4B49F4F71EFE2946F4F74B
:10B4880025FF4949F4F718FE2946F4F71FFF01463E
:10B498003846F4F713FE2146F4F718FF731C0146EB
:10B4A80051D12046A1E7414A934220F000442AD8CE
:10B4B800A2F5D002934214D821462046F4F7FEFDA7
:10B4C8004FF07E51F4F7F8FD4FF0804105462046D5
:10B4D800F4F7F4FD01462846F4F7ACFF00260446CD
:10B4E8008EE74FF07E512046F4F7E6FD4FF07E518F
:10B4F80005462046F4F7E2FD01462846F4F79AFF90
:10B50800012604467CE72A4A934215D84FF07F511A
:10B518002046F4F7D1FD4FF07F5105462046F4F759
:10B52800D5FE4FF07E51F4F7C9FD01462846F4F7E1
:10B5380081FF0226044663E721461E48F4F77AFF96
:10B54800032604465CE71C4B53F82610F4F7B4FDB9
:10B558002146F4F7B1FD194B014653F82600F4F7DC
:10B56800ABFDB8F1000F0446B8BF00F1004433E763
:10B578006821A233DA0FC93FDA0FC9BFFFFFDF3EE8
:10B58800D769853C59DA4B3D356B883D6E2EBA3DFF
:10B598002549123EABAAAA3E21A215BD6BF16E3D0C
:10B5A80095879D3D388EE33DCDCC4C3EFFFF973FC0
:10B5B800FFFF1B40000080BF1CDD00002CDD0000E9
:10B5C800704737B50C460569836801A95B689847D9
:10B5D80048B92B6801985840012303FA04F1084040
:10B5E800003818BF012003B030BD01234FF0A0423E
:10B5F8008340C2F808357047012303FA01F1036953
:10B608001B68194218BF82F0010212B18368DB6817
:10B61800184783681B69FBE7F0B41346DA028768AA
:10B62800066907D513F4402F1EBF43F3000202F446
:10B6380040225340346801258D4023F48012DB07F3
:10B648004CBF2C43AC4334603B68F0BC1847014600
:10B6580040F2E73008B54FF47A72002300EBC130AE
:10B66800490CF4F7D3FFBDE8084001F0B5BE4FF030
:10B67800A043D3F8103523FA00F000F0010070471A
:10B6880001234FF0A0428340C2F80C35704709B936
:10B69800FFF7F6BFFFF7A9BF052001F0E2BB70B5C1
:10B6A800064607250024052046FA05F1FFF7E8FFBE
:10B6B80001F001010220FFF7EAFFFFF7EDFF052087
:10B6C800FFF793FFFFF7E8FF0320FFF7D0FF6400C1
:10B6D800E4B20443013DE4B2E5D2204670BD70B542
:10B6E8000646042015460C46FFF7CAFFFFF7D4FFAD
:10B6F800012D0CBF6FF07F036FF03F0346EA030094
:10B70800C0B2FFF7CCFF25440020FFF7C8FF04F8BC
:10B71800010BAC42F8D10420FFF767FFBDE8704089
:10B72800FFF7BABF08B50220FFF75FFF0520FFF754
:10B738005CFFFFF7B1FF0220FFF7A2FFFFF7ACFFA6
:10B748000520FFF79DFFBDE80840FFF7A5BF38B506
:10B758000546072445FA04F101F001010220FFF72C
:10B7680096FFFFF799FF0520FFF73FFFFFF794FFCC
:10B778000520FFF785FF013CECD20220FFF735FFDB
:10B78800FFF78AFF0520FFF730FFFFF785FF02204C
:10B79800FFF76DFF04460520FFF772FFFFF77CFFF8
:10B7A80084F0010000F0010038BD08B50220FFF761
:10B7B80067FFFFF771FF0520FFF717FFFFF76CFF23
:10B7C8000220FFF712FFBDE80840FFF765BF00EB56
:10B7D800C100408840087047F8B50346FFF7F7FFF7
:10B7E800B0FA80F0C0F11F0003EB800CCA00DCF84F
:10B7F8001060171D0C4606328DB256B9012101FAA8
:10B8080000F0D9680143D960CCF81040DD539D524F
:10B81800F8BDF1000431585AD85303EBC0009E52CA
:10B82800C5805D52F4E710B500EBC104E388994286
:10B8380002F104010AD1012303FA02F2C36823EAE0
:10B848000203C360002340F8213010BDA28840F8ED
:10B85800213000EBC20100EBC300CB808280F4E70B
:10B8680008B50346FFF7B3FFB0FA80F2C2F11F0232
:10B878001846BDE80840FFF7D6BF2DE9F843B1FAEE
:10B8880081F3C3F11F0200EB82090646D9F8107054
:10B898000D4687B9C3F120034FF0FF349C40F3688D
:10B8A8001C4014D094FAA4F2B2FA82F2131D56F88E
:10B8B8002340214608E03C464FF003082146304625
:10B8C800FFF785FFA84205D33046FFF7ACFF2046B7
:10B8D800BDE8F88306EBC404B8F10108E488C9F8A8
:10B8E8001040D7D0A742E9D1D4E738B50446FFF7CE
:10B8F8006EFF0D46034611462046FFF768FF0344D6
:10B908009BB204EBC5055A006A802046FFF75FFF2B
:10B91800014424F8313038BD70B50446FFF757FFAD
:10B928000B4604EBC305511A9B1A89B203444E0017
:10B938009BB204EBC2006E805D00458024F8321093
:10B9480020461146FFF743FF014424F8313070BD0B
:10B95800F8B5002951D004680D1F2D1BEE0825F0FD
:10B9680007056219538813F0010306D183F3118880
:10B97800BFF36F8F0423184602DF31462046FFF7D6
:10B9880026FF304434F83030C01A864207D00023EE
:10B9980083F31188BFF36F8F0423184602DF53889F
:10B9A80023F00103538031462046FFF710FF371874
:10B9B80004EBC7035B88DA0708D439462046FFF74B
:10B9C8004FFF3A4631462046FFF78FFF655B751BF0
:10B9D80004EBC5035B88DB0709D429462046FFF73B
:10B9E8003FFF324629462046FFF77FFF2E46314665
:10B9F8002046BDE8F840FFF7EFBEF8BD70B509B9BD
:10BA0800002070BD056801F007030B33CC0804EB78
:10BA1800D304AB689C4228BF1C4621462846FFF742
:10BA28002CFF06460028EBD001462846FFF7CFFE3C
:10BA3800A04207D932192846FFF76EFF114628465B
:10BA4800FFF7CAFE05EBC6021046538843F0010310
:10BA580053800430D5E71146FFF7D0BF043A2DE9EB
:10BA6800F843CC1D114424F0070421F00706A6EB87
:10BA780004084FEAD807B7FA87F2C2F12405AD00E7
:10BA88004FF000090735C2F12002ED08046049466D
:10BA9800A760C4F80C90920004F1100001F0C9FDF1
:10BAA800AAB2530043F0010363807B1B9BB204EBF3
:10BAB800C5015800A4F80090488024F83520A6F85D
:10BAC800029024F8083004EBC70329465A8842F04C
:10BAD80001025A802046BDE8F843FFF77DBE0020EA
:10BAE80070470FB407B504A951F8040B0191F5F795
:10BAF800DDFC03B05DF804EB04B070470FB407B584
:10BB080004A951F8040B0191F5F7D0FC03B05DF8D6
:10BB180004EB04B0704708B5EFF31183202383F3D7
:10BB28001288BFF36F8F00F014FA036800220BB974
:10BB3800184670478B4210D10B6842B942680360BF
:10BB4800914200D1436000230B60012070471360CD
:10BB58004368994208BF4260F5E71A461B68E6E762
:10BB6800038B13F0070306D10368002B18BF0320CB
:10BB780008BF00207047022B05D1408BB0FA80F037
:10BB8800400980007047012B04D10368002B18BFBF
:10BB98000520EDE70020704710B50C4600B111B93B
:10BBA8006FF0150010BD081D00F0C6F80028F9D187
:10BBB800A368032BF6D9F3E72DE9F0410D460746B4
:10BBC8001946281D90461E4600F0C7F8044638B1AD
:10BBD8003346424629463846A446BDE8F041604708
:10BBE800BDE8F08110B4EFF31182202484F31288A9
:10BBF800BFF36F8F416110BC0121F5F789BC38B5DF
:10BC08000C46054658B151B10B6843B14B6833B186
:10BC18001C22002101F00DFD2C61002038BD6FF0C1
:10BC28001500FBE7F8B504460E46FFF7B5FF051EFD
:10BC38003BDBEFF31182202383F31288BFF36F8F6E
:10BC4800638B278B4FF6FF718B4207F007072ED0C7
:10BC5800062F2FD8DFE807F0182E082E1804180032
:10BC68006FF08505002303E0013363830225012378
:10BC780082F31188BFF36F8FBBB100233A46314678
:10BC88002046FFF799FF10E000233360636823B96B
:10BC9800C4E9006627B13D46E4E71E606660F9E73F
:10BCA80002212046F5F734FC3D462846F8BD6FF0E2
:10BCB8000A05D7E76FF00405D4E710B5EFF3118252
:10BCC800202383F31288BFF36F8F048B04F00704DB
:10BCD800022C0AD0012C0CBF6FF004006FF0850015
:10BCE80082F31188BFF36F8F08E0438B013B9BB24F
:10BCF800438323B92146F5F70BFC204610BD2046A7
:10BD0800EEE738B5A8B1A1B1EFF31185202282F38F
:10BD18001288BFF36F8F048BFFF707FF30B104F071
:10BD2800070085F31188BFF36F8F38BD6FF0770078
:10BD3800F7E76FF01500F8E7034658B1426802F0DC
:10BD48000302012A03D0032A04D1026812B1002099
:10BD5800986070476FF0150070474268816002F084
:10BD68000302032A4FF0000203460CBF0068104686
:10BD78005A607047704701F05CBC01F033BC014663
:10BD88000068F5F7E7BC08B5F5F714FDBDE808400D
:10BD9800F5F7CCBF00210120F5F7DCBC08B5F5F7B5
:10BDA80079FFF5F7AFFCF5F7B9FCF6F70FF8FDF7F3
:10BDB80019FE6FF08500704761B662B680F311888E
:10BDC800BFF36F8F704772B6002383F31188BFF3F8
:10BDD8006F8FBFF34F8F30BF62B6BFF36F8F70475F
:10BDE80072B6002383F31188BFF36F8FBFF34F8FB1
:10BDF80020BF80F31188BFF36F8F62B67047202889
:10BE080009D9B0F1004F08D80138B0FA80F0C0F174
:10BE18001F0040007047082070473E207047704759
:10BE2800BFF35B8F50E8003F013340E80032002A3F
:10BE3800F8D1BFF35B8F7047002303824369C36067
:10BE48007047C1698968F6F775B9EFF31182202345
:10BE580083F31288BFF36F8F00230B60436833B9F5
:10BE6800C0E9001182F31188BFF36F8F7047196022
:10BE78004160F7E710B50346EFF31181202282F302
:10BE88001288BFF36F8F006828B15C6802681A6077
:10BE9800A04208BF5A6081F31188BFF36F8F10BDAD
:10BEA80008B501460830FFF7BBFF084608BD10B5C6
:10BEB80008B14B6843604C68002308464B60F6F7AE
:10BEC800B7F9204610BD83680B4403607047838828
:10BED800026819448180D018704730B48488056896
:10BEE800A3188380281930BC01F07CBB10B5838867
:10BEF80002685C1C8480D154D01810BD03460068C9
:10BF08009A88401A11441860998070470268531E35
:10BF1800036083880133838002F8011C704782889C
:10BF2800521A034682800068084418607047034626
:10BF380000689A88521A01449A801960704710B5AF
:10BF480003681C780121FFF7EAFF204610BD002096
:10BF5800704708B500224FF4C0414FF00050FCF77D
:10BF680029FE4FF080430122C3F80025BFF34F8F0D
:10BF780020BFFDE7012310B50621044600F8013B68
:10BF8800FAF766F818B9A37963F03F03A37110BDF7
:10BF980038B50446807AF6F7A3F86169054649B1D1
:10BFA800637ADB0704D4C3691B6820469B689847FB
:10BFB8000023636121462846BDE8384001F06EB889
:10BFC80010B50346BFF35B8F53E8000F40EA010248
:10BFD80043E80024002CF7D1BFF35B8F10BD01218B
:10BFE8000C30FFF7A4BF30B402EBC3030446084685
:10BFF8009A4201D130BC7047114611F8085BA5423E
:10C0080006D1018A53789942F4D330BC5368184753
:10C018000A46EDE7BFF35B8F50E8003F0B4040E86E
:10C028000032002AF8D1BFF35B8F7047033138B56F
:10C03800C9B205460E20F6F7A7FE032104460C30C8
:10C04800FFF745FF01230370A0F80150204638BDD3
:10C0580070B505460E460F200421F6F795FE04211B
:10C0680004460C30FFF733FF01220670427045800A
:10C07800204670BD08B5072201F0E3FAB0FA80F057
:10C08800400908BD18B111B10846F6F7BDBE6FF0FA
:10C098001500704713B5044680B106216846F9F7C4
:10C0A800D7FF48B99DF80530694603F03F0320469D
:10C0B8008DF80530FFF7E6FF02B010BD6FF01500F0
:10C0C800FAE7003818BF012070472DE9F74F884676
:10C0D80001904FF0FF314FF0FF30F6F7F7FA0446C2
:10C0E800002849D020210C30FFF7F1FE0021202242
:10C0F8000646002701F09DFAD8F8005006F1010B1A
:10C108003946D8F804309F4208D30198317000228C
:10C11800214603B0BDE8F04FF6F760BB6A7895F8A2
:10C1280000C0881C13181F2B5FFA80F908D9BCF1CE
:10C13800090FC9F11F0217D1002A15DD4FF0080CAD
:10C148005FFA82FA0AF1010E0BF801E00131C9B277
:10C1580058440BF801C0D144696801F043FA01372B
:10C168005FFA89F10835CCE72046F6F761F86FF0F9
:10C17800150003B0BDE8F08F6FF06800F9E770B5FF
:10C18800064686B00D464FF0FF304FF0FF31F6F708
:10C198009DFA0446B0B10C3095B10121FFF7A6FE17
:10C1A80006F1100203A9204600950823F6F77CFA49
:10C1B8000022214642F20A00F6F710FB06B070BDD5
:10C1C8002946EBE76FF06800F8E7183001F02CB863
:10C1D800F7F7A8B9FDF774BD0369C9B20C2202FBD1
:10C1E8000133186C00F00700704770B50346C9B2F8
:10C1F8000069EFF31186202484F31288BFF36F8F50
:10C208000C2505FB0104246C14F0C00401D0A242E3
:10C2180010D105FB010001220264002086F3118879
:10C22800BFF36F8F28B95B6803EBC1035B6898475E
:10C23800002070BD4FF0FF30F0E78022FFF7D5BF38
:10C24800F8B5069F04690546C9B2EFF3118C2020A2
:10C2580080F31288BFF36F8F0C2606FB0146306C03
:10C2680000F0070EBEF1010F11D1376400268CF3E0
:10C278001188BFF36F8F46B90C2000FB0144C4E955
:10C288000E236B6853F8313098473046F8BD00F0FC
:10C29800C00087420CBF6FF077064FF0FF36E6E725
:10C2A80013B580240094FFF7CBFF02B010BD10B483
:10C2B8000069CBB21C2404FB0300002110BC10470A
:10C2C8001046FDF7FDBC08B5FBF782FFBDE8084046
:10C2D80000F05CBAFCF738BDFBF7C8BE43685B6882
:10C2E800D3F810350B600020704743685B6802EA9A
:10C2F800010021EA0201C3F80805C3F80C15002063
:10C30800704743685B680020C3F8081570474368A6
:10C318005B680020C3F80C15704743685B68D3F866
:10C32800042521EA02001140C3F80805C3F80C15DA
:10C338000020704730B50369586800B3002488426C
:10C3480019D108688CB99C685860A14200D19860DE
:10C35800002008602AB15A680A609A68596002B9D0
:10C36800996000200FE02846E9E72060986881423C
:10C3780008BF9C60ECE705680446002DF3D1002A4D
:10C38800E9D16FF0150030BD00F084BC2DE9F04311
:10C39800476840F20636D0063B7C87B002EA0606BC
:10C3A80054BFC2F3401C4FF0030C01F01F05B6F553
:10C3B800837F144645EA43158DF803C042D00DD853
:10C3C800062E16D005D8A6B1022E3DD06FF0150066
:10C3D80035E0B6F5807FF9D101260AE040F2022265
:10C3E800964233D0B6F5407F32D0B6F5007FEDD116
:10C3F800022622032ED57A6801238B40C2F808351D
:10C40800B86878BB05F01F026D0974D1920002F17B
:10C41800A042C4F30041D2F8003781F00101C4F30F
:10C42800404423F4E16344EA410423F007031C4336
:10C4380044EA8C0444EA0624C2F80047002007B006
:10C44800BDE8F0830726D4E70426D2E70526D0E71F
:10C458000326CEE7630341BF01237A688B40C2F805
:10C468000C35CDE70DF10202294600F09AFB14F4D1
:10C47800403F80460CD1B868294600F0C0FBB8F1AF
:10C48800000FDBD19DF80210B868FCF73FFDD5E737
:10C498004FF0000901ABCDE90199CDE90439CDF898
:10C4A8000C90B86803AA294600F076FA4845C5DB1F
:10C4B80014F4003314D0C4F300449DF803308DF80D
:10C4C8000E3084F001048DF80C608DF80D40B868CA
:10C4D8004B4603AA294600F0FAFA0028CFDAADE75E
:10C4E800CDE904330DF103030393B86803AA294681
:10C4F80000F052FAF1E702F5E07250F82230FFDE60
:10C50800F0B544681646A068227C01F01F0587B084
:10C5180045EA4215002865D0B6F5001F04D1294622
:10C5280000F0B6FB00204EE001AA0020B6F5800F0F
:10C538000190506036D1B3F1007F14BF0523042366
:10C548008DF804300023CDE904230393E36823FA2C
:10C5580001F111F001010DF1030736D1B6F1A07F09
:10C5680033D105F01F036A0903F5E0733DD14FF09D
:10C57800A04252F82330DB0727D4A0683A46294660
:10C5880000F00FFB163018D00297A06803AA2946BE
:10C5980000F002FA002816DBA0680122294600F004
:10C5A80030FBBFE7B3F1C06F05D0B3F1007F14BF14
:10C5B80001230223C4E70323C2E7A0683946FCF736
:10C5C800ABFC0028E0DA07B0F0BDA0683A4629467F
:10C5D80000F0E7FA0028D8D19DF80310A068FCF70E
:10C5E80095FCD2E76FF08500EDE751F82330FFDEC8
:10C5F80000F150039B009BB203F1804303F588339D
:10C6080000221A601B6870474FF08053D3F830211E
:10C618000A2A06D1D3F83401012894BF002001204A
:10C6280070470020704703460020184700F019BCE7
:10C6380010B502461168B1B1BFF35B8FB1FA81F34F
:10C64800C3F11F000123834021EA030352E8004F8E
:10C658008C4204D142E8003CBCF1000FF6D1BFF394
:10C668005B8FE7D110BD6FF00B00FBE710B50368D7
:10C67800CB40DB0714D401238B400268BFF35B8FE8
:10C6880043EA020150E8004F944204D140E8001CFC
:10C69800BCF1000FF6D1BFF35B8FEED1002010BDC7
:10C6A8006FF01500FBE70001090400F1804012B1AA
:10C6B800C0F804197047C0F8081970472DE9F0410F
:10C6C80000F160404C1E044416461F46050B240B1F
:10C6D8004FF00108A54201D9BDE8F08105F001013C
:10C6E800C5F34700324608FA01F1B8470135F1E7CA
:10C6F80010B1012802D07047FCF726BBFCF7D6BA68
:10C7080018B1012803D100F019B800F03FB87047FC
:10C71800FCF756BB08B5FCF7E5FABDE80840FCF79E
:10C728008BBB4FF08053D3F830210A2A03BFD3F8CC
:10C738003401B0FA80F0400900207047FCF77CBA59
:10C748004FF08053D3F830210A2A03BFD3F83401BD
:10C75800B0FA80F040090020704738B54FF08044A7
:10C768000223C4F808330123E3600023C4F804312A
:10C77800D4F8043142F21075D4F81834DB0304D528
:10C788000120FFF753FF013DF6D138BDFFF7E5BFA4
:10C79800036803F01F025B0902600CBF4FF0A04062
:10C7A80000207047F7B51646019001A8DDE9084753
:10C7B8001D46FFF7EDFFB6F1000C18BF4FF0010C56
:10C7C800019B0A1E18BF0122002D42EA4C0203F504
:10C7D800E0730CBF4FF0000C4FF00C0C002C42EA39
:10C7E8000C020CBF4FF0000C4FF4E06C002F42EA33
:10C7F8000C0250F823000CBF4FF0000C4FF4403CE3
:10C8080042EA0C0220EA020201B109780EB1367838
:10C81800760011430DB12D78AD0031436CB120780D
:10C82800000229430FB13F783F0408434FF0A0426C
:10C83800384342F8230003B0F0BD2046F1E71FB5A6
:10C848000DF10F03019300238DF80F1000931A4682
:10C858001946FFF7A7FF05B05DF804FB70B5CBB22A
:10C868000833164630F81330DA0504460D4609D564
:10C87800C3F3432300EBC302314650F83330526808
:10C8880028469847A3682BB1E26831462846BDE898
:10C898007040184770BD10B4CBB200EB43039A8ABE
:10C8A800D1051BD5C2F3432122F4F8529A8200F134
:10C8B800520400F1120232F8023F13F4807F03D0D1
:10C8C800C3F34323994209D0A242F4D100EBC10338
:10C8D80000225A6010BC5830FFF7C8BE10BC704721
:10C8E800024611F0010011D04FF0A043D3F8200503
:10C8F80010604FF08052C3F82005D2F830210A2A80
:10C9080008BFD3F82035003818BF01207047F0B5AC
:10C91800034600F5807400200546012784469542A9
:10C928000AD1D3F87C2132B10022C3F87C21D3F894
:10C938007C3140F00040F0BD25F0404607FA06F68D
:10C94800314209D0D4F800E0BEF1000F04D0C4F899
:10C9580000C0D4F800E0304301350434DFE7024674
:10C96800CBB202EB430308469B8A990611D5990777
:10C978000FD410685B0B01219940C0F808131268A6
:10C9880002EB8303D3F8102522F00302C3F8102525
:10C9980070470021FFF753BFF0B5136885B005460F
:10C9A8000C461646DBB1CFB200EB4707BA8A02F055
:10C9B8002202222A1ED00022CDE900228DF80E2064
:10C9C8008DF80F200DF10E010DF10F022046FFF733
:10C9D800E9FEBB8A23F0020343F00103BB827368BC
:10C9E8002BB31A785868E3B205EB4303998A8F078B
:10C9F80003D5B0B16FF015001CE021F4604121F0BF
:10CA08002001998268B1032AF4D8716849680F78BF
:10CA180029684FEA870C614472B9C1F81025C1F83A
:10CA28001025998A21F01C0141EA82029A82B36892
:10CA380043BB002005B0F0BDD1F8100520F003007D
:10CA4800C1F8100528686044D0F8101521F4473162
:10CA580021F44071C0F810152102D0F810C501F476
:10CA6800F85141EA024141EA0C01C0F8101505EB02
:10CA78004701A1F85C40998A41EA473141F0200119
:10CA88009982CEE7D3E9006721462846FFF703FFDE
:10CA9800002ECED06B689E4206D005F15800FFF7F5
:10CAA800C7FD002804DAC5E7AB689F42F5D100202E
:10CAB80005EBC003C3E90167E4B205EB4404C0B267
:10CAC800A38A43EA402343F48073A382B1E7F0B515
:10CAD800064685B00C461F46F2B1CDB200EB4505BF
:10CAE800AB8A980701D499061ED413F01C0F02D004
:10CAF8005378012B18D001238DF80F300023CDE98E
:10CB080000230DF10F01931C20460132FFF74AFE66
:10CB1800AB8A43F00303AB82002F3DD0E2B206EBB1
:10CB28004202938A9B0703D46FF0150005B0F0BD4D
:10CB38003878336803EB80030021C3F81015C3F875
:10CB48001015938A23F4604323F0200393827D78A1
:10CB58004FEA800C05B33168BF7861442D04D1F8E1
:10CB6800103523F4981323F4F853C1F81035230231
:10CB780003F4F85305F440353F05D1F810652B430D
:10CB880007F480173B433343C1F81035938A43EACF
:10CB9800403343F0200393820020C7E7C0E9031223
:10CBA8007047C9B200EB4100838A990643BF5B0B0B
:10CBB800002013706FF01500704738B590F86C407E
:10CBC80005469CB940222146143000F032FD286801
:10CBD800C0F87C41D0F87C3140F30730F5F712F803
:10CBE800012385F86C30AB65204638BD6FF07700BF
:10CBF800FBE790F86C00003818BF01207047FCF77D
:10CC08004FB973B50C46C9B200EB410105688B8A70
:10CC18009E0619D513F0020616D15B0B9C0004F58D
:10CC280080716E50695801682144D1F8104544F06C
:10CC38000104C1F810452AB10168012202FA03F380
:10CC4800C1F8043302B070BDD5F80433002BA4BF7B
:10CC58004FF00043C5F804338B8AC3F38203042BD7
:10CC680012D0052B12D001A80194FFF791FD019A6B
:10CC7800D0F81035D34003F00103991C204602B0C8
:10CC8800BDE87040FFF7DBBD0321F7E70221F5E7B8
:10CC9800FFF765BE2DE9F04F074685B057F8049BAE
:10CCA800D9F80413C9B28046082241F00041484629
:10CCB800FFF72DFE051E17DA0DF1080A00230121E2
:10CCC80050460293FFF70CFE0191029A92B94FF079
:10CCD80000414846FFF71BFE01215046FFF700FEC2
:10CCE8000028F2D125F000450124002D76D105B0A9
:10CCF800BDE8F08F92FAA2F4B4FA84F408EB440386
:10CD0800E608998A019B1AF80620039404F00700A4
:10CD180003FA00F022EA00020AF80620C1F3820BA7
:10CD280003A8CDF800B0FFF733FD039A02F5E072CF
:10CD3800CB0650F82260C6F3014635D5009A38462E
:10CD48002146FFF78BFD03A80394FFF721FD039B02
:10CD580003F5E073F6B250F82330C3F301439E4263
:10CD680007D100212046FFF76AFD31462046FFF72C
:10CD780066FD03A80394FFF70BFD039B019A02FAD3
:10CD880003F3C0F820354FF08053D3F830310A2B25
:10CD98009BD14FF0A043D3F82025D3F82025D3F812
:10CDA8002025D3F8203590E7022E14BF0221032155
:10CDB8002046FFF744FDBBF1030F04D0022E08D133
:10CDC800BBF1010FD5D1009A21463846FFF746FD41
:10CDD800CFE7032ECDD1BBF1020FF3E795FAA5F308
:10CDE800B3FA83F304FA03F225EA020503F5A27203
:10CDF80008EB430359F82220B3F85C10C2F3014250
:10CE08003846FFF72BFD70E710B5A1F58074A4082C
:10CE18000123A34018400AD001F1804101F5E04107
:10CE2800086820B10020086009680AB9012010BD0F
:10CE3800116819431160F9E708B500210120FCF7D2
:10CE4800EBF80028F9D008BD08B50246FCF784F8CD
:10CE580020B9BDE808401046FCF7B4B96FF00F00E0
:10CE680008BD08B1F5F70CBA704710B54369044618
:10CE78003BB90020E268537843F001035370404205
:10CE880010BD98470028F4D00028B8BF4042E36896
:10CE9800FF28A8BFFF201870ECE740B1C368587896
:10CEA80010F001001EBF1878B0FA80F040097047F2
:10CEB800EFF31183202383F31288BFF36F8FFEE70C
:10CEC80008B5FFF7F5FF10B400F10C04C0E90344FE
:10CED80010BCFEF7C3BD38B50446EFF31185202317
:10CEE80083F31288BFF36F8FFEF732FD04F10C0055
:10CEF80000F063FA30B1294604F11400BDE8384067
:10CF080000F040BA85F31188BFF36F8F38BD08B5BC
:10CF18002024EFF3118384F31288BFF36F8FFEF799
:10CF280052FFF6E790F90E308B4201D0FDF746BA72
:10CF38000020704703460020C3E90200C3E900331C
:10CF48007047D0E9003213605A60027C002322F057
:10CF58000202C0E900330274836070472DE9F84388
:10CF6800904604469DF820200D46EFF311872021B6
:10CF780081F31288BFF36F8F02B14568A66804F188
:10CF88000809B14515D0A6B13046FFF7DAFF0024ED
:10CF980006F1180000F092FA3046B467C6F814801B
:10CFA80000F096F94846394600F0ECF92046BDE80D
:10CFB800F883A3B10820FDF7BFFE002832D0012274
:10CFC800C0F804800260016801F003015DB92268BD
:10CFD8000A430260626820606AB960600BE0C8F8C2
:10CFE80000304046EFE72A68032A10D801606168DC
:10CFF80039B9C4E90000002087F31188BFF36F8FA7
:10D00800D5E70A6802F0030202430A60E5E722F066
:10D0180003020A4302602A6802F0030240EA02039C
:10D028002B60E8E76FF00B00E6E70023C0E9003368
:10D0380000F10803C0E90233704770B5EFF31185BA
:10D04800202383F31288BFF36F8F846800F10806EA
:10D05800A64213D094B12046FFF773FF04F11800DD
:10D0680000F02CFA00232046A367636100F030F932
:10D0780029463046BDE8704000F084B985F3118830
:10D08800BFF36F8F70BD07B50123009300230A46D5
:10D098001946FFF763FF03B05DF804FB07B50023EB
:10D0A8000A4600931946FFF759FF03B05DF804FBE1
:10D0B8003AB18A4205D3C0E90212C0E90000002053
:10D0C80070476FF015007047026801238B4022EA11
:10D0D8000303036022FA01F000F00100704710B565
:10D0E800032104460C30FFF7EFFF30B104F11000C4
:10D0F80000F0E4F9B0FA80F0400910BD20B1002238
:10D1080011468C3000F0A1B9704770B5C368C3F3FD
:10D1180040069B07044616D4856802210C30FFF7A9
:10D12800D3FF80B1D5F884206AB194421DD122681A
:10D138009EB9D5F88830C5F884209C4201D1C5F83D
:10D14800882000232360E36813F01F001EBF43F00C
:10D158000203E36040F0020070BD3260D5F8882019
:10D16800944208BFC5F88860EBE716461268DBE70B
:10D1780073B50446EFF31185202383F31288BFF3B8
:10D188006F8F00230193D0E90423B3F1004F08BF48
:10D19800012A05D085F31188BFF36F8F02B070BDE7
:10D1A800A0F1100603210438FFF78EFF0028F1D004
:10D1B800A369019301A93046FCF7C2FEEAE713B55B
:10D1C80001900846EFF31184202383F31288BFF3FC
:10D1D8006F8F01A9FCF7B4FE84F31188BFF36F8F3A
:10D1E80002B010BD10B5FFF7EAFF041E08DDEFF32B
:10D1F8001180202383F31288BFF36F8FFDF74AF95C
:10D20800204610BD08B5A022002100F012FA08BD82
:10D2180038B5302204460D46002100F00AFA4FF4D2
:10D2280080736560E36038BD38B50446EFF3118557
:10D23800202383F31288BFF36F8FFFF750FF204638
:10D24800FFF763FF85F31188BFF36F8F38BDEFF3E6
:10D258000580003818BF012070476FF057007047ED
:10D26800D0E9003213605A600023C0E900337047E8
:10D2780008B5FFF7F5FF037C23F0020303740023CE
:10D28800836008BD38B504460D46FCF7F3FF237CE0
:10D2980043F002032374D5B1A5602B689D4209D1E0
:10D2A8006B68C4E900531C606C6010E06A689A42BD
:10D2B800F6D01B68002BF3D093F90E1094F90E20CA
:10D2C8009142F3DD5A68C4E9003214605C6038BDED
:10D2D80010B5EFF31184202383F31288BFF36F8F07
:10D2E800FCF788FF84F31188BFF36F8F10BD08B572
:10D2F800EFF31181202282F31288BFF36F8F8368C6
:10D308000BB1FFF7B5FF81F31188BFF36F8F08BD2D
:10D3180008B5037C13F0280F01460CD183680BB1C4
:10D32800FFF7A6FF0B7C23F004030B740846BDE847
:10D338000840FCF75FBF08BD10B5EFF31184202348
:10D3480083F31288BFF36F8F1838FFF7E1FF84F378
:10D358001188BFF36F8F10BD08B50346EFF3118135
:10D36800202282F31288BFF36F8F0068834207D0B0
:10D3780008B1FFF77DFF81F31188BFF36F8F08BDF8
:10D388000020F8E70846FCF7ADBF38B50468054645
:10D39800AC424FF0000000D138BD002CFCD0204634
:10D3A800FFF766FF04F1180000F088F82046FCF744
:10D3B80021FF2C680120A542EDE710B5EFF3118499
:10D3C800202383F31288BFF36F8FFFF7DEFF84F308
:10D3D8001188BFF36F8F10BD38B50C460546FDF7B1
:10D3E800F5F8B4F1FF3F08BFB5F1FF3F1FBF47F69F
:10D3F800FF7300224FF47A71E0FB01321ABFD80B99
:10D4080040EA42404FF0FF3038BD38B50446EFF3EC
:10D418001185202383F31288BFF36F8F037C5B078A
:10D428000ED5183000F04AF8237C23F00403204678
:10D438002374FCF7DFFE2846BDE83840FCF752BFEE
:10D4480085F31188BFF36F8F38BD38B5EFF31185B9
:10D45800202383F31288BFF36F8F0468A04212D091
:10D468009CB1A16762612046FFF702FF04F1180032
:10D4780000F024F82046FCF7BDFE012085F3118852
:10D48800BFF36F8F38BD0020F8E72046F6E708B5F0
:10D498000246FDF70DFA70B1D0E904319B1A61EB31
:10D4A800E272B3F1004F72F1000104DA002AACBF56
:10D4B8001846002008BD6FF00040FBE738B502466B
:10D4C800EFF31185202383F31288BFF36F8F03686E
:10D4D800D3B1FDF7EDF904461046FDF7FBF900223C
:10D4E8004FF000438442C0E9042305D0002085F3AF
:10D4F8001188BFF36F8F38BDFDF7E2F9FFF7C7FF5B
:10D508000021FBF76DFAF1E7D0E90413B3F1004FFE
:10D5180008BF012904D100204FF00041C2E90401ED
:10D528006FF01500E3E708B5FDF7DCFA08BDFDF775
:10D53800D9BAB3F1FF3F08BFB2F1FF3F70B5064655
:10D548001D46144614D01A4316D0002B08DBFDF7ED
:10D55800C9FA041941EB0501C6E90041304670BD1E
:10D568006FF001031C1B4FF0FF3363EB0501F3E77A
:10D578004FF0FF342146EFE70024FBE7B3F1FF3F0C
:10D5880008BFB2F1FF3FF8B5074616461C4610D053
:10D5980054EA020311D0FDF7A5FAB0420A46A141A8
:10D5A80003460AD2F31A64EB0204C7E9003438468A
:10D5B800F8BD4FF0FF331C46F7E70023FBE70023D5
:10D5C800C0E9081200F11802C0E90622C0E90033D8
:10D5D80003634363704720B1011F50F8040CFFF741
:10D5E8007ABC70470A44914200F1FF3300D170477A
:10D5F80010B511F8014B03F8014F9142F9D110BD54
:10D60800884210B501EB020402D98442234607D8A8
:10D61800431EA14207D011F8012B03F8012FF8E7A8
:10D628000244824200D110BD13F8011D02F8011D09
:10D63800F7E702440346934200D1704703F8011B01
:10D64800F9E710B501390244904201D1002005E004
:10D65800037811F8014FA34201D0181B10BD013007
:10D66800F2E710B5024601448A42134603D01C78FB
:10D678000132002CF8D1181A10BDF0B5C3F13707E4
:10D688000446FFB203F01F031046082BE6B233D05E
:10D69800102B3ED06508A40844EA817445EAC17598
:10D6A8002D194FEA910242EB5102290941EA027110
:10D6B8006D1842EB1212290A41EA02616D1842EB19
:10D6C8001222290C41EA02416D1842EB1242AD18B0
:10D6D80042F10002EC0844EA4274D10804EB8402E7
:10D6E800A6EB4205EDB2092D0CD90134A5F10A05C6
:10D6F80041F10001EDB212E0E40844EA417406F099
:10D708000705C908303554EA010200F8015BBCD1AD
:10D71800F0BD240944EA017406F00F050909092D32
:10D7280084BFED19EDB2EDE720F00042B2F1FF4FF2
:10D7380070B50346044610D3002807DA00F044F811
:10D7480020B92046BDE87040FDF72EBE2146204690
:10D75800F2F7B4FC0446204670BD002AFBD000282E
:10D76800F0DB10F0FF4127D0C215C3F31603A2F176
:10D778007F0043F40003D20758BF5B000024401029
:10D788005B00192526464FF0807172189A42DDBF5A
:10D79800561864189A1A1A46013D4FEA42034FEA8E
:10D7A8005101F2D112B1013424F00104641004F1E2
:10D7B8007C5404EBC054CEE75B0018020A4601F122
:10D7C8000101F9D55242D0E720F00040B0F1FF4FF7
:10D7D80094BF002001207047C0F3C7530028A3F16D
:10D7E8007F010246ACBF01204FF0FF301E291ADC32
:10D7F800002903DA013118BF002070471629D8BF65
:10D808004FF48003C2F31602D8BF0B4142F4000262
:10D81800CDBF963B9B18C1F1170102FA03F3D8BF9D
:10D82800CB405843704701284FF0FF3018BF002005
:10D8380000F100407047D1E9043293421EBF5A1CE0
:08D848000A611870704700002E
:08D85000082EFF7F010000001B
:10D85800E11000000000000057BF000000000000B9
:10D8680000000000C0D80000B59A000000000000C9
:10D8780000000000DCD8000000000000F8D800001C
:10D8880089880000000000008D20000000000000D2
:10D898005DAD0000000000000000000030D900006D
:10D8A8000000000014D90000000000004CD900005E
:08D8B8004923000000000000FC
:10D8C00095E20000D4DC0000B8DA0000600300201C
:10D8D000B0120020997D000000000000B4E20000BA
:10D8E000E4DC00006CDA0000640300206813002010
:10D8F000D184000000000000A4E20000000000004D
:10D9000064DA00006203002024130020B9830000C1
:10D9100000000000F4DB000000000000ACDA0000B2
:10D920005C03002014110020000000000000000033
:10D9300088E200000000000058DA00005E030020CA
:10D9400000000000017B000000000000C2E20000B7
:10D950000000000090DA000066030020741300202D
:08D96000D58500000000000065
:10D968001DC700002FC60000000000009DBD00007C
:10D97800000000009DBD0000000000009DBD0000EB
:10D98800000000009DBD0000000000009DBD0000DB
:10D99800E401002091C30000B99600002FC60000E2
:10D9A800000000009DBD0000000000009DBD0000BB
:10D9B800000000009DBD000000000000796000002C
:10D9C8004CD9000045850000241300202584000060
:10D9D80000000000F9760000000000009DBD000076
:10D9E800000000009DBD0000000000001989000033
:10D9F800000000009DBD0000000000009DBD00006B
:10DA0800000000009DBD0000000000009DBD00005A
:10DA1800000000009DBD0000000000009DBD00004A
:10DA280000000000A9600000000000009DBD00008B
:10DA3800000000009DBD0000000000009DBD00002A
:10DA4800000000009DBD0000000000009DBD00001A
:0CDA5800C5770000457B0000580200006C
:08DA640065830000B58200009B
:10DA6C0095C30000E5C20000F3C200000BC3000028
:10DA7C0017C3000023C3000009C500003DC300000C
:04DA8C000000000096
:10DA90000000000000000000000000005D850000A4
:0CDAA000198500000000000000000000DC
:0CDAAC004D5500001D540000A553000063
:10DAB800F57D000043C20000A9C20000000000007C
:0CDAC800E1C100000000000000000000B0
:10DAE000000106020100000000000000000000002C
:10DAF0000738FDD870470000000000000402000055
:10DB000020030000400300000000000030D90000A6
:10DB1000000100040A400080000000000C0000002A
:10DB2000000000200000000000000B0602000000C2
:10DB300034DB00000000000050E10000220002067B
:10DB40000000002058E100001C000B11192100000A
:10DB50000000000027BE00004CDB000068DB000076
:10DB60004700000000000000683500204CDB00008A
:10DB70007CDB00002E00000000000000483900207F
:10DB80004CDB000090DB0000020100000000000000
:10DB90001C3A00200E030000692C00000F04000056
:10DBA000612D00003E010000B9230000FF010000CC
:10DBB000792300003E0100009923000010010000BD
:10DBC000E7BF00004CDB0000D4DB00004700000092
:10DBD00000000000383B002042542043544C5220A7
:10DBE000525820707269000042542043544C522015
:10DBF0005258000062745F6863695F636F6E74728D
:10DC00006F6C6C65720000005A6570687972204F05
:10DC1000532076342E342E320000000057455354E2
:10DC20005F544F504449522F7A65706879722F7350
:10DC300075627379732F626C7565746F6F74682F7A
:10DC4000636F6E74726F6C6C65722F6C6C5F737740
:10DC50002F6E6F726469632F6C6C6C2F6C6C6C5FD1
:10DC60006164762E6300000030000000415353458C
:10DC70005254494F4E204641494C205B25735D204C
:10DC8000402025733A25640A000000000925733AF4
:10DC90002041637475616C204556454E545F4F5664
:10DCA0004552484541445F53544152545F555320B7
:10DCB0003D2025750A000000707265706172655F15
:10DCC0006362000001030405557D0000257D00000E
:10DCD00000000000D97E0000257E0000DDC20000AB
:10DCE000CFC20000FFFFFFFF00000050E401002052
:10DCF000000000000000000058D8000058D80000C4
:10DD000088D8000090D80000C0D80000C0D800001B
:10DD1000FDE2000000010000000000006937AC31A6
:10DD200068212233B40F14336821A2333863ED3EE7
:10DD3000DA0F493F5E987B3FDA0FC93F4B414420E1
:10DD40002563253032582058257520422575000955
:10DD5000636F6E76657273696F6E20726573756C32
:10DD600074206973206F7574206F662072616E670E
:10DD7000650A0072302F61313A2020307825303822
:10DD800078202072312F61323A20203078253038C7
:10DD900078202072322F61333A20203078253038B5
:10DDA000780A0072332F61343A20203078253038D9
:10DDB00078207231322F69703A202030782530383F
:10DDC00078207231342F6C723A2020307825303828
:10DDD000780A0020787073723A2020307825303825
:10DDE000780A004661756C74696E6720696E737499
:10DDF00072756374696F6E206164647265737320F9
:10DE0000287231352F7063293A20307825303878E0
:10DE10000A00556E68616E646C6564204952516EEB
:10DE20003A2025640A002A2A2A2A2A2055534147E3
:10DE300045204641554C54202A2A2A2A2A0A0020E5
:10DE4000204469766973696F6E206279207A657201
:10DE50006F0A002020556E616C69676E6564206DE5
:10DE6000656D6F7279206163636573730A002020AA
:10DE70004E6F20636F70726F636573736F7220698A
:10DE80006E737472756374696F6E730A0020204933
:10DE90006C6C6567616C206C6F6164206F662045F7
:10DEA00058435F52455455524E20696E746F20504E
:10DEB000430A002020496C6C6567616C20757365AE
:10DEC000206F662074686520455053520A00202058
:10DED000417474656D707420746F20657865637526
:10DEE000746520756E646566696E656420696E731D
:10DEF0007472756374696F6E0A002A2A2A2A2A20AE
:10DF0000425553204641554C54202A2A2A2A2A0A8F
:10DF1000002020537461636B696E67206572726FB5
:10DF2000720A002020556E737461636B696E6720FE
:10DF30006572726F720A00202050726563697365A2
:10DF4000206461746120627573206572726F720A59
:10DF50000020204246415220416464726573733A46
:10DF600020307825780A002020496D707265636939
:10DF70007365206461746120627573206572726FCD
:10DF8000720A002020496E737472756374696F6E33
:10DF900020627573206572726F720A002A2A2A2A1B
:10DFA0002A204D5055204641554C54202A2A2A2AD1
:10DFB0002A0A002020537461636B696E67206572C2
:10DFC000726F722028636F6E746578742061726559
:10DFD00061206D69676874206265206E6F742076B9
:10DFE000616C6964290A00202044617461204163E6
:10DFF000636573732056696F6C6174696F6E0A0094
:10E0000020204D4D46415220416464726573733A3D
:10E0100020307825780A002020496E737472756369
:10E0200074696F6E204163636573732056696F6C0A
:10E030006174696F6E0A005265736572766564205B
:10E04000457863657074696F6E202800537075722F
:10E05000696F757320696E746572727570742028AB
:10E060004952512000535053454C20696E2074682A
:10E0700072656164206D6F646520646F6573206EE6
:10E080006F7420696E646963617465205053500A2F
:10E09000002A2A2A2A2A2048415244204641554C27
:10E0A00054202A2A2A2A2A0A002020427573206630
:10E0B00061756C74206F6E20766563746F72207466
:10E0C00061626C6520726561640A002020446562AB
:10E0D0007567206576656E740A0020204661756C50
:10E0E0007420657363616C6174696F6E2028736559
:10E0F000652062656C6F77290A00415243485F458D
:10E100005843455054207769746820726561736F75
:10E110006E2025780A0A002A2A2A2A2A20446562C3
:10E120007567206D6F6E69746F72206578636570B6
:10E1300074696F6E202A2A2A2A2A0A002A2A2A2A81
:10E140002A20257320256429202A2A2A2A2A0A001F
:10E15000464C4153485F30005352414D5F300057A9
:10E160004553545F544F504449522F7A6570687933
:10E17000722F7375627379732F626C7565746F6F2C
:10E1800074682F686F73742F6863695F636F72655B
:10E190002E63006576745F666C61677320262028A5
:10E1A00031554C203C3C202830292900415353450F
:10E1B0005254494F4E204641494C205B25735D2007
:10E1C000402025733A25640A0062745F6863695FC2
:10E1D0006576745F6765745F666C616773286864F1
:10E1E000722D3E657674292026202831554C203C1E
:10E1F0003C202831292900657272203D3D203000E5
:10E2000009436F6E74726F6C6C657220756E726507
:10E2100073706F6E736976652C20636F6D6D616EC0
:10E2200064206F70636F6465203078253034782007
:10E2300074696D656F757420776974682065727292
:10E240002025640A0042542052582057510062751C
:10E250006600574553545F544F504449522F7A65D6
:10E26000706879722F7375627379732F626C75653C
:10E27000746F6F74682F686F73742F6863695F635E
:10E280006F6D6D6F6E2E63006164634034303030AB
:10E290003730303000636C6F636B40343030303077
:10E2A0003030300072616E646F6D403430303064F5
:10E2B000303030006770696F40353030303030308A
:10E2C000300074656D704034303030633030300071
:10E2D0006D61696E002A2A2A20426F6F74696E6729
:10E2E000205A6570687972204F53206275696C649A
:10E2F0002076342E342E32202A2A2A0A007379738B
:10E30000776F726B7100286E756C6C29002A666CD1
:10E310006F61742A00534969190102180003000053
:10E320000000000000FFFFFFFFFFFF0000000000F3
:10E3300000010400020000000200000000000000D4
:10E3400005000000000000000000000000000000C8
:10E35000050601050104010702030105020201038C
:10E360000205040101010201030104010601080183
:10E370000C0110011801200140018009000000007B
:08E38000010203040506070871
:10E388000000000000000000000000000000000085
:10E398000000000000000000000000000000000075
:10E3A8000000000000000000000000000000000065
:10E3B8000000000000000000000000000000000055
:10E3C8000000000000000000000000000000000045
:10E3D8000000000000000000000000000000000035
:10E3E8000000000000000000000000000000000025
:10E3F8000000000000000000000000000000000015
:10E408000000000000000000000000000000000004
:10E4180000000000000000000000000000000000F4
:10E4280000000000000000000000000000000000E4
:10E4380000000000000000000000000000000000D4
:10E448000000000000000000452C00000000000053
:10E4580000000000000000000000000000000000B4
:10E4680000000000000000000000000000000000A4
:10E478000000000000000000000000000000000094
:10E488000000000000000000000000000000000084
:10E498000000000000000000000000000000000074
:10E4A8000000000014D90000000000002C0100202A
:10E4B8002C01002000000000010000003C010020A9
:10E4C8003C010020000000000100000000000000E6
:10E4D8000000000000000000000000000000000034
:10E4E8000000000000000000000000000000000024
:10E4F8000000000000000000000000000000000014
:10E508000000000000000000000000000000000003
:10E5180000000000000000000000000000000000F3
:10E5280000000000000000000000000000000000E3
:10E5380000000000000000000000000000000000D3
:10E548000000000000000000FF1500003614002045
:10E558000101000058030020090000004B140020AE
:10E56800E7BA000000600040000000000000000062
:10E578000000000000000000000000000000000093
:10E588000000000000000000000000000000000083
:10E598000000000000000000000000000000000073
:10E5A8000000000000000000000000000000000063
:10E5B8000000000000000000000000000000000053
:10E5C8000000000000000000000000000000000043
:10E5D8000000000000000000A52C00000000000062
:10E5E80000000000000000001D26000000000000E0
:10E5F8000000000000000000980A00200000000051
:10E608007D53000000000000A00A00200000000068
:10E61800714C000000000000A80A00200000000063
:10E628002565000000000000B00A0020000000007E
:10E63800314C0000000000003811002000000000EC
:10E648007D6D000000000000801100200000000027
:10E658006D6200000000000094120020000000001D
:10E6680035400000000000008C120020000000006F
:10E678003540000000000000841200200000000067
:10E68800613C0000000000007C1200200000000037
:10E698003540000000000000741200200000000057
:10E6A800613C0000000000006C1200200000000027
:10E6B8003540000000000000F58000000000000068
:10E6C800000000000090D003FF000000900200004E
:09E6D8005003002050030020044F
:0FE6E1000000000000000000000000000000002A
:10E6F00000000000000000001DAB00000000000052
:10E7000000000000000000008003002080030020C3
:10E71000E1C2000000000000000000000000000056
:08E720000000000000000000F1
:10E728000000000000000000A8030020A80300204B
:10E738000300030000000000000000006CDB000084
:10E74800D43900200000000000000000CC030020A5
:10E75800CC030020010001000000000000000000C0
:10E76800C4DB0000803B0020000000000000000027
:10E77800F0030020F00300200A000A000400000053
:10E78800AD22000058DB00003038002000000000F7
:10E7980000000000140400201404002001000100FF
:10E7A800000000000000000080DB0000203B00208B
:04E7B80015E015E073
:0400000300001BB12D
:00000001FF
